<?xml version="1.0" encoding="UTF-8"?><OmniInterface><Encounter xmlns="http://www.ibi.com/2013/OP/Interface" version="1.2.2">  
  <OmniStatus>A</OmniStatus>  
  <OmniStatusReason>Active</OmniStatusReason>  
  <SourceName>TestSystem</SourceName>  
  <SourceInstanceId>Encounter:1427471192234</SourceInstanceId>  
  <SourceInstanceIdName>SID Name</SourceInstanceIdName>  
  <EncounterNumber>EncounterNumber</EncounterNumber>  
  <TypeCode sourceName="OMNI" sourceCodeSet="6000" sourceCode="VR"/>  
  <SubTypeCode sourceCodeSet="SubTypeCodes" sourceCode="telephone">Telephone Call</SubTypeCode>  
  <Description>EncounterDescription</Description>  
  <EpisodeOfCare> 
    <Episode> 
      <SourceName>TestSystem</SourceName>  
      <SourceInstanceId>EpisodeId</SourceInstanceId> 
    </Episode> 
  </EpisodeOfCare>  
  <ServiceLineId>ServiceLineId</ServiceLineId>  
  <ServiceLine> 
    <OrganizationalUnit> 
      <SourceName>TestSystem</SourceName>  
      <SourceInstanceId>ServiceLineId</SourceInstanceId> 
    </OrganizationalUnit> 
  </ServiceLine>  
  <Patient> 
    <Patient> 
      <SourceName>TestSystem</SourceName>  
      <SourceInstanceId>PatientId</SourceInstanceId> 
    </Patient> 
  </Patient>  
  <PatientClassCode sourceName="OMNI" sourceCodeSet="0004" sourceCode="B"/>  
  <PatientTypeCode sourceName="OMNI" sourceCodeSet="0018" sourceCode="CustomerCreated"/>  
  <PatientConditionCode sourceName="OMNI" sourceCodeSet="0434" sourceCode="S"/>  
  <EmploymentRelatedIndicator sourceName="OMNI" sourceCodeSet="0136" sourceCode="Y"/>  
  <HospitalServiceCode sourceName="OMNI" sourceCodeSet="0069" sourceCode="CAR"/>  
  <RecurringServiceCode sourceCodeSet="RecurringServiceCodes" sourceCode="custDef">Customer Defined</RecurringServiceCode>  
  <EncounterUserCode sourceName="OMNI" sourceCodeSet="0130" sourceCode="TE"/>  
  <SpecialProgramCode sourceName="OMNI" sourceCodeSet="0214" sourceCode="FP"/>  
  <AdmissionLevelOfCareCode sourceName="OMNI" sourceCodeSet="0432" sourceCode="AC"/>  
  <ArrivalDateTime format="yyyy-MM-dd hh:mm">2013-01-01 08:00</ArrivalDateTime>  
  <ModeOfArrivalCode sourceName="OMNI" sourceCodeSet="0430" sourceCode="F"/>  
  <DepartureDateTime format="yyyy-MM-dd hh:mm">2013-01-01 08:00</DepartureDateTime>  
  <LengthOfStay>1.0</LengthOfStay>  
  <Triage> 
    <TriageSeverityCode sourceName="OMNI" sourceCodeSet="0422" sourceCode="2"/>  
    <TriageStartDateTime format="yyyy-MM-dd hh:mm">2013-01-01 08:00</TriageStartDateTime>  
    <TriageEndDateTime format="yyyy-MM-dd hh:mm">2013-01-01 08:00</TriageEndDateTime> 
  </Triage>  
  <Classification> 
    <MajorDiagnosticCategoryCode sourceName="OMNI" sourceCodeSet="6005" sourceCode="01"/>  
    <DiagnosisRelatedGroupCode sourceName="OMNI" sourceCodeSet="6010" sourceCode="001"/>  
    <RiskOfMortalityCode sourceName="OMNI" sourceCodeSet="6015" sourceCode="1"/>  
    <SeverityOfIllnessCode sourceName="OMNI" sourceCodeSet="6016" sourceCode="2"/> 
  </Classification>  
  <PatientAccommodation> 
    <DietRestrictionCode sourceCodeSet="DietRestrictionCodes" sourceCode="veg">Vegetarian</DietRestrictionCode>  
    <CourtesyCode sourceName="OMNI" sourceCodeSet="0045" sourceCode="STF"/>  
    <PatientImportanceCode sourceName="OMNI" sourceCodeSet="0099" sourceCode="GOVT"/>  
    <AccommodationCode sourceName="OMNI" sourceCodeSet="0129" sourceCode="SP"/>  
    <PublicityCode sourceName="OMNI" sourceCodeSet="0215" sourceCode="F"/>  
    <PriorityCode sourceName="OMNI" sourceCodeSet="0217" sourceCode="1"/>  
    <PrecautionCode sourceName="OMNI" sourceCodeSet="0433" sourceCode="A"/>  
    <NotifyClergyCode sourceName="OMNI" sourceCodeSet="0534" sourceCode="L"/> 
  </PatientAccommodation>  
  <PatientInformation> 
    <Gender sourceCodeSet="GenderCodes" sourceCode="F">Female</Gender>  
    <Race sourceCodeSet="RaceCodes" sourceCode="WH">White</Race>  
    <Age>2.5</Age>  
    <AgeUnitsCode sourceName="OMNI" sourceCodeSet="0560" sourceCode="YY"/>  
    <AmbulatoryStatus sourceCodeSet="AmbulatoryStatusCodes" sourceCode="A5">Vision Impaired</AmbulatoryStatus>  
    <OrganDonor sourceName="OMNI" sourceCodeSet="0316" sourceCode="Y"/>  
    <LivingWill sourceCodeSet="LivingWill" sourceCode="I">No, Patient does not have a living will but information was provided.</LivingWill>  
    <LivingWillDate format="yyyy-MM-dd">2000-01-01</LivingWillDate>  
    <AdvanceDirectiveCode sourceName="OMNI" sourceCodeSet="0435" sourceCode="DNR"/>  
    <AdvanceDirectiveLastVerifiedDateTime format="yyyy-MM-dd hh:mm">2013-01-01 08:00</AdvanceDirectiveLastVerifiedDateTime> 
  </PatientInformation>  
  <Allergies> 
    <Allergy> 
      <OmniStatus>A</OmniStatus>  
      <OmniStatusReason>Active</OmniStatusReason>  
      <SourceName>TestSystem</SourceName>  
      <SourceInstanceId>Allergy:1427471192249</SourceInstanceId>  
      <SourceInstanceIdName>SID Name</SourceInstanceIdName>  
      <AllergenCode sourceCodeSet="AllergenCodes" sourceCode="treeNuts">Tree Nuts</AllergenCode>  
      <AllergenTypeCode sourceName="OMNI" sourceCodeSet="0127" sourceCode="FA"/>  
      <SeverityCode sourceName="OMNI" sourceCodeSet="0128" sourceCode="SV"/>  
      <AllergyReaction>AllergyReaction</AllergyReaction>  
      <AllergyNote>AllergyNote</AllergyNote>  
      <SourceStatusCode sourceName="TestSystem" codeSet="SourceStatusCodes">A</SourceStatusCode>  
      <SourceCreatedDate format="yyyy-MM-dd hh:mm:ss">2000-01-01 10:12:32</SourceCreatedDate>  
      <SourceCreatedBy>UnitTest</SourceCreatedBy>  
      <SourceModifiedDate format="yyyy-MM-dd hh:mm:ss">2000-10-01 11:12:32</SourceModifiedDate>  
      <SourceModifiedBy>UnitTest</SourceModifiedBy> 
    </Allergy> 
  </Allergies>  
  <Medications> 
    <MedicationDosage> 
      <OmniStatus>A</OmniStatus>  
      <OmniStatusReason>Active</OmniStatusReason>  
      <SourceName>TestSystem</SourceName>  
      <SourceInstanceId>MedicationDosage:1427471192253</SourceInstanceId>  
      <SourceInstanceIdName>SID Name</SourceInstanceIdName>  
      <MedicationCode sourceCodeSet="MedicationCodes" sourceCode="oxycodone">Oxycodone</MedicationCode>  
      <MedicationText>.05ML</MedicationText>  
      <MedicationFormCode sourceCodeSet="MedicationFormCode" sourceCode="capsule">Capsule</MedicationFormCode>  
      <Quantity>2.5</Quantity>  
      <UnitOfMeasureCode sourceName="OMNI" sourceCodeSet="6020" sourceCode="Tbs"/>  
      <Frequency>2.5</Frequency>  
      <UnitOfTimeCode sourceName="OMNI" sourceCodeSet="6025" sourceCode="d"/>  
      <MedicationDosageNote>MedicationDosageNote</MedicationDosageNote>  
      <SourceStatusCode sourceName="TestSystem" codeSet="SourceStatusCodes">A</SourceStatusCode>  
      <SourceCreatedDate format="yyyy-MM-dd hh:mm:ss">2000-01-01 10:12:32</SourceCreatedDate>  
      <SourceCreatedBy>UnitTest</SourceCreatedBy>  
      <SourceModifiedDate format="yyyy-MM-dd hh:mm:ss">2000-10-01 11:12:32</SourceModifiedDate>  
      <SourceModifiedBy>UnitTest</SourceModifiedBy> 
    </MedicationDosage> 
  </Medications>  
  <ChronicConditions> 
    <ChronicCondition> 
      <OmniStatus>A</OmniStatus>  
      <OmniStatusReason>Active</OmniStatusReason>  
      <SourceName>TestSystem</SourceName>  
      <SourceInstanceId>ChronicCondition:1427471192257</SourceInstanceId>  
      <SourceInstanceIdName>SID Name</SourceInstanceIdName>  
      <DiagnosisCode sourceName="OMNI" sourceCodeSet="ICD9" sourceCode="052.8"/>  
      <AssertionDate format="yyyy-MM-dd">2013-01-01</AssertionDate>  
      <ChronicConditionNote>ChronicConditionNote</ChronicConditionNote>  
      <SourceStatusCode sourceName="TestSystem" codeSet="SourceStatusCodes">A</SourceStatusCode>  
      <SourceCreatedDate format="yyyy-MM-dd hh:mm:ss">2000-01-01 10:12:32</SourceCreatedDate>  
      <SourceCreatedBy>UnitTest</SourceCreatedBy>  
      <SourceModifiedDate format="yyyy-MM-dd hh:mm:ss">2000-10-01 11:12:32</SourceModifiedDate>  
      <SourceModifiedBy>UnitTest</SourceModifiedBy> 
    </ChronicCondition> 
  </ChronicConditions>  
  <Symptoms> 
    <Symptom> 
      <OmniStatus>A</OmniStatus>  
      <OmniStatusReason>Active</OmniStatusReason>  
      <SourceName>TestSystem</SourceName>  
      <SourceInstanceId>Symptom:1427471192261</SourceInstanceId>  
      <SourceInstanceIdName>SID Name</SourceInstanceIdName>  
      <Sequence>1.0</Sequence>  
      <SymptomCode sourceCodeSet="SymptomCodes" sourceCode="fever">Fever</SymptomCode>  
      <ChiefComplaintIndicator sourceName="OMNI" sourceCodeSet="0136" sourceCode="Y"/>  
      <AssertionDateTime format="yyyy-MM-dd hh:mm">2013-01-01 08:00</AssertionDateTime>  
      <SymptomNote>SymptomNote</SymptomNote>  
      <SourceStatusCode sourceName="TestSystem" codeSet="SourceStatusCodes">A</SourceStatusCode>  
      <SourceCreatedDate format="yyyy-MM-dd hh:mm:ss">2000-01-01 10:12:32</SourceCreatedDate>  
      <SourceCreatedBy>UnitTest</SourceCreatedBy>  
      <SourceModifiedDate format="yyyy-MM-dd hh:mm:ss">2000-10-01 11:12:32</SourceModifiedDate>  
      <SourceModifiedBy>UnitTest</SourceModifiedBy> 
    </Symptom> 
  </Symptoms>  
  <Complications> 
    <Complication> 
      <OmniStatus>A</OmniStatus>  
      <OmniStatusReason>Active</OmniStatusReason>  
      <SourceName>TestSystem</SourceName>  
      <SourceInstanceId>Complication:1427471192264</SourceInstanceId>  
      <SourceInstanceIdName>SID Name</SourceInstanceIdName>  
      <Sequence>1.0</Sequence>  
      <ComplicationCode sourceName="OMNI" sourceCodeSet="ICD9" sourceCode="0528"/>  
      <ComplicationNote>ComplicationNote</ComplicationNote>  
      <SourceStatusCode sourceName="TestSystem" codeSet="SourceStatusCodes">A</SourceStatusCode>  
      <SourceCreatedDate format="yyyy-MM-dd hh:mm:ss">2000-01-01 10:12:32</SourceCreatedDate>  
      <SourceCreatedBy>UnitTest</SourceCreatedBy>  
      <SourceModifiedDate format="yyyy-MM-dd hh:mm:ss">2000-10-01 11:12:32</SourceModifiedDate>  
      <SourceModifiedBy>UnitTest</SourceModifiedBy> 
    </Complication> 
  </Complications>  
  <SubstancesUsed> 
    <SubstanceUsage> 
      <OmniStatus>A</OmniStatus>  
      <OmniStatusReason>Active</OmniStatusReason>  
      <SourceName>TestSystem</SourceName>  
      <SourceInstanceId>SubstanceUsage:1427471192268</SourceInstanceId>  
      <SourceInstanceIdName>SID Name</SourceInstanceIdName>  
      <SubstanceCode sourceName="OMNI" sourceCodeSet="0431" sourceCode="C"/>  
      <SubstanceTypeCode sourceName="OMNI" sourceCodeSet="6080" sourceCode="tobacco"/>  
      <SubstanceUsageCode sourceName="OMNI" sourceCodeSet="6085" sourceCode="heavy"/>  
      <SubstanceFormCode sourceName="OMNI" sourceCodeSet="6075" sourceCode="600"/>  
      <Quantity>1.0</Quantity>  
      <UnitOfMeasureCode sourceName="OMNI" sourceCodeSet="6020" sourceCode="Tbs"/>  
      <Frequency>5.0</Frequency>  
      <UnitOfTimeCode sourceName="OMNI" sourceCodeSet="6025" sourceCode="d"/>  
      <SubstanceStartDate format="yyyy-MM-dd">2000-01-01</SubstanceStartDate>  
      <SubstanceEndDate format="yyyy-MM-dd">2000-01-01</SubstanceEndDate>  
      <TreatmentProgramStartDate format="yyyy-MM-dd">2000-01-01</TreatmentProgramStartDate>  
      <TreatmentProgramEndDate format="yyyy-MM-dd">2000-01-01</TreatmentProgramEndDate>  
      <TreatmentProgramStatusCode sourceCodeSet="TreatmentProgramStatusCode" sourceCode="dropout">Dropped Out</TreatmentProgramStatusCode>  
      <FirstUseAge>16.0</FirstUseAge>  
      <FirstUseAgeUnitsCode sourceName="OMNI" sourceCodeSet="0560" sourceCode="YY"/>  
      <LastUseAge>16.0</LastUseAge>  
      <LastUseAgeUnitsCode sourceName="OMNI" sourceCodeSet="0560" sourceCode="YY"/>  
      <SubstanceUsageNote>SubstanceUsageNote</SubstanceUsageNote>  
      <SourceStatusCode sourceName="TestSystem" codeSet="SourceStatusCodes">A</SourceStatusCode>  
      <SourceCreatedDate format="yyyy-MM-dd hh:mm:ss">2000-01-01 10:12:32</SourceCreatedDate>  
      <SourceCreatedBy>UnitTest</SourceCreatedBy>  
      <SourceModifiedDate format="yyyy-MM-dd hh:mm:ss">2000-10-01 11:12:32</SourceModifiedDate>  
      <SourceModifiedBy>UnitTest</SourceModifiedBy> 
    </SubstanceUsage> 
  </SubstancesUsed>  
  <HealthPlanCoverages> 
    <EncounterHealthPlanCoverage> 
      <OmniStatus>A</OmniStatus>  
      <OmniStatusReason>Active</OmniStatusReason>  
      <SourceName>TestSystem</SourceName>  
      <SourceInstanceId>EncounterHealthPlanCoverage:1427471192273</SourceInstanceId>  
      <SourceInstanceIdName>SID Name</SourceInstanceIdName>  
      <InsuranceCoverageTypeCode sourceCodeSet="InsuranceCoverageTypeCodes" sourceCode="primary">Primary Insurance</InsuranceCoverageTypeCode>  
      <Sequence>1.0</Sequence>  
      <HealthPlanCoverageId>HealthPlanCoverageId</HealthPlanCoverageId>  
      <PatientHealthPlan> 
        <PatientHealthPlan> 
          <SourceName>TestSystem</SourceName>  
          <SourceInstanceId>PatientHealthPlanId</SourceInstanceId> 
        </PatientHealthPlan> 
      </PatientHealthPlan>  
      <SourceStatusCode sourceName="TestSystem" codeSet="SourceStatusCodes">A</SourceStatusCode>  
      <SourceCreatedDate format="yyyy-MM-dd hh:mm:ss">2000-01-01 10:12:32</SourceCreatedDate>  
      <SourceCreatedBy>UnitTest</SourceCreatedBy>  
      <SourceModifiedDate format="yyyy-MM-dd hh:mm:ss">2000-10-01 11:12:32</SourceModifiedDate>  
      <SourceModifiedBy>UnitTest</SourceModifiedBy> 
    </EncounterHealthPlanCoverage> 
  </HealthPlanCoverages>  
  <RelatedEncounters> 
    <RelatedEncounter> 
      <OmniStatus>A</OmniStatus>  
      <OmniStatusReason>Active</OmniStatusReason>  
      <SourceName>TestSystem</SourceName>  
      <SourceInstanceId>RelatedEncounter:1427471192277</SourceInstanceId>  
      <SourceInstanceIdName>SID Name</SourceInstanceIdName>  
      <TypeCode sourceCodeSet="TypeCodes" sourceCode="RelatedReason">Related Reason</TypeCode>  
      <OtherEncounter> 
        <Encounter> 
          <SourceName>TestSystem</SourceName>  
          <SourceInstanceId>EncounterId</SourceInstanceId> 
        </Encounter> 
      </OtherEncounter>  
      <SourceStatusCode sourceName="TestSystem" codeSet="SourceStatusCodes">A</SourceStatusCode>  
      <SourceCreatedDate format="yyyy-MM-dd hh:mm:ss">2000-01-01 10:12:32</SourceCreatedDate>  
      <SourceCreatedBy>UnitTest</SourceCreatedBy>  
      <SourceModifiedDate format="yyyy-MM-dd hh:mm:ss">2000-10-01 11:12:32</SourceModifiedDate>  
      <SourceModifiedBy>UnitTest</SourceModifiedBy> 
    </RelatedEncounter> 
  </RelatedEncounters>  
  <Consents> 
    <Consent> 
      <OmniStatus>A</OmniStatus>  
      <OmniStatusReason>Active</OmniStatusReason>  
      <SourceName>TestSystem</SourceName>  
      <SourceInstanceId>Consent:1427471192280</SourceInstanceId>  
      <SourceInstanceIdName>SID Name</SourceInstanceIdName>  
      <ConsentNumber>ConsentNumber</ConsentNumber>  
      <TypeCode sourceName="OMNI" sourceCodeSet="0496" sourceCode="2"/>  
      <FormVersion>FormVersion</FormVersion>  
      <ConsentText>ConsentText</ConsentText>  
      <SubjectSpecificConsent>SubjectSpecificConsentText</SubjectSpecificConsent>  
      <ConsentBackgroundInformation>ConsentBackgroundInformationText</ConsentBackgroundInformation>  
      <SubjectSpecificBackground>SubjectSpecificBackgroundText</SubjectSpecificBackground>  
      <ConsenterImposedLimitations>ConsenterImposedLimitationsText</ConsenterImposedLimitations>  
      <ModeCode sourceName="OMNI" sourceCodeSet="0497" sourceCode="W"/>  
      <StatusCode sourceName="OMNI" sourceCodeSet="0498" sourceCode="A"/>  
      <DiscussionDateTime format="yyyy-MM-dd hh:mm">2013-01-01 08:00</DiscussionDateTime>  
      <DecisionDateTime format="yyyy-MM-dd hh:mm">2013-01-01 08:00</DecisionDateTime>  
      <EffectiveDateTime format="yyyy-MM-dd hh:mm">2013-01-01 08:00</EffectiveDateTime>  
      <EndDateTime format="yyyy-MM-dd hh:mm">2013-01-01 08:00</EndDateTime>  
      <CompetenceIndicator sourceName="OMNI" sourceCodeSet="0136" sourceCode="Y"/>  
      <ConsenterRelationshipCode sourceName="OMNI" sourceCodeSet="0548" sourceCode="2"/>  
      <NonSubjectConsenterReasonCode sourceName="OMNI" sourceCodeSet="0502" sourceCode="MIN"/>  
      <NonSubjectConsenter> 
        <Person version="1.2.2"> 
          <OmniStatus>A</OmniStatus>  
          <OmniStatusReason>Active</OmniStatusReason>  
          <SourceName>TestSystem</SourceName>  
          <SourceInstanceId>Person:1427471192286</SourceInstanceId>  
          <SourceInstanceIdName>SID Name</SourceInstanceIdName>  
          <Publicity sourceCodeSet="PublicityCodes" sourceCode="N">No Publicity</Publicity>  
          <Protection sourceCodeSet="ProtectionCodes" sourceCode="UL">Unlisted</Protection>  
          <Gender sourceCodeSet="GenderCodes" sourceCode="F">Female</Gender>  
          <MaritalStatus sourceCodeSet="MaritalStatusCodes" sourceCode="D">Divorced</MaritalStatus>  
          <Language sourceCodeSet="LanguageCodes" sourceCode="E">English</Language>  
          <CareLanguage sourceCodeSet="LanguageCodes" sourceCode="S">Spanish</CareLanguage>  
          <WrittenLanguage sourceCodeSet="LanguageCodes" sourceCode="E">English</WrittenLanguage>  
          <EnglishFluency sourceCodeSet="YesNoCodes" sourceCode="Y">Yes</EnglishFluency>  
          <InterpreterRequired sourceCodeSet="YesNoCodes" sourceCode="Y">Yes</InterpreterRequired>  
          <Citizenship sourceCodeSet="CitizenshipCodes" sourceCode="USA">United States of America</Citizenship>  
          <EthnicGroup sourceCodeSet="EthincGroupCodes" sourceCode="H">Hispanic</EthnicGroup>  
          <Race sourceCodeSet="RaceCodes" sourceCode="WH">White</Race>  
          <Religion sourceCodeSet="ReligionCodes" sourceCode="AB">American Baptist</Religion>  
          <PlaceOfWorship>United Church of Christ, Sunnyvale</PlaceOfWorship>  
          <MotherMaidenName>Steele</MotherMaidenName>  
          <DateOfBirth format="yyyy-MM-dd">1965-02-21</DateOfBirth>  
          <Deceased sourceCodeSet="YesNoCodes" sourceCode="N">No</Deceased>  
          <DateOfDeath format="yyyy-MM-dd">2050-02-21</DateOfDeath>  
          <CauseOfDeath>Currently alive and well.</CauseOfDeath>  
          <Handicap sourceCodeSet="HandicapCodes" sourceCode="DV">Decreased Vision</Handicap>  
          <HearingImpaired sourceCodeSet="YesNoCodes" sourceCode="N">No</HearingImpaired>  
          <VisuallyImpaired sourceCodeSet="YesNoCodes" sourceCode="Y">Yes</VisuallyImpaired>  
          <Blind sourceCodeSet="YesNoCodes" sourceCode="N">No</Blind>  
          <Deaf sourceCodeSet="YesNoCodes" sourceCode="N">No</Deaf>  
          <AmbulatoryStatus sourceCodeSet="AmbulatoryStatusCodes" sourceCode="A5">Vision Impaired</AmbulatoryStatus>  
          <Military> 
            <VeteranStatus sourceCodeSet="VeteranStatusCodes" sourceCode="Reserves">Reserves</VeteranStatus>  
            <Branch sourceCodeSet="MilitaryBranchCodes" sourceCode="Army">United States Army</Branch>  
            <Category sourceCodeSet="MilitaryCategoryCodes" sourceCode="A14">A14</Category>  
            <Component sourceCodeSet="MilitaryComponentCodes" sourceCode="AR">Army Reserve</Component>  
            <PayGrade>E-7</PayGrade>  
            <Rank sourceName="OMNI" sourceCodeSet="0141" sourceCode="E7">Enlisted Level 7</Rank>  
            <UnitId>platoon</UnitId> 
          </Military>  
          <Names> 
            <PersonName> 
              <OmniStatus>A</OmniStatus>  
              <OmniStatusReason>Active</OmniStatusReason>  
              <SourceName>TestSystem</SourceName>  
              <SourceInstanceId>PersonName:1427471192294</SourceInstanceId>  
              <SourceInstanceIdName>SID Name</SourceInstanceIdName>  
              <Type sourceCodeSet="NameTypeCodes" sourceCode="L">Legal Name</Type>  
              <StartDate format="yyyy-MM-dd">1965-02-21</StartDate>  
              <EndDate format="yyyy-MM-dd">2050-01-01</EndDate>  
              <FullName>Jane E. Smith</FullName>  
              <Prefix>Ms</Prefix>  
              <FirstName>Jane</FirstName>  
              <LastName>Smith</LastName>  
              <MiddleName>E</MiddleName>  
              <Suffix>III</Suffix>  
              <Degree>Dr</Degree>  
              <Title>Senior Specialist</Title>  
              <ExtendedAttributes> 
                <ExtendedAttribute> 
                  <SourceName>TestSystem</SourceName>  
                  <SourceInstanceId>ExtendedAttribute:1427471192296</SourceInstanceId>  
                  <Name>SampleExtendedAttribute</Name>  
                  <Type>string</Type>  
                  <Format/>  
                  <Value>Sample Value</Value>  
                  <SourceCreatedDate format="yyyy-MM-dd hh:mm:ss">2000-01-01 10:12:32</SourceCreatedDate>  
                  <SourceCreatedBy>SourceCreatedBy</SourceCreatedBy>  
                  <SourceModifiedDate format="yyyy-MM-dd">2013-01-01</SourceModifiedDate>  
                  <SourceModifiedBy>SourceModifiedBy</SourceModifiedBy> 
                </ExtendedAttribute> 
              </ExtendedAttributes>  
              <SourceStatusCode sourceName="TestSystem" codeSet="SourceStatusCodes">A</SourceStatusCode>  
              <SourceCreatedDate format="yyyy-MM-dd hh:mm:ss">2000-01-01 10:12:32</SourceCreatedDate>  
              <SourceCreatedBy>UnitTest</SourceCreatedBy>  
              <SourceModifiedDate format="yyyy-MM-dd hh:mm:ss">2000-10-01 11:12:32</SourceModifiedDate>  
              <SourceModifiedBy>UnitTest</SourceModifiedBy> 
            </PersonName> 
          </Names>  
          <Addresses> 
            <PersonAddress> 
              <OmniStatus>A</OmniStatus>  
              <OmniStatusReason>Active</OmniStatusReason>  
              <SourceName>TestSystem</SourceName>  
              <SourceInstanceId>PersonAddress:1427471192300</SourceInstanceId>  
              <SourceInstanceIdName>SID Name</SourceInstanceIdName>  
              <Type sourceCodeSet="AddressTypeCodes" sourceCode="H">Home Address</Type>  
              <StartDate format="yyyy-MM-dd">2000-01-01</StartDate>  
              <EndDate format="yyyy-MM-dd">2000-01-01</EndDate>  
              <PreferenceOrder>1</PreferenceOrder>  
              <AddressLine1>4000 East Ave</AddressLine1>  
              <AddressLine2>Suite 555</AddressLine2>  
              <AddressLine3>ATTN: Jane Smith</AddressLine3>  
              <AddressLine4>Fragile</AddressLine4>  
              <City>Livonia</City>  
              <StateProvince sourceCodeSet="StateCodes" sourceCode="NY">New York</StateProvince>  
              <PostalCode>14488</PostalCode>  
              <Country sourceCodeSet="CountryCodes" sourceCode="USA">United States</Country>  
              <CountyRegion sourceCodeSet="CountyRegionCodes" sourceCode="LIV">Livingston</CountyRegion>  
              <UsageComment>Do not ring bell</UsageComment>  
              <ExtendedAttributes> 
                <ExtendedAttribute> 
                  <SourceName>TestSystem</SourceName>  
                  <SourceInstanceId>ExtendedAttribute:1427471192304</SourceInstanceId>  
                  <Name>SampleExtendedAttribute</Name>  
                  <Type>string</Type>  
                  <Format/>  
                  <Value>Sample Value</Value>  
                  <SourceCreatedDate format="yyyy-MM-dd hh:mm:ss">2000-01-01 10:12:32</SourceCreatedDate>  
                  <SourceCreatedBy>SourceCreatedBy</SourceCreatedBy>  
                  <SourceModifiedDate format="yyyy-MM-dd">2013-01-01</SourceModifiedDate>  
                  <SourceModifiedBy>SourceModifiedBy</SourceModifiedBy> 
                </ExtendedAttribute> 
              </ExtendedAttributes>  
              <SourceStatusCode sourceName="TestSystem" codeSet="SourceStatusCodes">A</SourceStatusCode>  
              <SourceCreatedDate format="yyyy-MM-dd hh:mm:ss">2000-01-01 10:12:32</SourceCreatedDate>  
              <SourceCreatedBy>UnitTest</SourceCreatedBy>  
              <SourceModifiedDate format="yyyy-MM-dd hh:mm:ss">2000-10-01 11:12:32</SourceModifiedDate>  
              <SourceModifiedBy>UnitTest</SourceModifiedBy> 
            </PersonAddress> 
          </Addresses>  
          <Identifiers> 
            <PersonIdentifier> 
              <OmniStatus>A</OmniStatus>  
              <OmniStatusReason>Active</OmniStatusReason>  
              <SourceName>TestSystem</SourceName>  
              <SourceInstanceId>PersonIdentifier:1427471192307</SourceInstanceId>  
              <SourceInstanceIdName>SID Name</SourceInstanceIdName>  
              <Type sourceCodeSet="IdentifierCodes" sourceCode="MRN">Medical Record Number</Type>  
              <StartDate format="yyyy-MM-dd">2000-01-01</StartDate>  
              <EndDate format="yyyy-MM-dd">2000-01-01</EndDate>  
              <Value>12345678</Value>  
              <IssuingAuthority> 
                <Organization> 
                  <SourceName>TestSystem</SourceName>  
                  <SourceInstanceId>HospitalA</SourceInstanceId>  
                  <OrganizationType sourceCodeSet="organizationTypeCodes" sourceCode="H">Hospital</OrganizationType> 
                </Organization> 
              </IssuingAuthority>  
              <Comment>Comment about identifier.</Comment>  
              <ExtendedAttributes> 
                <ExtendedAttribute> 
                  <SourceName>TestSystem</SourceName>  
                  <SourceInstanceId>ExtendedAttribute:1427471192311</SourceInstanceId>  
                  <Name>SampleExtendedAttribute</Name>  
                  <Type>string</Type>  
                  <Format/>  
                  <Value>Sample Value</Value>  
                  <SourceCreatedDate format="yyyy-MM-dd hh:mm:ss">2000-01-01 10:12:32</SourceCreatedDate>  
                  <SourceCreatedBy>SourceCreatedBy</SourceCreatedBy>  
                  <SourceModifiedDate format="yyyy-MM-dd">2013-01-01</SourceModifiedDate>  
                  <SourceModifiedBy>SourceModifiedBy</SourceModifiedBy> 
                </ExtendedAttribute> 
              </ExtendedAttributes>  
              <SourceStatusCode sourceName="TestSystem" codeSet="SourceStatusCodes">A</SourceStatusCode>  
              <SourceCreatedDate format="yyyy-MM-dd hh:mm:ss">2000-01-01 10:12:32</SourceCreatedDate>  
              <SourceCreatedBy>UnitTest</SourceCreatedBy>  
              <SourceModifiedDate format="yyyy-MM-dd hh:mm:ss">2000-10-01 11:12:32</SourceModifiedDate>  
              <SourceModifiedBy>UnitTest</SourceModifiedBy> 
            </PersonIdentifier> 
          </Identifiers>  
          <ContactMethods> 
            <PersonContactMethod> 
              <OmniStatus>A</OmniStatus>  
              <OmniStatusReason>Active</OmniStatusReason>  
              <SourceName>TestSystem</SourceName>  
              <SourceInstanceId>PersonContactMethod:1427471192315</SourceInstanceId>  
              <SourceInstanceIdName>SID Name</SourceInstanceIdName>  
              <Type sourceName="OMNI" sourceCodeSet="0185" sourceCode="H">Home Phone Number</Type>  
              <StartDate format="yyyy-MM-dd">2000-01-01</StartDate>  
              <EndDate format="yyyy-MM-dd">2050-01-01</EndDate>  
              <PreferenceOrder>1</PreferenceOrder>  
              <Protection sourceCodeSet="ProtectionCodes" sourceCode="UP">Unpublished</Protection>  
              <Value>(222) 234-6879 x9808</Value>  
              <UsageComment>No calls after 5pm</UsageComment>  
              <ExtendedAttributes> 
                <ExtendedAttribute> 
                  <SourceName>TestSystem</SourceName>  
                  <SourceInstanceId>ExtendedAttribute:1427471192318</SourceInstanceId>  
                  <Name>SampleExtendedAttribute</Name>  
                  <Type>string</Type>  
                  <Format/>  
                  <Value>Sample Value</Value>  
                  <SourceCreatedDate format="yyyy-MM-dd hh:mm:ss">2000-01-01 10:12:32</SourceCreatedDate>  
                  <SourceCreatedBy>SourceCreatedBy</SourceCreatedBy>  
                  <SourceModifiedDate format="yyyy-MM-dd">2013-01-01</SourceModifiedDate>  
                  <SourceModifiedBy>SourceModifiedBy</SourceModifiedBy> 
                </ExtendedAttribute> 
              </ExtendedAttributes>  
              <SourceStatusCode sourceName="TestSystem" codeSet="SourceStatusCodes">A</SourceStatusCode>  
              <SourceCreatedDate format="yyyy-MM-dd hh:mm:ss">2000-01-01 10:12:32</SourceCreatedDate>  
              <SourceCreatedBy>UnitTest</SourceCreatedBy>  
              <SourceModifiedDate format="yyyy-MM-dd hh:mm:ss">2000-10-01 11:12:32</SourceModifiedDate>  
              <SourceModifiedBy>UnitTest</SourceModifiedBy> 
            </PersonContactMethod> 
          </ContactMethods>  
          <Relations> 
            <PersonRelation> 
              <OmniStatus>A</OmniStatus>  
              <OmniStatusReason>Active</OmniStatusReason>  
              <SourceName>TestSystem</SourceName>  
              <SourceInstanceId>PersonRelation:1427471192321</SourceInstanceId>  
              <SourceInstanceIdName>SID Name</SourceInstanceIdName>  
              <Type sourceCodeSet="PersonRelationCodes" sourceCode="SPO">Spouse</Type>  
              <StartDate format="yyyy-MM-dd">2000-01-01</StartDate>  
              <EndDate format="yyyy-MM-dd">2000-01-01</EndDate>  
              <Relation> 
                <Person> 
                  <SourceName>UnitTest</SourceName>  
                  <SourceInstanceId>RelatedSpouse</SourceInstanceId> 
                </Person> 
              </Relation>  
              <ExtendedAttributes> 
                <ExtendedAttribute> 
                  <SourceName>TestSystem</SourceName>  
                  <SourceInstanceId>ExtendedAttribute:1427471192325</SourceInstanceId>  
                  <Name>SampleExtendedAttribute</Name>  
                  <Type>string</Type>  
                  <Format/>  
                  <Value>Sample Value</Value>  
                  <SourceCreatedDate format="yyyy-MM-dd hh:mm:ss">2000-01-01 10:12:32</SourceCreatedDate>  
                  <SourceCreatedBy>SourceCreatedBy</SourceCreatedBy>  
                  <SourceModifiedDate format="yyyy-MM-dd">2013-01-01</SourceModifiedDate>  
                  <SourceModifiedBy>SourceModifiedBy</SourceModifiedBy> 
                </ExtendedAttribute> 
              </ExtendedAttributes>  
              <SourceStatusCode sourceName="TestSystem" codeSet="SourceStatusCodes">A</SourceStatusCode>  
              <SourceCreatedDate format="yyyy-MM-dd hh:mm:ss">2000-01-01 10:12:32</SourceCreatedDate>  
              <SourceCreatedBy>UnitTest</SourceCreatedBy>  
              <SourceModifiedDate format="yyyy-MM-dd hh:mm:ss">2000-10-01 11:12:32</SourceModifiedDate>  
              <SourceModifiedBy>UnitTest</SourceModifiedBy> 
            </PersonRelation> 
          </Relations>  
          <ExtendedAttributes> 
            <ExtendedAttribute> 
              <SourceName>TestSystem</SourceName>  
              <SourceInstanceId>ExtendedAttribute:1427471192328</SourceInstanceId>  
              <Name>SampleExtendedAttribute</Name>  
              <Type>string</Type>  
              <Format/>  
              <Value>Sample Value</Value>  
              <SourceCreatedDate format="yyyy-MM-dd hh:mm:ss">2000-01-01 10:12:32</SourceCreatedDate>  
              <SourceCreatedBy>SourceCreatedBy</SourceCreatedBy>  
              <SourceModifiedDate format="yyyy-MM-dd">2013-01-01</SourceModifiedDate>  
              <SourceModifiedBy>SourceModifiedBy</SourceModifiedBy> 
            </ExtendedAttribute> 
          </ExtendedAttributes>  
          <SourceStatusCode sourceName="TestSystem" codeSet="SourceStatusCodes">A</SourceStatusCode>  
          <SourceCreatedDate format="yyyy-MM-dd hh:mm:ss">2000-01-01 10:12:32</SourceCreatedDate>  
          <SourceCreatedBy>UnitTest</SourceCreatedBy>  
          <SourceModifiedDate format="yyyy-MM-dd hh:mm:ss">2000-10-01 11:12:32</SourceModifiedDate>  
          <SourceModifiedBy>UnitTest</SourceModifiedBy> 
        </Person> 
      </NonSubjectConsenter>  
      <TranslatorAssistIndicator sourceName="OMNI" sourceCodeSet="0136" sourceCode="Y"/>  
      <TranslatedToLanguageCode sourceName="OMNI" sourceCodeSet="0296" sourceCode="eng"/>  
      <InformationalMaterialSuppliedIndicator sourceName="OMNI" sourceCodeSet="0136" sourceCode="Y"/>  
      <ConsentBypassReasonCode sourceName="OMNI" sourceCodeSet="0499" sourceCode="E"/>  
      <ConsentDisclosureCode sourceName="OMNI" sourceCodeSet="0500" sourceCode="F"/>  
      <ConsentNonDisclosureCode sourceName="OMNI" sourceCodeSet="0501" sourceCode="E"/>  
      <SourceStatusCode sourceName="TestSystem" codeSet="SourceStatusCodes">A</SourceStatusCode>  
      <SourceCreatedDate format="yyyy-MM-dd hh:mm:ss">2000-01-01 10:12:32</SourceCreatedDate>  
      <SourceCreatedBy>UnitTest</SourceCreatedBy>  
      <SourceModifiedDate format="yyyy-MM-dd hh:mm:ss">2000-10-01 11:12:32</SourceModifiedDate>  
      <SourceModifiedBy>UnitTest</SourceModifiedBy> 
    </Consent> 
  </Consents>  
  <ExtendedAttributes> 
    <ExtendedAttribute> 
      <SourceName>TestSystem</SourceName>  
      <SourceInstanceId>ExtendedAttribute:1427471192493</SourceInstanceId>  
      <Name>SampleExtendedAttribute</Name>  
      <Type>string</Type>  
      <Format/>  
      <Value>Sample Value</Value>  
      <SourceCreatedDate format="yyyy-MM-dd hh:mm:ss">2000-01-01 10:12:32</SourceCreatedDate>  
      <SourceCreatedBy>SourceCreatedBy</SourceCreatedBy>  
      <SourceModifiedDate format="yyyy-MM-dd">2013-01-01</SourceModifiedDate>  
      <SourceModifiedBy>SourceModifiedBy</SourceModifiedBy> 
    </ExtendedAttribute> 
  </ExtendedAttributes>  
  <SourceStatusCode sourceName="TestSystem" codeSet="SourceStatusCodes">A</SourceStatusCode>  
  <SourceCreatedDate format="yyyy-MM-dd hh:mm:ss">2000-01-01 10:12:32</SourceCreatedDate>  
  <SourceCreatedBy>UnitTest</SourceCreatedBy>  
  <SourceModifiedDate format="yyyy-MM-dd hh:mm:ss">2000-10-01 11:12:32</SourceModifiedDate>  
  <SourceModifiedBy>UnitTest</SourceModifiedBy> 
</Encounter></OmniInterface>