<?xml version="1.0" encoding="UTF-8"?><OmniInterface><ProviderMaster xmlns="http://www.ibi.com/2013/OP/Interface" version="1.1.8">  
  <MasterId>MasterId</MasterId>  
  <MasterStatus>A</MasterStatus>  
  <MasterStatusReason/>  
  <MasterStatusCode omniSourceName="Mastering" omniCodeSet="MasterStatusCodes" omniCode="A">Active</MasterStatusCode>  
  <LastSourceModifiedDate format="yyyy-MM-dd">2000-01-01</LastSourceModifiedDate>  
  <Type omniSourceName="OMNI" omniCodeSet="0182" omniCode="C">Cardiologist</Type>  
  <ActiveFlag omniSourceName="OMNI" omniCodeSet="0183" omniCode="I">Inactive</ActiveFlag>  
  <InactiveReason omniSourceName="OMNI" omniCodeSet="0540" omniCode="L">Leave of Absence</InactiveReason>  
  <ExpectedReturnDate format="yyyy-MM-dd">2013-12-31</ExpectedReturnDate>  
  <PractitionerCategory omniSourceName="OMNI" omniCodeSet="0186" omniCode="RESIDENT">Resident</PractitionerCategory>  
  <PhotoURL>http://hospital.com/photo/234567</PhotoURL>  
  <Person> 
    <PersonMaster version="1.1.8"> 
      <MasterChildId>MasterChildId</MasterChildId>  
      <MasterStatus>A</MasterStatus>  
      <MasterStatusReason/>  
      <MasterStatusCode omniSourceName="Mastering" omniCodeSet="MasterStatusCodes" omniCode="A">Active</MasterStatusCode>  
      <Publicity omniSourceName="OMNI" omniCodeSet="0215" omniCode="N">No Publicity</Publicity>  
      <Protection omniSourceName="OMNI" omniCodeSet="0618" omniCode="UL">Unlisted</Protection>  
      <Gender omniSourceName="OMNI" omniCodeSet="0001" omniCode="F">Female</Gender>  
      <MaritalStatus omniSourceName="OMNI" omniCodeSet="0002" omniCode="D">Divorced</MaritalStatus>  
      <Language omniSourceName="OMNI" omniCodeSet="0296" omniCode="ENG">English</Language>  
      <CareLanguage omniSourceName="OMNI" omniCodeSet="0296" omniCode="S">Spanish</CareLanguage>  
      <WrittenLanguage omniSourceName="OMNI" omniCodeSet="0296" omniCode="E">English</WrittenLanguage>  
      <EnglishFluency omniSourceName="OMNI" omniCodeSet="0136" omniCode="Y">Yes</EnglishFluency>  
      <InterpreterRequired omniSourceName="OMNI" omniCodeSet="0136" omniCode="Y">Yes</InterpreterRequired>  
      <Citizenship omniSourceName="OMNI" omniCodeSet="0399" omniCode="USA">United States of America</Citizenship>  
      <EthnicGroup omniSourceName="OMNI" omniCodeSet="0189" omniCode="H">Hispanic</EthnicGroup>  
      <Race omniSourceName="OMNI" omniCodeSet="0005" omniCode="WH">White</Race>  
      <Religion omniSourceName="OMNI" omniCodeSet="0006" omniCode="AB">American Baptist</Religion>  
      <PlaceOfWorship>United Church of Christ, Sunnyvale</PlaceOfWorship>  
      <MotherMaidenName>Steele</MotherMaidenName>  
      <DateOfBirth format="yyyy-MM-dd">1965-02-21</DateOfBirth>  
      <Deceased omniSourceName="OMNI" omniCodeSet="YesNoCodes" omniCode="N">No</Deceased>  
      <DateOfDeath format="yyyy-MM-dd">2050-02-21</DateOfDeath>  
      <CauseOfDeath>Currently alive and well.</CauseOfDeath>  
      <Handicap omniSourceName="OMNI" omniCodeSet="0295" omniCode="DV">Decreased Vision</Handicap>  
      <HearingImpaired omniSourceName="OMNI" omniCodeSet="0136" omniCode="N">No</HearingImpaired>  
      <VisuallyImpaired omniSourceName="OMNI" omniCodeSet="0136" omniCode="Y">Yes</VisuallyImpaired>  
      <Blind omniSourceName="OMNI" omniCodeSet="0136" omniCode="N">No</Blind>  
      <Deaf omniSourceName="OMNI" omniCodeSet="0136" omniCode="N">No</Deaf>  
      <AmbulatoryStatus omniSourceName="OMNI" omniCodeSet="0009" omniCode="A5">Vision Impaired</AmbulatoryStatus>  
      <Military> 
        <VeteranStatus omniSourceName="OMNI" omniCodeSet="0172" omniCode="Reserves">Reserves</VeteranStatus>  
        <Branch omniSourceName="OMNI" omniCodeSet="0140" omniCode="Army">United States Army</Branch>  
        <Category omniSourceName="OMNI" omniCodeSet="????" omniCode="A14">A14</Category>  
        <Component omniSourceName="OMNI" omniCodeSet="????" omniCode="AR">Army Reserve</Component>  
        <PayGrade>E-7</PayGrade>  
        <Rank omniSourceName="OMNI" omniCodeSet="0141" omniCode="E7">Enlisted Level 7</Rank>  
        <UnitId>platoon</UnitId> 
      </Military>  
      <Names> 
        <PersonNameMaster> 
          <MasterChildId>MasterChildId</MasterChildId>  
          <MasterStatus>A</MasterStatus>  
          <MasterStatusReason/>  
          <MasterStatusCode omniSourceName="Mastering" omniCodeSet="MasterStatusCodes" omniCode="A">Active</MasterStatusCode>  
          <Type omniSourceName="OMNI" omniCodeSet="0200" omniCode="L">Legal Name</Type>  
          <StartDate format="yyyy-MM-dd">1965-02-21</StartDate>  
          <EndDate format="yyyy-MM-dd">2050-01-01</EndDate>  
          <FullName>Jane E. Smith</FullName>  
          <Prefix>Ms</Prefix>  
          <FirstName>Jane</FirstName>  
          <LastName>Smith</LastName>  
          <MiddleName>E</MiddleName>  
          <Suffix>III</Suffix>  
          <Degree>Dr</Degree>  
          <Title>Senior Specialist</Title> 
        </PersonNameMaster> 
      </Names>  
      <Addresses> 
        <PersonAddressMaster> 
          <MasterChildId>MasterChildId</MasterChildId>  
          <MasterStatus>A</MasterStatus>  
          <MasterStatusReason/>  
          <MasterStatusCode omniSourceName="Mastering" omniCodeSet="MasterStatusCodes" omniCode="A">Active</MasterStatusCode>  
          <Type omniSourceName="OMNI" omniCodeSet="0190" omniCode="H">Home Address</Type>  
          <StartDate format="yyyy-MM-dd">2000-01-01</StartDate>  
          <EndDate format="yyyy-MM-dd">2000-01-01</EndDate>  
          <PreferenceOrder>1</PreferenceOrder>  
          <AddressLine1>4000 East Ave</AddressLine1>  
          <AddressLine2>Suite 555</AddressLine2>  
          <AddressLine3>ATTN: Jane Smith</AddressLine3>  
          <AddressLine4>Fragile</AddressLine4>  
          <City>Livonia</City>  
          <StateProvince omniSourceName="OMNI" omniCodeSet="0347" omniCode="NY">New York</StateProvince>  
          <PostalCode>14488</PostalCode>  
          <Country omniSourceName="OMNI" omniCodeSet="0399" omniCode="USA">United States</Country>  
          <CountyRegion omniSourceName="OMNI" omniCodeSet="0289" omniCode="LIV">Livingston</CountyRegion>  
          <UsageComment>Do not ring bell</UsageComment> 
        </PersonAddressMaster> 
      </Addresses>  
      <Identifiers> 
        <PersonIdentifierMaster> 
          <MasterChildId>MasterChildId</MasterChildId>  
          <MasterStatus>A</MasterStatus>  
          <MasterStatusReason/>  
          <MasterStatusCode omniSourceName="Mastering" omniCodeSet="MasterStatusCodes" omniCode="A">Active</MasterStatusCode>  
          <Type omniSourceName="OMNI" omniCodeSet="0203" omniCode="MRN">Medical Record Number</Type>  
          <StartDate format="yyyy-MM-dd">2000-01-01</StartDate>  
          <EndDate format="yyyy-MM-dd">2000-01-01</EndDate>  
          <Value>12345678</Value>  
          <IssuingAuthority> 
            <OrganizationMaster> 
              <MasterChildId>IssuingAuthorityMasterId</MasterChildId> 
            </OrganizationMaster> 
          </IssuingAuthority>  
          <Comment>Comment about identifier.</Comment> 
        </PersonIdentifierMaster> 
      </Identifiers>  
      <ContactMethods> 
        <PersonContactMethodMaster> 
          <MasterChildId>MasterChildId</MasterChildId>  
          <MasterStatus>A</MasterStatus>  
          <MasterStatusReason/>  
          <MasterStatusCode omniSourceName="Mastering" omniCodeSet="MasterStatusCodes" omniCode="A">Active</MasterStatusCode>  
          <Type omniSourceName="OMNI" omniCodeSet="0185" omniCode="H">Home Phone Number</Type>  
          <StartDate format="yyyy-MM-dd">2000-01-01</StartDate>  
          <EndDate format="yyyy-MM-dd">2050-01-01</EndDate>  
          <PreferenceOrder>1</PreferenceOrder>  
          <Protection omniSourceName="OMNI" omniCodeSet="0618" omniCode="UP">Unpublished</Protection>  
          <Value>(222) 234-6879 x9808</Value>  
          <UsageComment>No calls after 5pm</UsageComment> 
        </PersonContactMethodMaster> 
      </ContactMethods>  
      <Relations> 
        <PersonRelationMaster> 
          <MasterChildId>MasterChildId</MasterChildId>  
          <MasterStatus>A</MasterStatus>  
          <MasterStatusReason/>  
          <MasterStatusCode omniSourceName="Mastering" omniCodeSet="MasterStatusCodes" omniCode="A">Active</MasterStatusCode>  
          <Type omniSourceName="OMNI" omniCodeSet="0063" omniCode="SPO">Spouse</Type>  
          <StartDate format="yyyy-MM-dd">2000-01-01</StartDate>  
          <EndDate format="yyyy-MM-dd">2000-01-01</EndDate>  
          <Relation> 
            <PersonMaster> 
              <MasterChildId>RelatedSpouseMasterId</MasterChildId> 
            </PersonMaster> 
          </Relation> 
        </PersonRelationMaster> 
      </Relations> 
    </PersonMaster> 
  </Person>  
  <Educations> 
    <ProviderEducationMaster> 
      <MasterChildId>MasterChildId</MasterChildId>  
      <MasterStatus>A</MasterStatus>  
      <MasterStatusReason/>  
      <MasterStatusCode omniSourceName="Mastering" omniCodeSet="MasterStatusCodes" omniCode="A">Active</MasterStatusCode>  
      <Type omniSourceName="OMNI" omniCodeSet="0402" omniCode="G">Graduate</Type>  
      <DegreeGranted omniSourceName="OMNI" omniCodeSet="0360" omniCode="PA">Physician Assistant</DegreeGranted>  
      <DegreeGrantedDate format="yyyy-MM-dd">2000-01-01</DegreeGrantedDate>  
      <DegreeStartDate format="yyyy-MM-dd">1995-01-01</DegreeStartDate>  
      <DegreeEndDate format="yyyy-MM-dd">2000-01-01</DegreeEndDate>  
      <InstitutionName>Clarkson University</InstitutionName>  
      <Specialization omniSourceName="OMNI" omniCodeSet="0454" omniCode="C">Cardiology</Specialization>  
      <Fee>120000</Fee>  
      <ClassRank>35th of 365</ClassRank>  
      <ClassCount>500</ClassCount>  
      <ClassPercentile>25</ClassPercentile> 
    </ProviderEducationMaster> 
  </Educations>  
  <Insurances> 
    <ProviderInsuranceMaster> 
      <MasterChildId>MasterChildId</MasterChildId>  
      <MasterStatus>A</MasterStatus>  
      <MasterStatusReason/>  
      <MasterStatusCode omniSourceName="Mastering" omniCodeSet="MasterStatusCodes" omniCode="A">Active</MasterStatusCode>  
      <InsuranceType omniSourceName="OMNI" omniCodeSet="0000" omniCode="Medical">Medical Insurance</InsuranceType>  
      <InsuranceClass omniSourceName="OMNI" omniCodeSet="0000" omniCode="Liability">Liability Insurance</InsuranceClass>  
      <CoverageStartDate format="yyyy-MM-dd">2000-01-01</CoverageStartDate>  
      <CoverageEndDate format="yyyy-MM-dd">2010-01-01</CoverageEndDate>  
      <RetroactiveDate format="yyyy-MM-dd">1999-01-01</RetroactiveDate>  
      <PolicyNumber>124-FGHT-9087654</PolicyNumber>  
      <PrimaryLimit>500000.00</PrimaryLimit>  
      <PrimaryLimitPerClaim>50000.00</PrimaryLimitPerClaim>  
      <ExcessLimit>10000000.00</ExcessLimit>  
      <ExcessLimitPerClaim>100000.00</ExcessLimitPerClaim>  
      <AgentName>Joe Insurance</AgentName>  
      <CarrierName>State Farm Insurance</CarrierName> 
    </ProviderInsuranceMaster> 
  </Insurances>  
  <Languages> 
    <ProviderLanguageMaster> 
      <MasterChildId>MasterChildId</MasterChildId>  
      <MasterStatus>A</MasterStatus>  
      <MasterStatusReason/>  
      <MasterStatusCode omniSourceName="Mastering" omniCodeSet="MasterStatusCodes" omniCode="A">Active</MasterStatusCode>  
      <Language omniSourceName="OMNI" omniCodeSet="0296" omniCode="ENG">English</Language>  
      <Ability omniSourceName="OMNI" omniCodeSet="0403" omniCode="R">Read</Ability>  
      <Proficiency omniSourceName="OMNI" omniCodeSet="0404" omniCode="02">Good</Proficiency>  
      <InterpreterPrivileges> 
        <ProviderInterpreterPrivilegeMaster> 
          <MasterChildId>ProviderInterpreterPrivilegeMaster:MasterChildId</MasterChildId>  
          <MasterStatus>A</MasterStatus>  
          <MasterStatusReason/>  
          <MasterStatusCode omniSourceName="Mastering" omniCodeSet="MasterStatusCodes" omniCode="A">Active</MasterStatusCode>  
          <Location> 
            <FacilityMaster> 
              <MasterId>FacilityMaster:FacilityMasterId1</MasterId> 
            </FacilityMaster> 
          </Location> 
        </ProviderInterpreterPrivilegeMaster> 
      </InterpreterPrivileges> 
    </ProviderLanguageMaster> 
  </Languages>  
  <Specialities> 
    <ProviderSpecialityMaster> 
      <MasterChildId>MasterChildId</MasterChildId>  
      <MasterStatus>A</MasterStatus>  
      <MasterStatusReason/>  
      <MasterStatusCode omniSourceName="Mastering" omniCodeSet="MasterStatusCodes" omniCode="A">Active</MasterStatusCode>  
      <SpecialityType omniSourceName="OMNI" omniCodeSet="0454" omniCode="Cardiology">Cardiology</SpecialityType>  
      <SpecialityClassification omniSourceName="OMNI" omniCodeSet="0453" omniCode="XXX"/>  
      <StartDate format="yyyy-MM-dd">2000-01-01</StartDate>  
      <EndDate format="yyyy-MM-dd">2000-01-01</EndDate>  
      <PracticingSpecialities> 
        <ProviderPracticeSpecialityMaster> 
          <MasterChildId>MasterChildId</MasterChildId>  
          <MasterStatus>A</MasterStatus>  
          <MasterStatusReason/>  
          <MasterStatusCode omniSourceName="Mastering" omniCodeSet="MasterStatusCodes" omniCode="A">Active</MasterStatusCode>  
          <Specialization omniSourceName="OMNI" omniCodeSet="ProviderSpecialityCodes" omniCode="CV"/>  
          <SpecializationDescription>Provider has very good outcomes for Heart Valve Replacements.</SpecializationDescription>  
          <StartDate format="yyyy-MM-dd">2000-01-01</StartDate>  
          <EndDate format="yyyy-MM-dd">2000-01-01</EndDate>  
          <Facility> 
            <FacilityMaster> 
              <MasterId>FacilityMasterId2</MasterId> 
            </FacilityMaster> 
          </Facility>  
          <EmploymentStatus omniSourceName="OMNI" omniCodeSet="EmploymentStatusCodes" omniCode="FT"/>  
          <OrganizationUnit omniSourceName="OMNI" omniCodeSet="OrganizationUnitCodes" omniCode="AC">Acute Care</OrganizationUnit>  
          <PrimaryOrganizationIndicator omniSourceName="OMNI" omniCodeSet="YesNoCodes" omniCode="N">No</PrimaryOrganizationIndicator>  
          <BoardApprovalIndicator omniSourceName="OMNI" omniCodeSet="YesNoCodes" omniCode="Y"/>  
          <PrimaryCareIndicator omniSourceName="OMNI" omniCodeSet="YesNoCodes" omniCode="Y"/>  
          <AcceptingNewPatients omniSourceName="OMNI" omniCodeSet="YesNoCodes" omniCode="Y"/>  
          <AcceptingWalkIns omniSourceName="OMNI" omniCodeSet="YesNoCodes" omniCode="Y"/>  
          <SupervisingProvider omniSourceName="OMNI" omniCodeSet="YesNoCodes" omniCode="Y"/>  
          <SupervisionRequired omniSourceName="OMNI" omniCodeSet="YesNoCodes" omniCode="Y"/> 
        </ProviderPracticeSpecialityMaster> 
      </PracticingSpecialities> 
    </ProviderSpecialityMaster> 
  </Specialities>  
  <Licenses> 
    <ProviderLicenseMaster> 
      <MasterChildId>MasterChildId</MasterChildId>  
      <MasterStatus>A</MasterStatus>  
      <MasterStatusReason/>  
      <MasterStatusCode omniSourceName="Mastering" omniCodeSet="MasterStatusCodes" omniCode="A">Active</MasterStatusCode>  
      <LicenseType omniSourceName="OMNI" omniCodeSet="0000" omniCode="MTIA">Medical Training License I(A)</LicenseType>  
      <LicenseNumber>AC30008</LicenseNumber>  
      <IssuedDate format="yyyy-MM-dd">2000-01-01</IssuedDate>  
      <ExpirationDate format="yyyy-MM-dd">2020-01-01</ExpirationDate>  
      <RenewalDate format="yyyy-MM-dd">2015-01-01</RenewalDate>  
      <LicensingAuthority> 
        <OrganizationMaster> 
          <MasterId>LicensingOrganizationId</MasterId> 
        </OrganizationMaster> 
      </LicensingAuthority>  
      <PracticingLicenses> 
        <ProviderPracticeLicenseMaster> 
          <MasterChildId>MasterChildId</MasterChildId>  
          <MasterStatus>A</MasterStatus>  
          <MasterStatusReason/>  
          <MasterStatusCode omniSourceName="Mastering" omniCodeSet="MasterStatusCodes" omniCode="A">Active</MasterStatusCode>  
          <LicenseType omniSourceName="OMNI" omniCodeSet="LicenseTypeCodes" omniCode="MTIA"/>  
          <StartDate format="yyyy-MM-dd">2000-01-01</StartDate>  
          <EndDate format="yyyy-MM-dd">2020-01-01</EndDate>  
          <VerificationStatus omniSourceName="OMNI" omniCodeSet="VerificationStatusCodes" omniCode="V"/>  
          <VerificationMethod omniSourceName="OMNI" omniCodeSet="VerificationMethodCodes" omniCode="M"/>  
          <VerifiedBy>HH1234567</VerifiedBy>  
          <VerifiedDate format="yyyy-MM-dd">2013-01-01</VerifiedDate>  
          <VerificationComment>Reviewed records and all appears to be in order.</VerificationComment>  
          <Facility> 
            <FacilityMaster> 
              <MasterId>FacilityMaster:FacilityMasterId3</MasterId> 
            </FacilityMaster> 
          </Facility>  
          <CredentialStatus omniSourceName="OMNI" omniCodeSet="CredentialStatusCodes" omniCode="A"/>  
          <LicenseMonitoring> 
            <ProviderLicenseMonitorMaster> 
              <MasterChildId>MasterChildId</MasterChildId>  
              <MasterStatus>A</MasterStatus>  
              <MasterStatusReason/>  
              <MasterStatusCode omniSourceName="Mastering" omniCodeSet="MasterStatusCodes" omniCode="A">Active</MasterStatusCode>  
              <MonitoringDate format="yyyy-MM-dd hh:mm">2013-01-01 02:30</MonitoringDate>  
              <MonitoringOutcome omniSourceName="OMNI" omniCodeSet="LicenseMonitoringOutcomeCodes" omniCode="P">Passed</MonitoringOutcome>  
              <Severity omniSourceName="OMNI" omniCodeSet="LicenseMonitoringSeverityCodes" omniCode="L">Low</Severity>  
              <OutcomeDescription>Everything went fine.</OutcomeDescription> 
            </ProviderLicenseMonitorMaster> 
          </LicenseMonitoring> 
        </ProviderPracticeLicenseMaster> 
      </PracticingLicenses> 
    </ProviderLicenseMaster> 
  </Licenses>  
  <Certifications> 
    <ProviderCertificationMaster> 
      <MasterChildId>MasterChildId</MasterChildId>  
      <MasterStatus>A</MasterStatus>  
      <MasterStatusReason/>  
      <MasterStatusCode omniSourceName="Mastering" omniCodeSet="MasterStatusCodes" omniCode="A">Active</MasterStatusCode>  
      <CertificationType omniSourceName="OMNI" omniCodeSet="0360" omniCode="EMT">Emergency Medical Technician</CertificationType>  
      <Subject>Medical Certification for EMT</Subject>  
      <GrantingInformation> 
        <Authority> 
          <OrganizationMaster> 
            <MasterId>GrantingAuthorityId</MasterId> 
          </OrganizationMaster> 
        </Authority>  
        <Date format="yyyy-MM-dd">2000-01-01</Date>  
        <Country omniSourceName="OMNI" omniCodeSet="0399" omniCode="USA">United States</Country>  
        <StateProvince omniSourceName="OMNI" omniCodeSet="0347" omniCode="NY">New York</StateProvince>  
        <CountyRegion omniSourceName="OMNI" omniCodeSet="0289" omniCode="LIV">Livingston County</CountyRegion> 
      </GrantingInformation>  
      <SerialNumber>123-YREF-8975678</SerialNumber>  
      <Jurisdiction> 
        <Country omniSourceName="OMNI" omniCodeSet="0399" omniCode="USA">United States</Country>  
        <StateProvince omniSourceName="OMNI" omniCodeSet="0347" omniCode="NY">New York</StateProvince>  
        <CountyRegion omniSourceName="OMNI" omniCodeSet="0289" omniCode="LIV">Livingston County</CountyRegion>  
        <Breadth omniSourceName="OMNI" omniCodeSet="0547" omniCode="S">State/Province</Breadth> 
      </Jurisdiction>  
      <ActiveDate format="yyyy-MM-dd">2000-01-01</ActiveDate>  
      <InactiveDate format="yyyy-MM-dd">2000-01-01</InactiveDate>  
      <ExpirationDate format="yyyy-MM-dd">2000-01-01</ExpirationDate>  
      <RenewalDate format="yyyy-MM-dd">2017-01-01</RenewalDate>  
      <RevocationDate format="yyyy-MM-dd">2010-01-01</RevocationDate>  
      <RevocationReason>Insurance Fraud</RevocationReason> 
    </ProviderCertificationMaster> 
  </Certifications>  
  <Privileges> 
    <ProviderPrivilegeMaster> 
      <MasterChildId>MasterChildId</MasterChildId>  
      <MasterStatus>A</MasterStatus>  
      <MasterStatusReason/>  
      <MasterStatusCode omniSourceName="Mastering" omniCodeSet="MasterStatusCodes" omniCode="A">Active</MasterStatusCode>  
      <Privilege omniSourceName="OMNI" omniCodeSet="0525" omniCode="A">Admitting</Privilege>  
      <OutpatientOrderingProvider omniSourceName="OMNI" omniCodeSet="0136" omniCode="Y">Yes</OutpatientOrderingProvider>  
      <StartDate format="yyyy-MM-dd">2000-01-01</StartDate>  
      <EndDate format="yyyy-MM-dd">2000-01-01</EndDate>  
      <RevokedDate format="yyyy-MM-dd">2013-01-01</RevokedDate>  
      <Comment>May want to review this.</Comment>  
      <Assignments> 
        <ProviderAssignmentMaster> 
          <MasterChildId>MasterChildId</MasterChildId>  
          <MasterStatus>A</MasterStatus>  
          <MasterStatusReason/>  
          <MasterStatusCode omniSourceName="Mastering" omniCodeSet="MasterStatusCodes" omniCode="A">Active</MasterStatusCode>  
          <AssignmentType omniSourceName="OMNI" omniCodeSet="AssignmentTypeCodes" omniCode="ER"/>  
          <StartDate format="yyyy-MM-dd">2000-01-01</StartDate>  
          <EndDate format="yyyy-MM-dd">2000-01-01</EndDate>  
          <AssignmentStatus omniSourceName="OMNI" omniCodeSet="AssignmentStatusCodes" omniCode="A"/>  
          <AssignmentStatusDate format="yyyy-MM-dd">2000-01-01</AssignmentStatusDate>  
          <MedicalGroup>MEDGRP1</MedicalGroup>  
          <PrimarySpeciality omniSourceName="OMNI" omniCodeSet="ProviderSpecialityCodes" omniCode="Cardiology"/>  
          <TerminationDate format="yyyy-MM-dd">2000-01-01</TerminationDate>  
          <TerminationReason omniSourceName="OMNI" omniCodeSet="TerminationReasonCodes" omniCode="Unrealiable"/>  
          <AllowedToSeePatients omniSourceName="OMNI" omniCodeSet="YesNoCodes" omniCode="Y"/>  
          <WorkHours>M-F 8:00-5:00</WorkHours>  
          <AcceptingPatients omniSourceName="OMNI" omniCodeSet="YesNoCodes" omniCode="Y"/>  
          <PointOfService> 
            <FacilityLocationMaster> 
              <MasterId>FacilityLocationMasterId</MasterId> 
            </FacilityLocationMaster> 
          </PointOfService> 
        </ProviderAssignmentMaster> 
      </Assignments> 
    </ProviderPrivilegeMaster> 
  </Privileges>  
  <Credentials> 
    <ProviderCredentialMaster> 
      <MasterChildId>MasterChildId</MasterChildId>  
      <MasterStatus>A</MasterStatus>  
      <MasterStatusReason/>  
      <MasterStatusCode omniSourceName="Mastering" omniCodeSet="MasterStatusCodes" omniCode="A">Active</MasterStatusCode>  
      <Credential>CRED09876345-A</Credential>  
      <CredentialingAuthority> 
        <OrganizationMaster> 
          <MasterId>CredentialingAuthorityId</MasterId> 
        </OrganizationMaster> 
      </CredentialingAuthority>  
      <Facility> 
        <FacilityMaster> 
          <MasterId>CredentialFacilityMasterId</MasterId> 
        </FacilityMaster> 
      </Facility> 
    </ProviderCredentialMaster> 
  </Credentials>  
  <ExtendedAttributeMasters> 
    <ExtendedAttributeMaster> 
      <MasterChildId>MasterChildId</MasterChildId>  
      <MasterStatus>A</MasterStatus>  
      <MasterStatusReason/>  
      <Name>MasterExtendedAttribute</Name>  
      <Type>string</Type>  
      <Format/>  
      <Value>Sample Value</Value> 
    </ExtendedAttributeMaster> 
  </ExtendedAttributeMasters> 
</ProviderMaster></OmniInterface>