<?xml version="1.0" encoding="UTF-8"?><OmniInterface><Episode xmlns="http://www.ibi.com/2013/OP/Interface" version="1.2.2">  
  <OmniStatus>A</OmniStatus>  
  <OmniStatusReason>Active</OmniStatusReason>  
  <SourceName>TestSystem</SourceName>  
  <SourceInstanceId>Episode:1429627178335</SourceInstanceId>  
  <SourceInstanceIdName>SID Name</SourceInstanceIdName>  
  <EpisodeNumber>12345678</EpisodeNumber>  
  <EpisodeTreatmentGroupCode sourceCodeSet="ETGCodes" sourceCode="etgCode1"/>  
  <StartDate format="yyyy-MM-dd">2013-01-01</StartDate>  
  <EndDate format="yyyy-MM-dd">2013-01-01</EndDate>  
  <StatusCode sourceName="OMNI" sourceCodeSet="0216" sourceCode="DI"/>  
  <ExtendedAttributes> 
    <ExtendedAttribute> 
      <SourceName>TestSystem</SourceName>  
      <SourceInstanceId>ExtendedAttribute:1429627178337</SourceInstanceId>  
      <Name>SampleExtendedAttribute</Name>  
      <Type>string</Type>  
      <Format/>  
      <Value>Sample Value</Value>  
      <SourceCreatedDate format="yyyy-MM-dd hh:mm:ss">2000-01-01 10:12:32</SourceCreatedDate>  
      <SourceCreatedBy>SourceCreatedBy</SourceCreatedBy>  
      <SourceModifiedDate format="yyyy-MM-dd">2013-01-01</SourceModifiedDate>  
      <SourceModifiedBy>SourceModifiedBy</SourceModifiedBy> 
    </ExtendedAttribute> 
  </ExtendedAttributes>  
  <SourceStatusCode sourceName="TestSystem" codeSet="SourceStatusCodes">A</SourceStatusCode>  
  <SourceCreatedDate format="yyyy-MM-dd hh:mm:ss">2000-01-01 10:12:32</SourceCreatedDate>  
  <SourceCreatedBy>UnitTest</SourceCreatedBy>  
  <SourceModifiedDate format="yyyy-MM-dd hh:mm:ss">2000-10-01 11:12:32</SourceModifiedDate>  
  <SourceModifiedBy>UnitTest</SourceModifiedBy> 
</Episode></OmniInterface>