<?xml version="1.0" encoding="UTF-8"?><OmniInterface><OmniRemediationTicket xmlns="http://www.ibi.com/2013/OP/Interface" version="1.3.0">  
  <Status>PENDING</Status>  
  <StatusReason>PENDING</StatusReason>  
  <Destination>REMEDIATION</Destination>  
  <CaseNumber>sdfsdfsdfds</CaseNumber>  
  <Ticket>12345</Ticket>  
  <TransactionId>359f34da-283f-4f1f-a3fc-1c84535a510c</TransactionId>  
  <Subject>Patient</Subject>  
  <SourceName>TestSystem</SourceName>  
  <SourceInstanceId>TestSystem</SourceInstanceId>  
  <RequestPayload> &lt;Request&gt; &lt;/Request&gt;</RequestPayload>  
  <Type> 
    <Type/> 
  </Type> 
</OmniRemediationTicket></OmniInterface>