<?xml version="1.0" encoding="UTF-8"?><OmniInterface><Specimen xmlns="http://www.ibi.com/2013/OP/Interface" version="1.2.4">  
  <OmniStatus>A</OmniStatus>  
  <OmniStatusReason>Active</OmniStatusReason>  
  <SourceName>TestSystem</SourceName>  
  <SourceInstanceId>Specimen:1427925894074</SourceInstanceId>  
  <SourceInstanceIdName>SID Name</SourceInstanceIdName>  
  <SpecimenNumber>123456789</SpecimenNumber>  
  <TypeCode sourceName="OMNI" sourceCodeSet="0487" sourceCode="BX"/>  
  <TypeModifierCode sourceName="OMNI" sourceCodeSet="0541" sourceCode="Y"/>  
  <CollectionMethodCode sourceName="OMNI" sourceCodeSet="0488" sourceCode="BIO"/>  
  <SourceBodySiteCode sourceName="OMNI" sourceCodeSet="0163" sourceCode="RUFA"/>  
  <SourceBodySiteModifierCode sourceName="OMNI" sourceCodeSet="0495" sourceCode="ANT"/>  
  <CollectionBodySiteCode sourceName="OMNI" sourceCodeSet="0543" sourceCode="Y"/>  
  <RoleCode sourceName="OMNI" sourceCodeSet="0369" sourceCode="O"/>  
  <CollectionAmount>1.0</CollectionAmount>  
  <CollectionAmountUnitOfMeasureCode sourceName="OMNI" sourceCodeSet="6020" sourceCode="Cin"/>  
  <GroupedSpecimenCount>1.0</GroupedSpecimenCount>  
  <Description/>  
  <HandlingCode sourceName="OMNI" sourceCodeSet="0376" sourceCode="REF"/>  
  <RiskCode sourceName="OMNI" sourceCodeSet="0489" sourceCode="BHZ"/>  
  <CollectionDateTime format="yyyy-MM-dd">2000-01-01</CollectionDateTime>  
  <ReceivedDateTime format="yyyy-MM-dd">2000-01-01</ReceivedDateTime>  
  <ExpirationDateTime format="yyyy-MM-dd">2000-01-01</ExpirationDateTime>  
  <AvailabilityIndicator sourceName="OMNI" sourceCodeSet="0136" sourceCode="Y"/>  
  <RejectReasonCode sourceName="OMNI" sourceCodeSet="0490" sourceCode="EX"/>  
  <QualityCode sourceName="OMNI" sourceCodeSet="0491" sourceCode="G"/>  
  <AppropriatenessCode sourceName="OMNI" sourceCodeSet="0492" sourceCode="I"/>  
  <ConditionCode sourceName="OMNI" sourceCodeSet="0493" sourceCode="COOL"/>  
  <CurrentQuantity>1.0</CurrentQuantity>  
  <CurrentQuantityUnitOfMeasureCode sourceName="OMNI" sourceCodeSet="6020" sourceCode="Cin"/>  
  <NumberSpecimenContainers>1.0</NumberSpecimenContainers>  
  <ContainerTypeCode sourceCodeSet="ContainerTypeCodes" sourceCode="AirTight"/>  
  <ContainerConditionCode sourceName="OMNI" sourceCodeSet="0544" sourceCode="sealBroken"/>  
  <ParentSpecimen> 
    <Specimen> 
      <SourceName>TestSystem</SourceName>  
      <SourceInstanceId>SourceName:SpecimenId</SourceInstanceId> 
    </Specimen> 
  </ParentSpecimen>  
  <ChildRoleCode sourceName="OMNI" sourceCodeSet="0494" sourceCode="A"/>  
  <AdditiveCodes> 
    <AdditiveCode sourceName="OMNI" sourceCodeSet="0371" sourceCode="NONE"/>  
    <AdditiveCode sourceName="OMNI" sourceCodeSet="0371" sourceCode="ONE"/> 
  </AdditiveCodes>  
  <ExtendedAttributes> 
    <ExtendedAttribute> 
      <SourceName>TestSystem</SourceName>  
      <SourceInstanceId>ExtendedAttribute:1427925894083</SourceInstanceId>  
      <Name>SampleExtendedAttribute</Name>  
      <Type>string</Type>  
      <Format/>  
      <Value>Sample Value</Value>  
      <SourceCreatedDate format="yyyy-MM-dd hh:mm:ss">2000-01-01 10:12:32</SourceCreatedDate>  
      <SourceCreatedBy>SourceCreatedBy</SourceCreatedBy>  
      <SourceModifiedDate format="yyyy-MM-dd">2013-01-01</SourceModifiedDate>  
      <SourceModifiedBy>SourceModifiedBy</SourceModifiedBy> 
    </ExtendedAttribute> 
  </ExtendedAttributes>  
  <SourceStatusCode sourceName="TestSystem" codeSet="SourceStatusCodes">A</SourceStatusCode>  
  <SourceCreatedDate format="yyyy-MM-dd hh:mm:ss">2000-01-01 10:12:32</SourceCreatedDate>  
  <SourceCreatedBy>UnitTest</SourceCreatedBy>  
  <SourceModifiedDate format="yyyy-MM-dd hh:mm:ss">2000-10-01 11:12:32</SourceModifiedDate>  
  <SourceModifiedBy>UnitTest</SourceModifiedBy> 
</Specimen></OmniInterface>