<?xml version="1.0" encoding="UTF-8"?><OmniInterface><ReferralSource xmlns="http://www.ibi.com/2013/OP/Interface" version="1.2.2">  
  <OmniStatus>A</OmniStatus>  
  <OmniStatusReason>Active</OmniStatusReason>  
  <SourceName>TestSystem</SourceName>  
  <SourceInstanceId>ReferralSource:1427471318365</SourceInstanceId>  
  <SourceInstanceIdName>SID Name</SourceInstanceIdName>  
  <ReferralNumber>ReferralNumber</ReferralNumber>  
  <Patient> 
    <Patient> 
      <SourceName>TestSystem</SourceName>  
      <SourceInstanceId>SourceName:PatientId</SourceInstanceId> 
    </Patient> 
  </Patient>  
  <ReferFromProvider> 
    <Provider> 
      <SourceName>TestSystem</SourceName>  
      <SourceInstanceId>SourceName:ProviderId</SourceInstanceId> 
    </Provider> 
  </ReferFromProvider>  
  <ReferToProvider> 
    <Provider> 
      <SourceName>TestSystem</SourceName>  
      <SourceInstanceId>SourceName:ProviderId</SourceInstanceId> 
    </Provider> 
  </ReferToProvider>  
  <ReferFromLocation> 
    <FacilityLocation> 
      <SourceName>TestSystem</SourceName>  
      <SourceInstanceId>SourceName:FromFacilityLocationId</SourceInstanceId> 
    </FacilityLocation> 
  </ReferFromLocation>  
  <ReferToLocation> 
    <FacilityLocation> 
      <SourceName>TestSystem</SourceName>  
      <SourceInstanceId>SourceName:ToFacilityLocationId</SourceInstanceId> 
    </FacilityLocation> 
  </ReferToLocation>  
  <ReferralStartDateTime format="yyyy-MM-dd hh:mm">2013-01-01 08:00</ReferralStartDateTime>  
  <ExternalReferralDateTime format="yyyy-MM-dd hh:mm">2013-01-01 08:00</ExternalReferralDateTime>  
  <ReferralStatusCode sourceCodeSet="ReferralStatusCodes" sourceCode="cancelled">Cancelled</ReferralStatusCode>  
  <ReferralTypeCode sourceCodeSet="ReferralTypeCodes" sourceCode="urgent">Urgent/Emergent Care</ReferralTypeCode>  
  <ReferralClassCode sourceCodeSet="ReferralClassCodes" sourceCode="out">Outgoing</ReferralClassCode>  
  <ReferralPriorityCode sourceCodeSet="ReferralPriorityCodes" sourceCode="routine">Routine</ReferralPriorityCode>  
  <PrimaryReferralReasonCode sourceCodeSet="PrimaryReferralReasonCodes" sourceCode="patient">Patient Preference</PrimaryReferralReasonCode>  
  <NonPreferredProviderReasonCode sourceCodeSet="NonPreferredProviderReasonCodes" sourceCode="workload">Workload</NonPreferredProviderReasonCode>  
  <ReferToSpecialtyCode sourceCodeSet="ReferToSpecialtyCodes" sourceCode="fam">Family Medicine</ReferToSpecialtyCode>  
  <ExtendedAttributes> 
    <ExtendedAttribute> 
      <SourceName>TestSystem</SourceName>  
      <SourceInstanceId>ExtendedAttribute:1427471318369</SourceInstanceId>  
      <Name>SampleExtendedAttribute</Name>  
      <Type>string</Type>  
      <Format/>  
      <Value>Sample Value</Value>  
      <SourceCreatedDate format="yyyy-MM-dd hh:mm:ss">2000-01-01 10:12:32</SourceCreatedDate>  
      <SourceCreatedBy>SourceCreatedBy</SourceCreatedBy>  
      <SourceModifiedDate format="yyyy-MM-dd">2013-01-01</SourceModifiedDate>  
      <SourceModifiedBy>SourceModifiedBy</SourceModifiedBy> 
    </ExtendedAttribute> 
  </ExtendedAttributes>  
  <SourceStatusCode sourceName="TestSystem" codeSet="SourceStatusCodes">A</SourceStatusCode>  
  <SourceCreatedDate format="yyyy-MM-dd hh:mm:ss">2000-01-01 10:12:32</SourceCreatedDate>  
  <SourceCreatedBy>UnitTest</SourceCreatedBy>  
  <SourceModifiedDate format="yyyy-MM-dd hh:mm:ss">2000-10-01 11:12:32</SourceModifiedDate>  
  <SourceModifiedBy>UnitTest</SourceModifiedBy> 
</ReferralSource></OmniInterface>