<?xml version="1.0" encoding="UTF-8"?><OmniInterface><PatientWaitList xmlns="http://www.ibi.com/2013/OP/Interface" version="1.2.1">  
  <OmniStatus>A</OmniStatus>  
  <OmniStatusReason>Active</OmniStatusReason>  
  <SourceName>TestSystem</SourceName>  
  <SourceInstanceId>PatientWaitList:1431612421252</SourceInstanceId>  
  <SourceInstanceIdName>SID Name</SourceInstanceIdName>  
  <Patient> 
    <Patient> 
      <SourceName>TestSystem</SourceName>  
      <SourceInstanceId>SourceName:PatientId</SourceInstanceId> 
    </Patient> 
  </Patient>  
  <Referral> 
    <ReferralSource> 
      <SourceName>TestSystem</SourceName>  
      <SourceInstanceId>Referral:12345</SourceInstanceId> 
    </ReferralSource> 
  </Referral>  
  <ScheduledAppointment> 
    <Appointment> 
      <SourceName>TestSystem</SourceName>  
      <SourceInstanceId>Appointment:12345</SourceInstanceId> 
    </Appointment> 
  </ScheduledAppointment>  
  <WaitListStatusCode sourceCodeSet="WaitListStatusCodes" sourceCode="Pending"/>  
  <RemovalReasonCode sourceCodeSet="RemovalReasonCodes" sourceCode="Emergency Treatment"/>  
  <VisitTypeCode sourceCodeSet="VisitTypeCodes" sourceCode="OfficeVisit"/>  
  <TreatmentCode sourceCodeSet="TreatmentCodes" sourceCode="Clinical"/>  
  <PriorityCode sourceCodeSet="PriorityCodes" sourceCode="High"/>  
  <AppointmentLength>30</AppointmentLength>  
  <SchedulingPreference>Thursday or Friday after noon</SchedulingPreference>  
  <PreferedBeginDate format="yyyy-MM-dd">2013-10-01</PreferedBeginDate>  
  <PreferedEndDate format="yyyy-MM-dd">2013-11-01</PreferedEndDate>  
  <AppointmentPreferences> 
    <PatientWaitListPreference> 
      <OmniStatus>A</OmniStatus>  
      <OmniStatusReason>Active</OmniStatusReason>  
      <SourceName>TestSystem</SourceName>  
      <SourceInstanceId>PatientWaitListPreference:1431612421255</SourceInstanceId>  
      <SourceInstanceIdName>SID Name</SourceInstanceIdName>  
      <Provider> 
        <Provider> 
          <SourceName>TestSystem</SourceName>  
          <SourceInstanceId>ProviderId</SourceInstanceId> 
        </Provider> 
      </Provider>  
      <Location> 
        <FacilityLocation> 
          <SourceName>TestSystem</SourceName>  
          <SourceInstanceId>WeekendCareLocationId</SourceInstanceId> 
        </FacilityLocation> 
      </Location>  
      <SourceStatusCode sourceName="TestSystem" codeSet="SourceStatusCodes">A</SourceStatusCode>  
      <SourceCreatedDate format="yyyy-MM-dd hh:mm:ss">2000-01-01 10:12:32</SourceCreatedDate>  
      <SourceCreatedBy>UnitTest</SourceCreatedBy>  
      <SourceModifiedDate format="yyyy-MM-dd hh:mm:ss">2000-10-01 11:12:32</SourceModifiedDate>  
      <SourceModifiedBy>UnitTest</SourceModifiedBy> 
    </PatientWaitListPreference> 
  </AppointmentPreferences>  
  <ExtendedAttributes> 
    <ExtendedAttribute> 
      <SourceName>TestSystem</SourceName>  
      <SourceInstanceId>ExtendedAttribute:1431612421256</SourceInstanceId>  
      <Name>SampleExtendedAttribute</Name>  
      <Type>string</Type>  
      <Format/>  
      <Value>Sample Value</Value>  
      <SourceCreatedDate format="yyyy-MM-dd hh:mm:ss">2000-01-01 10:12:32</SourceCreatedDate>  
      <SourceCreatedBy>SourceCreatedBy</SourceCreatedBy>  
      <SourceModifiedDate format="yyyy-MM-dd">2013-01-01</SourceModifiedDate>  
      <SourceModifiedBy>SourceModifiedBy</SourceModifiedBy> 
    </ExtendedAttribute> 
  </ExtendedAttributes>  
  <SourceStatusCode sourceName="TestSystem" codeSet="SourceStatusCodes">A</SourceStatusCode>  
  <SourceCreatedDate format="yyyy-MM-dd hh:mm:ss">2000-01-01 10:12:32</SourceCreatedDate>  
  <SourceCreatedBy>UnitTest</SourceCreatedBy>  
  <SourceModifiedDate format="yyyy-MM-dd hh:mm:ss">2000-10-01 11:12:32</SourceModifiedDate>  
  <SourceModifiedBy>UnitTest</SourceModifiedBy> 
</PatientWaitList></OmniInterface>