<?xml version="1.0" encoding="UTF-8"?><OmniInterface><HealthPlan xmlns="http://www.ibi.com/2013/OP/Interface" version="1.2.8">  
  <OmniStatus>A</OmniStatus>  
  <OmniStatusReason>Active</OmniStatusReason>  
  <SourceName>TestSystem</SourceName>  
  <SourceInstanceId>HealthPlan:1429196992699</SourceInstanceId>  
  <SourceInstanceIdName>SID Name</SourceInstanceIdName>  
  <Payer> 
    <Payer> 
      <SourceName>TestSystem</SourceName>  
      <SourceInstanceId>SourceName:PayerId</SourceInstanceId> 
    </Payer> 
  </Payer>  
  <FinancialClassCode sourceName="OMNI" sourceCodeSet="5000" sourceCode="1001"/>  
  <GroupName>Information Builders, Inc.</GroupName>  
  <GroupNumber>123456789</GroupNumber>  
  <PlanName>Blue Care Elect Preferred</PlanName>  
  <PlanTypeCode sourceName="OMNI" sourceCodeSet="7000" sourceCode="plan"/>  
  <ProductTypeCode sourceCodeSet="ProductTypeCodes" sourceCode="ppo"/>  
  <CoverageCategoryCode sourceCodeSet="CoverageCategoryCodes" sourceCode="pharmacy"/>  
  <CalendarYearStartMonth>1.0</CalendarYearStartMonth>  
  <CalendarYearEndMonth>12.0</CalendarYearEndMonth>  
  <Addresses> 
    <HealthPlanAddress> 
      <OmniStatus>A</OmniStatus>  
      <OmniStatusReason>Active</OmniStatusReason>  
      <SourceName>TestSystem</SourceName>  
      <SourceInstanceId>HealthPlanAddress:1429196992705</SourceInstanceId>  
      <SourceInstanceIdName>SID Name</SourceInstanceIdName>  
      <Type sourceCodeSet="AddressTypeCodes" sourceCode="H">Home Address</Type>  
      <StartDate format="yyyy-MM-dd">2000-01-01</StartDate>  
      <EndDate format="yyyy-MM-dd">2000-01-01</EndDate>  
      <PreferenceOrder>1</PreferenceOrder>  
      <AddressLine1>4000 East Ave</AddressLine1>  
      <AddressLine2>Suite 555</AddressLine2>  
      <AddressLine3>ATTN: Jane Smith</AddressLine3>  
      <AddressLine4>Fragile</AddressLine4>  
      <City>Livonia</City>  
      <StateProvince sourceCodeSet="StateCodes" sourceCode="NY">New York</StateProvince>  
      <PostalCode>14488</PostalCode>  
      <Country sourceCodeSet="CountryCodes" sourceCode="USA">United States</Country>  
      <CountyRegion sourceCodeSet="CountyRegionCodes" sourceCode="LIV">Livingston</CountyRegion>  
      <UsageComment>Do not ring bell</UsageComment>  
      <ExtendedAttributes> 
        <ExtendedAttribute> 
          <SourceName>TestSystem</SourceName>  
          <SourceInstanceId>ExtendedAttribute:1429196992709</SourceInstanceId>  
          <Name>SampleExtendedAttribute</Name>  
          <Type>string</Type>  
          <Format/>  
          <Value>Sample Value</Value>  
          <SourceCreatedDate format="yyyy-MM-dd hh:mm:ss">2000-01-01 10:12:32</SourceCreatedDate>  
          <SourceCreatedBy>SourceCreatedBy</SourceCreatedBy>  
          <SourceModifiedDate format="yyyy-MM-dd">2013-01-01</SourceModifiedDate>  
          <SourceModifiedBy>SourceModifiedBy</SourceModifiedBy> 
        </ExtendedAttribute> 
      </ExtendedAttributes>  
      <SourceStatusCode sourceName="TestSystem" codeSet="SourceStatusCodes">A</SourceStatusCode>  
      <SourceCreatedDate format="yyyy-MM-dd hh:mm:ss">2000-01-01 10:12:32</SourceCreatedDate>  
      <SourceCreatedBy>UnitTest</SourceCreatedBy>  
      <SourceModifiedDate format="yyyy-MM-dd hh:mm:ss">2000-10-01 11:12:32</SourceModifiedDate>  
      <SourceModifiedBy>UnitTest</SourceModifiedBy> 
    </HealthPlanAddress> 
  </Addresses>  
  <ContactMethods> 
    <HealthPlanContactMethod> 
      <OmniStatus>A</OmniStatus>  
      <OmniStatusReason>Active</OmniStatusReason>  
      <SourceName>TestSystem</SourceName>  
      <SourceInstanceId>HealthPlanContactMethod:1429196992714</SourceInstanceId>  
      <SourceInstanceIdName>SID Name</SourceInstanceIdName>  
      <Type sourceName="OMNI" sourceCodeSet="0185" sourceCode="H">Home Phone Number</Type>  
      <StartDate format="yyyy-MM-dd">2000-01-01</StartDate>  
      <EndDate format="yyyy-MM-dd">2050-01-01</EndDate>  
      <PreferenceOrder>1</PreferenceOrder>  
      <Value>(222) 234-6879 x9808</Value>  
      <UsageComment>No calls after 5pm</UsageComment>  
      <ExtendedAttributes> 
        <ExtendedAttribute> 
          <SourceName>TestSystem</SourceName>  
          <SourceInstanceId>ExtendedAttribute:1429196992716</SourceInstanceId>  
          <Name>SampleExtendedAttribute</Name>  
          <Type>string</Type>  
          <Format/>  
          <Value>Sample Value</Value>  
          <SourceCreatedDate format="yyyy-MM-dd hh:mm:ss">2000-01-01 10:12:32</SourceCreatedDate>  
          <SourceCreatedBy>SourceCreatedBy</SourceCreatedBy>  
          <SourceModifiedDate format="yyyy-MM-dd">2013-01-01</SourceModifiedDate>  
          <SourceModifiedBy>SourceModifiedBy</SourceModifiedBy> 
        </ExtendedAttribute> 
      </ExtendedAttributes>  
      <SourceStatusCode sourceName="TestSystem" codeSet="SourceStatusCodes">A</SourceStatusCode>  
      <SourceCreatedDate format="yyyy-MM-dd hh:mm:ss">2000-01-01 10:12:32</SourceCreatedDate>  
      <SourceCreatedBy>UnitTest</SourceCreatedBy>  
      <SourceModifiedDate format="yyyy-MM-dd hh:mm:ss">2000-10-01 11:12:32</SourceModifiedDate>  
      <SourceModifiedBy>UnitTest</SourceModifiedBy> 
    </HealthPlanContactMethod> 
  </ContactMethods>  
  <Coverages> 
    <HealthPlanCoverage> 
      <OmniStatus>A</OmniStatus>  
      <OmniStatusReason>Active</OmniStatusReason>  
      <SourceName>TestSystem</SourceName>  
      <SourceInstanceId>HealthPlanCoverage:1429196992720</SourceInstanceId>  
      <SourceInstanceIdName>SID Name</SourceInstanceIdName>  
      <GroupCode sourceName="OMNI" sourceCodeSet="7010" sourceCode="medical"/>  
      <TypeCode sourceCodeSet="TypeCodes" sourceCode="mri"/>  
      <NetworkTypeCode sourceName="OMNI" sourceCodeSet="7015" sourceCode="in-network"/>  
      <SpanCode sourceName="OMNI" sourceCodeSet="7020" sourceCode="member"/>  
      <LimitAmount>0.0</LimitAmount>  
      <LimitCurrencyCode sourceName="OMNI" sourceCodeSet="4217" sourceCode="USD"/>  
      <LimitPeriodCode sourceName="OMNI" sourceCodeSet="7025" sourceCode="annual"/>  
      <DeductibleAmount>0.0</DeductibleAmount>  
      <DeductibleCurrencyCode sourceName="OMNI" sourceCodeSet="4217" sourceCode="USD"/>  
      <DeductiblePeriodCode sourceName="OMNI" sourceCodeSet="7025" sourceCode="annual"/>  
      <OutOfPocketMaximumAmount>0.0</OutOfPocketMaximumAmount>  
      <OutOfPocketMaximumCurrencyCode sourceName="OMNI" sourceCodeSet="4217" sourceCode="USD"/>  
      <OutOfPocketMaximumPeriodCode sourceName="OMNI" sourceCodeSet="7025" sourceCode="annual"/>  
      <CopayAmount>0.0</CopayAmount>  
      <CopayCurrencyCode sourceName="OMNI" sourceCodeSet="4217" sourceCode="USD"/>  
      <CoinsurancePercent>0.0</CoinsurancePercent>  
      <ExtendedAttributes> 
        <ExtendedAttribute> 
          <SourceName>TestSystem</SourceName>  
          <SourceInstanceId>ExtendedAttribute:1429196992724</SourceInstanceId>  
          <Name>SampleExtendedAttribute</Name>  
          <Type>string</Type>  
          <Format/>  
          <Value>Sample Value</Value>  
          <SourceCreatedDate format="yyyy-MM-dd hh:mm:ss">2000-01-01 10:12:32</SourceCreatedDate>  
          <SourceCreatedBy>SourceCreatedBy</SourceCreatedBy>  
          <SourceModifiedDate format="yyyy-MM-dd">2013-01-01</SourceModifiedDate>  
          <SourceModifiedBy>SourceModifiedBy</SourceModifiedBy> 
        </ExtendedAttribute> 
      </ExtendedAttributes>  
      <SourceStatusCode sourceName="TestSystem" codeSet="SourceStatusCodes">A</SourceStatusCode>  
      <SourceCreatedDate format="yyyy-MM-dd hh:mm:ss">2000-01-01 10:12:32</SourceCreatedDate>  
      <SourceCreatedBy>UnitTest</SourceCreatedBy>  
      <SourceModifiedDate format="yyyy-MM-dd hh:mm:ss">2000-10-01 11:12:32</SourceModifiedDate>  
      <SourceModifiedBy>UnitTest</SourceModifiedBy> 
    </HealthPlanCoverage> 
  </Coverages>  
  <ExtendedAttributes> 
    <ExtendedAttribute> 
      <SourceName>TestSystem</SourceName>  
      <SourceInstanceId>ExtendedAttribute:1429196992727</SourceInstanceId>  
      <Name>SampleExtendedAttribute</Name>  
      <Type>string</Type>  
      <Format/>  
      <Value>Sample Value</Value>  
      <SourceCreatedDate format="yyyy-MM-dd hh:mm:ss">2000-01-01 10:12:32</SourceCreatedDate>  
      <SourceCreatedBy>SourceCreatedBy</SourceCreatedBy>  
      <SourceModifiedDate format="yyyy-MM-dd">2013-01-01</SourceModifiedDate>  
      <SourceModifiedBy>SourceModifiedBy</SourceModifiedBy> 
    </ExtendedAttribute> 
  </ExtendedAttributes>  
  <SourceStatusCode sourceName="TestSystem" codeSet="SourceStatusCodes">A</SourceStatusCode>  
  <SourceCreatedDate format="yyyy-MM-dd hh:mm:ss">2000-01-01 10:12:32</SourceCreatedDate>  
  <SourceCreatedBy>UnitTest</SourceCreatedBy>  
  <SourceModifiedDate format="yyyy-MM-dd hh:mm:ss">2000-10-01 11:12:32</SourceModifiedDate>  
  <SourceModifiedBy>UnitTest</SourceModifiedBy> 
</HealthPlan></OmniInterface>