<?xml version="1.0" encoding="UTF-8"?><OmniInterface><Charge xmlns="http://www.ibi.com/2013/OP/Interface" version="1.2.6">  
  <OmniStatus>A</OmniStatus>  
  <OmniStatusReason>Active</OmniStatusReason>  
  <SourceName>TestSystem</SourceName>  
  <SourceInstanceId>Charge:1431612385803</SourceInstanceId>  
  <SourceInstanceIdName>SID Name</SourceInstanceIdName>  
  <ChargeNumber>12345678</ChargeNumber>  
  <Account> 
    <Account> 
      <SourceName>TestSystem</SourceName>  
      <SourceInstanceId>AccountId</SourceInstanceId> 
    </Account> 
  </Account>  
  <Provider> 
    <Provider> 
      <SourceName>TestSystem</SourceName>  
      <SourceInstanceId>SourceName:ProviderId</SourceInstanceId> 
    </Provider> 
  </Provider>  
  <ServiceLine> 
    <OrganizationalUnit> 
      <SourceName>TestSystem</SourceName>  
      <SourceInstanceId>ServiceLineId</SourceInstanceId> 
    </OrganizationalUnit> 
  </ServiceLine>  
  <Location> 
    <FacilityLocation> 
      <SourceName>TestSystem</SourceName>  
      <SourceInstanceId>FacilityLocationId</SourceInstanceId> 
    </FacilityLocation> 
  </Location>  
  <TransactionTypeCode sourceName="OMNI" sourceCodeSet="0017" sourceCode="CG"/>  
  <ChargeableEvent> 
    <ProcedureEvent> 
      <SourceName>TestSystem</SourceName>  
      <SourceInstanceId>ProcedureEventId</SourceInstanceId> 
    </ProcedureEvent> 
  </ChargeableEvent>  
  <ChargeCode sourceCodeSet="ChargeCodes" sourceCode="12345">X-Ray</ChargeCode>  
  <DiagnosisCode sourceName="OMNI" sourceCodeSet="ICD9" sourceCode="052.8"/>  
  <DiagnosisRelatedGroupCode sourceName="OMNI" sourceCodeSet="6010" sourceCode="001"/>  
  <AmbulatoryPaymentClassificationCode sourceName="OMNI" sourceCodeSet="0466" sourceCode="181"/>  
  <RevenueCode sourceName="OMNI" sourceCodeSet="0456" sourceCode="986">Professional fees EEG</RevenueCode>  
  <DrugCode sourceName="OMNI" sourceCodeSet="0549" sourceCode="0002-3004">Prozac</DrugCode>  
  <PharmacyDeaNumber>1234567</PharmacyDeaNumber>  
  <NcpdpNumber>1234567</NcpdpNumber>  
  <ItemNumber>1234567</ItemNumber>  
  <ModelNumber>1234567</ModelNumber>  
  <ServiceDateTime format="yyyy-MM-dd hh:mm">2013-01-01 08:00</ServiceDateTime>  
  <ChargeDateTime format="yyyy-MM-dd hh:mm">2013-01-01 08:00</ChargeDateTime>  
  <ChargeDescription>Charge Description</ChargeDescription>  
  <Amounts> 
    <CurrencyCode sourceName="OMNI" sourceCodeSet="4217" sourceCode="USD"/>  
    <ChargeQuantity>1.0</ChargeQuantity>  
    <ChargeAmount>0.0</ChargeAmount>  
    <ActualCostAmount>0.0</ActualCostAmount>  
    <ChargeMasterCostAmount>0.0</ChargeMasterCostAmount> 
  </Amounts>  
  <ExtendedAttributes> 
    <ExtendedAttribute> 
      <SourceName>TestSystem</SourceName>  
      <SourceInstanceId>ExtendedAttribute:1431612385810</SourceInstanceId>  
      <Name>SampleExtendedAttribute</Name>  
      <Type>string</Type>  
      <Format/>  
      <Value>Sample Value</Value>  
      <SourceCreatedDate format="yyyy-MM-dd hh:mm:ss">2000-01-01 10:12:32</SourceCreatedDate>  
      <SourceCreatedBy>SourceCreatedBy</SourceCreatedBy>  
      <SourceModifiedDate format="yyyy-MM-dd">2013-01-01</SourceModifiedDate>  
      <SourceModifiedBy>SourceModifiedBy</SourceModifiedBy> 
    </ExtendedAttribute> 
  </ExtendedAttributes>  
  <SourceStatusCode sourceName="TestSystem" codeSet="SourceStatusCodes">A</SourceStatusCode>  
  <SourceCreatedDate format="yyyy-MM-dd hh:mm:ss">2000-01-01 10:12:32</SourceCreatedDate>  
  <SourceCreatedBy>UnitTest</SourceCreatedBy>  
  <SourceModifiedDate format="yyyy-MM-dd hh:mm:ss">2000-10-01 11:12:32</SourceModifiedDate>  
  <SourceModifiedBy>UnitTest</SourceModifiedBy> 
</Charge></OmniInterface>