<?xml version="1.0" encoding="UTF-8"?><OmniInterface><Patient xmlns="http://www.ibi.com/2013/OP/Interface" version="1.1.7">  
  <OmniStatus>A</OmniStatus>  
  <OmniStatusReason>Active</OmniStatusReason>  
  <SourceName>TestSystem</SourceName>  
  <SourceInstanceId>Patient:1427926172654</SourceInstanceId>  
  <SourceInstanceIdName>SID Name</SourceInstanceIdName>  
  <PatientType sourceCodeSet="PatientTypeCodes" sourceCode="07">VIP</PatientType>  
  <MedicalRecordNumber>234-567</MedicalRecordNumber>  
  <SocialSecurityNumber>123-456-8901</SocialSecurityNumber>  
  <Publicity sourceCodeSet="PublicityCodes" sourceCode="Family">Family Only</Publicity>  
  <Protection sourceCodeSet="ProtectionCodes" sourceCode="LI">Listing Ok</Protection>  
  <Gender sourceCodeSet="GenderCodes" sourceCode="F">Female</Gender>  
  <MaritalStatus sourceCodeSet="MaritalStatusCodes" sourceCode="D">Divorced</MaritalStatus>  
  <Language sourceCodeSet="LanguageCodes" sourceCode="E">English</Language>  
  <CareLanguage sourceCodeSet="LanguageCodes" sourceCode="S">Spanish</CareLanguage>  
  <WrittenLanguage sourceCodeSet="LanguageCodes" sourceCode="E">English</WrittenLanguage>  
  <EnglishFluency sourceCodeSet="YesNoCodes" sourceCode="Y">Yes</EnglishFluency>  
  <InterpreterRequired sourceCodeSet="YesNoCodes" sourceCode="Y">Yes</InterpreterRequired>  
  <Citizenship sourceCodeSet="CitizenshipCodes" sourceCode="US">American</Citizenship>  
  <EthnicGroup sourceCodeSet="EthnicGroupCodes" sourceCode="H">Hispanic</EthnicGroup>  
  <Race sourceCodeSet="RaceCodes" sourceCode="WH">White</Race>  
  <Religion sourceCodeSet="ReligionCodes" sourceCode="ABC">American Baptist</Religion>  
  <PlaceOfWorship>United Church of Christ, Sunnyvale</PlaceOfWorship>  
  <MotherMaidenName>Steele</MotherMaidenName>  
  <DateOfBirth format="yyyy-MM-dd">1965-02-21</DateOfBirth>  
  <Deceased sourceCodeSet="YesNoCodes" sourceCode="N">No</Deceased>  
  <DateOfDeath format="yyyy-MM-dd">2050-02-21</DateOfDeath>  
  <CauseOfDeath>Currently alive and well.</CauseOfDeath>  
  <Handicap sourceCodeSet="HandicapCodes" sourceCode="V">Decreased Vision</Handicap>  
  <HearingImpaired sourceCodeSet="YesNoCpdes" sourceCode="N">No</HearingImpaired>  
  <VisuallyImpaired sourceCodeSet="YesNoCodes" sourceCode="Y">Yes</VisuallyImpaired>  
  <Blind sourceCodeSet="YesNoCodes" sourceCode="N">No</Blind>  
  <Deaf sourceCodeSet="YesNoCodes" sourceCode="N">No</Deaf>  
  <AmbulatoryStatus sourceCodeSet="AmbulatoryStatusCodes" sourceCode="A5">Vision Impaired</AmbulatoryStatus>  
  <Addendum> 
    <PatientAddendum> 
      <OmniStatus>A</OmniStatus>  
      <OmniStatusReason>Active</OmniStatusReason>  
      <SourceName>TestSystem</SourceName>  
      <SourceInstanceId>PatientAddendum:1427926172665</SourceInstanceId>  
      <SourceInstanceIdName>SID Name</SourceInstanceIdName>  
      <FamilyGroupingIdentifier>SMITH123</FamilyGroupingIdentifier>  
      <DrugAllergies sourceCodeSet="YesNo" sourceCode="Y">Yes</DrugAllergies>  
      <DiseaseAlert sourceCodeSet="YesNo" sourceCode="Y">Yes</DiseaseAlert>  
      <Occupation sourceCodeSet="Occupations" sourceCode="01">Software Developer</Occupation>  
      <Disability sourceCodeSet="Disabilities" sourceCode="22">Blind</Disability>  
      <LivingArrangement sourceCodeSet="LivingArrangement" sourceCode="A">Alone</LivingArrangement>  
      <LivingDependancy sourceCodeSet="LivingDependancy" sourceCode="02">Spouse Dependant</LivingDependancy>  
      <Adopted sourceCodeSet="YesNo" sourceCode="Y">Yes</Adopted>  
      <FosterChild sourceCodeSet="YesNo" sourceCode="N">No</FosterChild>  
      <MultipleBirth sourceCodeSet="YesNo" sourceCode="Y">Yes</MultipleBirth>  
      <MultipleBirthTotal>2</MultipleBirthTotal>  
      <BirthOrder>1</BirthOrder>  
      <OrganDonor sourceCodeSet="YesNo" sourceCode="Y">Yes</OrganDonor>  
      <LivingWill sourceCodeSet="LivingWill" sourceCode="I">No, Patient does not have a living will but information was provided.</LivingWill>  
      <LivingWillDate format="yyyy-MM-dd">2000-01-01</LivingWillDate>  
      <BadDebt sourceCodeSet="YesNo" sourceCode="Y">Yes</BadDebt>  
      <IdentityUnknown sourceCodeSet="YesNo" sourceCode="N">No</IdentityUnknown>  
      <MyChartSignedupDate format="yyyy-MM-dd">2010-12-12</MyChartSignedupDate>  
      <Education> 
        <Student sourceCodeSet="Student" sourceCode="F">Full Time Student</Student>  
        <SchoolName>University of Somewhere</SchoolName>  
        <EducationLevel sourceCodeSet="EductionLevel" sourceCode="G">Graduate School</EducationLevel>  
        <DegreeComplete>Master's</DegreeComplete> 
      </Education>  
      <Military> 
        <VeteranStatus sourceCodeSet="VeteranStatus" sourceCode="02">Reserves</VeteranStatus>  
        <Branch sourceCodeSet="MilitaryBranch" sourceCode="USA">US Army</Branch>  
        <Category sourceCodeSet="MilitaryCategory" sourceCode="01">A14</Category>  
        <Component sourceCodeSet="MilitaryComponent" sourceCode="01">Army Reserve</Component>  
        <PayGrade>E-7</PayGrade>  
        <Rank sourceCodeSet="MilitaryRank" sourceCode="E7">Enlisted</Rank>  
        <UnitId>platoon</UnitId> 
      </Military>  
      <Habits> 
        <AlcoholUse sourceCodeSet="YesNo" sourceCode="Y">Yes</AlcoholUse>  
        <AlcoholOunces>16</AlcoholOunces>  
        <TobaccoUse sourceCodeSet="YesNo" sourceCode="Y">Yes</TobaccoUse>  
        <TobaccoYears>15</TobaccoYears>  
        <ChewUse sourceCodeSet="YesNo" sourceCode="Y">Yes</ChewUse>  
        <SnuffUse sourceCodeSet="YesNo" sourceCode="Y">Yes</SnuffUse>  
        <SmokingStartDate format="yyyy-MM-dd">1990-01-01</SmokingStartDate>  
        <SmokingQuitDate format="yyyy-MM-dd">2005-01-01</SmokingQuitDate>  
        <TobaccoPkPerDay>5</TobaccoPkPerDay>  
        <CigarUse sourceCodeSet="YesNo" sourceCode="Y">Yes</CigarUse>  
        <CigaretteUse sourceCodeSet="YesNo" sourceCode="Y">Yes</CigaretteUse>  
        <PipeUse sourceCodeSet="YesNo" sourceCode="Y">Yes</PipeUse>  
        <IllicitDrugUse sourceCodeSet="YesNo" sourceCode="Y">Yes</IllicitDrugUse>  
        <IllicitFrequency>3 per day</IllicitFrequency>  
        <IVDrugUse sourceCodeSet="YesNo" sourceCode="Y">Yes</IVDrugUse> 
      </Habits>  
      <Gynecological> 
        <GynecologicalNote>Patient in good health.</GynecologicalNote>  
        <AgeAtMenarche>13</AgeAtMenarche>  
        <AgeAtMenopause>50</AgeAtMenopause>  
        <AgeAtFirstPregnancy>21</AgeAtFirstPregnancy>  
        <ExpectedDeliveryDate format="yyyy-mm-dd">2000-11-11</ExpectedDeliveryDate>  
        <ExpectedDeliveryDateComment>Delivery should be on time.</ExpectedDeliveryDateComment>  
        <ExpectedDeliveryDateEntered format="yyyy-MM-dd">2000-01-01</ExpectedDeliveryDateEntered>  
        <MonthsSpentBreastfeeding>22</MonthsSpentBreastfeeding> 
      </Gynecological>  
      <PreferredProviderPreferences> 
        <Language sourceCodeSet="Language" sourceCode="E">English</Language>  
        <Gender sourceCodeSet="Gender" sourceCode="F">Female</Gender>  
        <Specialty sourceCodeSet="Specialities" sourceCode="CAN">Cancer</Specialty> 
      </PreferredProviderPreferences>  
      <SourceStatusCode sourceName="TestSystem" codeSet="SourceStatusCodes">A</SourceStatusCode>  
      <SourceCreatedDate format="yyyy-MM-dd hh:mm:ss">2000-01-01 10:12:32</SourceCreatedDate>  
      <SourceCreatedBy>UnitTest</SourceCreatedBy>  
      <SourceModifiedDate format="yyyy-MM-dd hh:mm:ss">2000-10-01 11:12:32</SourceModifiedDate>  
      <SourceModifiedBy>UnitTest</SourceModifiedBy> 
    </PatientAddendum> 
  </Addendum>  
  <Names> 
    <PatientName> 
      <OmniStatus>A</OmniStatus>  
      <OmniStatusReason>Active</OmniStatusReason>  
      <SourceName>TestSystem</SourceName>  
      <SourceInstanceId>PatientName:1427926172681</SourceInstanceId>  
      <SourceInstanceIdName>SID Name</SourceInstanceIdName>  
      <Type sourceCodeSet="NameTypeCodes" sourceCode="L">Legal Name</Type>  
      <StartDate format="yyyy-MM-dd">1965-02-21</StartDate>  
      <EndDate format="yyyy-MM-dd">2050-01-01</EndDate>  
      <FullName>Jane E. Smith</FullName>  
      <Prefix>Ms</Prefix>  
      <FirstName>Jane</FirstName>  
      <LastName>Smith</LastName>  
      <MiddleName>E</MiddleName>  
      <Suffix>III</Suffix>  
      <Degree>Dr</Degree>  
      <Title>Senior Specialist</Title>  
      <SourceStatusCode sourceName="TestSystem" codeSet="SourceStatusCodes">A</SourceStatusCode>  
      <SourceCreatedDate format="yyyy-MM-dd hh:mm:ss">2000-01-01 10:12:32</SourceCreatedDate>  
      <SourceCreatedBy>UnitTest</SourceCreatedBy>  
      <SourceModifiedDate format="yyyy-MM-dd hh:mm:ss">2000-10-01 11:12:32</SourceModifiedDate>  
      <SourceModifiedBy>UnitTest</SourceModifiedBy> 
    </PatientName> 
  </Names>  
  <Addresses> 
    <PatientAddress> 
      <OmniStatus>A</OmniStatus>  
      <OmniStatusReason>Active</OmniStatusReason>  
      <SourceName>TestSystem</SourceName>  
      <SourceInstanceId>PatientAddress:1427926172686</SourceInstanceId>  
      <SourceInstanceIdName>SID Name</SourceInstanceIdName>  
      <Type sourceCodeSet="AddressTypeCodes" sourceCode="H">Home Address</Type>  
      <StartDate format="yyyy-MM-dd">2000-01-01</StartDate>  
      <EndDate format="yyyy-MM-dd">2000-01-01</EndDate>  
      <PreferenceOrder>1</PreferenceOrder>  
      <AddressLine1>4000 East Ave</AddressLine1>  
      <AddressLine2>Suite 555</AddressLine2>  
      <AddressLine3>ATTN: Jane Smith</AddressLine3>  
      <AddressLine4>Fragile</AddressLine4>  
      <City>Livonia</City>  
      <StateProvince sourceCodeSet="StateCodes" sourceCode="NY">New York</StateProvince>  
      <PostalCode>14488</PostalCode>  
      <Country sourceCodeSet="CountryCodes" sourceCode="USA">United States</Country>  
      <CountyRegion sourceCodeSet="CountyRegionCodes" sourceCode="LIV">Livingston</CountyRegion>  
      <UsageComment>Do not ring bell</UsageComment>  
      <SourceStatusCode sourceName="TestSystem" codeSet="SourceStatusCodes">A</SourceStatusCode>  
      <SourceCreatedDate format="yyyy-MM-dd hh:mm:ss">2000-01-01 10:12:32</SourceCreatedDate>  
      <SourceCreatedBy>UnitTest</SourceCreatedBy>  
      <SourceModifiedDate format="yyyy-MM-dd hh:mm:ss">2000-10-01 11:12:32</SourceModifiedDate>  
      <SourceModifiedBy>UnitTest</SourceModifiedBy> 
    </PatientAddress> 
  </Addresses>  
  <Identifiers> 
    <PatientIdentifier> 
      <OmniStatus>A</OmniStatus>  
      <OmniStatusReason>Active</OmniStatusReason>  
      <SourceName>TestSystem</SourceName>  
      <SourceInstanceId>PatientIdentifier:1427926172691</SourceInstanceId>  
      <SourceInstanceIdName>SID Name</SourceInstanceIdName>  
      <Type sourceCodeSet="IdentifierCodes" sourceCode="BCT">Birth Certificate Number</Type>  
      <StartDate format="yyyy-MM-dd">2000-01-01</StartDate>  
      <EndDate format="yyyy-MM-dd">2000-01-01</EndDate>  
      <Value>12345678</Value>  
      <IssuingAuthority> 
        <Organization> 
          <SourceName>TestSystem</SourceName>  
          <SourceInstanceId>HospitalA</SourceInstanceId> 
        </Organization> 
      </IssuingAuthority>  
      <SourceStatusCode sourceName="TestSystem" codeSet="SourceStatusCodes">A</SourceStatusCode>  
      <SourceCreatedDate format="yyyy-MM-dd hh:mm:ss">2000-01-01 10:12:32</SourceCreatedDate>  
      <SourceCreatedBy>UnitTest</SourceCreatedBy>  
      <SourceModifiedDate format="yyyy-MM-dd hh:mm:ss">2000-10-01 11:12:32</SourceModifiedDate>  
      <SourceModifiedBy>UnitTest</SourceModifiedBy> 
    </PatientIdentifier> 
  </Identifiers>  
  <ContactMethods> 
    <PatientContactMethod> 
      <OmniStatus>A</OmniStatus>  
      <OmniStatusReason>Active</OmniStatusReason>  
      <SourceName>TestSystem</SourceName>  
      <SourceInstanceId>PatientContactMethod:1427926172697</SourceInstanceId>  
      <SourceInstanceIdName>SID Name</SourceInstanceIdName>  
      <Type sourceCodeSet="ContactMethodTypeCodes" sourceCode="H">Home Phone Number</Type>  
      <StartDate format="yyyy-MM-dd">2000-01-01</StartDate>  
      <EndDate format="yyyy-MM-dd">2050-01-01</EndDate>  
      <PreferenceOrder>1</PreferenceOrder>  
      <Protection sourceCodeSet="ProtectionCodes" sourceCode="UP">Unpublished</Protection>  
      <Value>(222) 234-6879 x9808</Value>  
      <UsageComment>No calls after 5pm</UsageComment>  
      <SourceStatusCode sourceName="TestSystem" codeSet="SourceStatusCodes">A</SourceStatusCode>  
      <SourceCreatedDate format="yyyy-MM-dd hh:mm:ss">2000-01-01 10:12:32</SourceCreatedDate>  
      <SourceCreatedBy>UnitTest</SourceCreatedBy>  
      <SourceModifiedDate format="yyyy-MM-dd hh:mm:ss">2000-10-01 11:12:32</SourceModifiedDate>  
      <SourceModifiedBy>UnitTest</SourceModifiedBy> 
    </PatientContactMethod> 
  </ContactMethods>  
  <Relations> 
    <RelatedPerson> 
      <OmniStatus>A</OmniStatus>  
      <OmniStatusReason>Active</OmniStatusReason>  
      <SourceName>TestSystem</SourceName>  
      <SourceInstanceId>RelatedPerson:1427926172701</SourceInstanceId>  
      <SourceInstanceIdName>SID Name</SourceInstanceIdName>  
      <Type sourceCodeSet="PersonRelationCodes" sourceCode="SPO">Spouse</Type>  
      <Role sourceCodeSet="RelatedPersonRoleCodes" sourceCode="??">Unknown</Role>  
      <StartDate format="yyyy-MM-dd">2000-01-01</StartDate>  
      <EndDate format="yyyy-MM-dd">2000-01-01</EndDate>  
      <Gender sourceCodeSet="GenderCodes" sourceCode="F">Female</Gender>  
      <EthnicGroup sourceCodeSet="EthincGroupCodes" sourceCode="H">Hispanic</EthnicGroup>  
      <Deceased sourceCodeSet="YesNoCodes" sourceCode="N">No</Deceased>  
      <DateOfDeath format="yyyy-MM-dd">2050-02-21</DateOfDeath>  
      <Disability sourceCodeSet="HandicapCodes" sourceCode="DV">Decreased Vision</Disability>  
      <PhoneNumber>123 456-9087</PhoneNumber>  
      <EmailAddress>xxx@yyy.com</EmailAddress>  
      <Name> 
        <FullName>Jane E. Smith</FullName>  
        <Prefix>Ms</Prefix>  
        <FirstName>Jane</FirstName>  
        <LastName>Smith</LastName>  
        <MiddleName>E</MiddleName>  
        <Suffix>III</Suffix>  
        <Degree>Dr</Degree>  
        <Title>Senior Specialist</Title> 
      </Name>  
      <Address> 
        <AddressLine1>4000 East Ave</AddressLine1>  
        <AddressLine2>Suite 555</AddressLine2>  
        <AddressLine3>ATTN: Jane Smith</AddressLine3>  
        <AddressLine4>Fragile</AddressLine4>  
        <City>Livonia</City>  
        <StateProvince sourceCodeSet="StateCodes" sourceCode="NY">New York</StateProvince>  
        <PostalCode>14488</PostalCode>  
        <Country sourceCodeSet="CountryCodes" sourceCode="USA">United States</Country>  
        <CountyRegion sourceCodeSet="CountyRegionCodes" sourceCode="LIV">Livingston</CountyRegion> 
      </Address>  
      <SourceStatusCode sourceName="TestSystem" codeSet="SourceStatusCodes">A</SourceStatusCode>  
      <SourceCreatedDate format="yyyy-MM-dd hh:mm:ss">2000-01-01 10:12:32</SourceCreatedDate>  
      <SourceCreatedBy>UnitTest</SourceCreatedBy>  
      <SourceModifiedDate format="yyyy-MM-dd hh:mm:ss">2000-10-01 11:12:32</SourceModifiedDate>  
      <SourceModifiedBy>UnitTest</SourceModifiedBy> 
    </RelatedPerson>  
    <RelatedOrganization> 
      <OmniStatus>A</OmniStatus>  
      <OmniStatusReason>Active</OmniStatusReason>  
      <SourceName>TestSystem</SourceName>  
      <SourceInstanceId>RelatedOrganization:1427926172707</SourceInstanceId>  
      <SourceInstanceIdName>SID Name</SourceInstanceIdName>  
      <Type sourceCodeSet="RelatedOrganizationCodes" sourceCode="INS">Insurance Company</Type>  
      <Role sourceCodeSet="RelatedOrganozationRoleCodes" sourceCode="PINS">Primary Insurance Carrier</Role>  
      <StartDate format="yyyy-MM-dd">2000-01-01</StartDate>  
      <EndDate format="yyyy-MM-dd">2000-01-01</EndDate>  
      <EmploymentStatus sourceCodeSet="EmploymentStatusCodes" sourceCode="FT">Full Time</EmploymentStatus>  
      <JobTitle>Big Wig</JobTitle>  
      <JobClass sourceCodeSet="JobClassCodes" sourceCode="F">Factory Worker</JobClass>  
      <PhoneNumber>123 456-9087</PhoneNumber>  
      <EmailAddress>xxx@yyy.com</EmailAddress>  
      <OrganizationName>State Farm</OrganizationName>  
      <Address> 
        <AddressLine1>4000 East Ave</AddressLine1>  
        <AddressLine2>Suite 555</AddressLine2>  
        <AddressLine3>ATTN: Jane Smith</AddressLine3>  
        <AddressLine4>Fragile</AddressLine4>  
        <City>Livonia</City>  
        <StateProvince sourceCodeSet="StateCodes" sourceCode="NY">New York</StateProvince>  
        <PostalCode>14488</PostalCode>  
        <Country sourceCodeSet="CountryCodes" sourceCode="USA">United States</Country>  
        <CountyRegion sourceCodeSet="CountyRegionCodes" sourceCode="LIV">Livingston</CountyRegion> 
      </Address>  
      <SourceStatusCode sourceName="TestSystem" codeSet="SourceStatusCodes">A</SourceStatusCode>  
      <SourceCreatedDate format="yyyy-MM-dd hh:mm:ss">2000-01-01 10:12:32</SourceCreatedDate>  
      <SourceCreatedBy>UnitTest</SourceCreatedBy>  
      <SourceModifiedDate format="yyyy-MM-dd hh:mm:ss">2000-10-01 11:12:32</SourceModifiedDate>  
      <SourceModifiedBy>UnitTest</SourceModifiedBy> 
    </RelatedOrganization> 
  </Relations>  
  <PreferredProviders> 
    <PatientPreferredProvider> 
      <OmniStatus>A</OmniStatus>  
      <OmniStatusReason>Active</OmniStatusReason>  
      <SourceName>TestSystem</SourceName>  
      <SourceInstanceId>PatientPreferredProvider:1427926172713</SourceInstanceId>  
      <SourceInstanceIdName>SID Name</SourceInstanceIdName>  
      <Type sourceCodeSet="PreferredProviderTypeCodes" sourceCode="ALLERGY">Allergy Doctor</Type>  
      <StartDate format="yyyy-MM-dd">2000-01-01</StartDate>  
      <EndDate format="yyyy-MM-dd">2000-01-01</EndDate>  
      <Provider> 
        <Provider> 
          <SourceName>TestSystem</SourceName>  
          <SourceInstanceId>AllergyDoctorId</SourceInstanceId> 
        </Provider> 
      </Provider>  
      <SourceStatusCode sourceName="TestSystem" codeSet="SourceStatusCodes">A</SourceStatusCode>  
      <SourceCreatedDate format="yyyy-MM-dd hh:mm:ss">2000-01-01 10:12:32</SourceCreatedDate>  
      <SourceCreatedBy>UnitTest</SourceCreatedBy>  
      <SourceModifiedDate format="yyyy-MM-dd hh:mm:ss">2000-10-01 11:12:32</SourceModifiedDate>  
      <SourceModifiedBy>UnitTest</SourceModifiedBy> 
    </PatientPreferredProvider> 
  </PreferredProviders>  
  <Overrides> 
    <PatientManualOverride> 
      <OmniStatus>A</OmniStatus>  
      <OmniStatusReason>Active</OmniStatusReason>  
      <SourceName>TestSystem</SourceName>  
      <SourceInstanceId>PatientManualOverride:1427926172719</SourceInstanceId>  
      <SourceInstanceIdName>SID Name</SourceInstanceIdName>  
      <OverrideType sourceCodeSet="OverrideTypeCodes" sourceCode="LP">Link Patients</OverrideType>  
      <OtherPatient> 
        <Patient> 
          <SourceName>TestSystem</SourceName>  
          <SourceInstanceId>MRN:98765432</SourceInstanceId> 
        </Patient> 
      </OtherPatient>  
      <SourceStatusCode sourceName="TestSystem" codeSet="SourceStatusCodes">A</SourceStatusCode>  
      <SourceCreatedDate format="yyyy-MM-dd hh:mm:ss">2000-01-01 10:12:32</SourceCreatedDate>  
      <SourceCreatedBy>UnitTest</SourceCreatedBy>  
      <SourceModifiedDate format="yyyy-MM-dd hh:mm:ss">2000-10-01 11:12:32</SourceModifiedDate>  
      <SourceModifiedBy>UnitTest</SourceModifiedBy> 
    </PatientManualOverride> 
  </Overrides>  
  <SourceStatusCode sourceName="TestSystem" codeSet="SourceStatusCodes">A</SourceStatusCode>  
  <SourceCreatedDate format="yyyy-MM-dd hh:mm:ss">2000-01-01 10:12:32</SourceCreatedDate>  
  <SourceCreatedBy>UnitTest</SourceCreatedBy>  
  <SourceModifiedDate format="yyyy-MM-dd hh:mm:ss">2000-10-01 11:12:32</SourceModifiedDate>  
  <SourceModifiedBy>UnitTest</SourceModifiedBy> 
</Patient></OmniInterface>