<?xml version="1.0" encoding="UTF-8"?><OmniInterface><ObservationEvent xmlns="http://www.ibi.com/2013/OP/Interface" version="1.2.4">  
  <OmniStatus>A</OmniStatus>  
  <OmniStatusReason>Active</OmniStatusReason>  
  <SourceName>TestSystem</SourceName>  
  <SourceInstanceId>ObservationEvent:1431612274984</SourceInstanceId>  
  <SourceInstanceIdName>SID Name</SourceInstanceIdName>  
  <ParentEvent> 
    <AdmissionEvent> 
      <SourceName>TestSystem</SourceName>  
      <SourceInstanceId>EventId</SourceInstanceId> 
    </AdmissionEvent> 
  </ParentEvent>  
  <Encounter> 
    <Encounter> 
      <SourceName>TestSystem</SourceName>  
      <SourceInstanceId>EncounterId</SourceInstanceId> 
    </Encounter> 
  </Encounter>  
  <CarePlanId>CarePlanId</CarePlanId>  
  <CarePlan> 
    <CarePlan> 
      <SourceName>TestSystem</SourceName>  
      <SourceInstanceId>CarePlanId</SourceInstanceId> 
    </CarePlan> 
  </CarePlan>  
  <EventDateTime format="yyyy-MM-dd hh:mm:ss">2000-10-01 11:12:32</EventDateTime>  
  <EventEndDateTime format="yyyy-MM-dd hh:mm:ss">2000-10-01 11:12:32</EventEndDateTime>  
  <Location> 
    <FacilityLocation> 
      <SourceName>TestSystem</SourceName>  
      <SourceInstanceId>FacilityLocationId</SourceInstanceId> 
    </FacilityLocation> 
  </Location>  
  <BatchNumber>123456789</BatchNumber>  
  <ObservationNumber>987654321</ObservationNumber>  
  <Sequence>1.0</Sequence>  
  <Subsequence>1.0</Subsequence>  
  <ResultTypeCode sourceName="OMNI" sourceCodeSet="6050" sourceCode="ratio"/>  
  <TextResult>Left Eye</TextResult>  
  <RatioResult> 
    <Numerator>1.0</Numerator>  
    <Denominator>1.0</Denominator> 
  </RatioResult>  
  <QuantityResult> 
    <Value>2.5</Value>  
    <ValueUnitOfMeasureCode sourceName="OMNI" sourceCodeSet="6020" sourceCode="Cin"/>  
    <ValueComparatorCode sourceName="OMNI" sourceCodeSet="6045" sourceCode="le">Less than or equal to</ValueComparatorCode> 
  </QuantityResult>  
  <SampleResult> 
    <OriginValue>2.5</OriginValue>  
    <OriginUnitOfMeasureCode sourceName="OMNI" sourceCodeSet="6020" sourceCode="Cin"/>  
    <ResultPeriod>2.0</ResultPeriod>  
    <ResultFactor>1.5</ResultFactor>  
    <ResultLowerLimit>2.5</ResultLowerLimit>  
    <ResultUpperLimit>5.0</ResultUpperLimit>  
    <ResultDimensions>2.0</ResultDimensions>  
    <ResultData>123.0E</ResultData> 
  </SampleResult>  
  <ObservationCode sourceCodeSet="ObservationCodes" sourceCode="BMI">Body Mass Index</ObservationCode>  
  <StatusCode sourceName="OMNI" sourceCodeSet="0085" sourceCode="P"/>  
  <ReliabilityCode sourceCodeSet="ReliabilityCodes" sourceCode="questionable">Questionable</ReliabilityCode>  
  <MethodCode sourceCodeSet="MethodCodes" sourceCode="average">Average</MethodCode>  
  <InterpretationCode sourceCodeSet="InterpretationCodes" sourceCode="POS">Positive</InterpretationCode>  
  <BodySiteCode sourceName="OMNI" sourceCodeSet="0163" sourceCode="LA"/>  
  <Comment>Comment 1</Comment>  
  <Device>Device</Device>  
  <VitalSignIndicator sourceName="OMNI" sourceCodeSet="0136" sourceCode="Y"/>  
  <Specimen> 
    <Specimen> 
      <SourceName>TestSystem</SourceName>  
      <SourceInstanceId>SourceName:SpecimenId</SourceInstanceId> 
    </Specimen> 
  </Specimen>  
  <ReferenceRanges> 
    <ReferenceRange> 
      <OmniStatus>A</OmniStatus>  
      <OmniStatusReason>Active</OmniStatusReason>  
      <SourceName>TestSystem</SourceName>  
      <SourceInstanceId>ReferenceRange:1431612275005</SourceInstanceId>  
      <SourceInstanceIdName>SID Name</SourceInstanceIdName>  
      <RangeMeaningCode sourceCodeSet="RangeMeaningCodes" sourceCode="normal">Normal (based on 95th percentile for the relevant control population)</RangeMeaningCode>  
      <LowValue>2.5</LowValue>  
      <LowValueUnitOfMeasureCode sourceName="OMNI" sourceCodeSet="6020" sourceCode="Cin"/>  
      <LowValueComparatorCode sourceName="OMNI" sourceCodeSet="6045" sourceCode="le">Less than or equal to</LowValueComparatorCode>  
      <HighValue>2.5</HighValue>  
      <HighValueUnitOfMeasureCode sourceName="OMNI" sourceCodeSet="6020" sourceCode="Cin"/>  
      <HighValueComparatorCode sourceName="OMNI" sourceCodeSet="6045" sourceCode="le">Less than or equal to</HighValueComparatorCode>  
      <Age>2.5</Age>  
      <AgeUnitsCode sourceName="OMNI" sourceCodeSet="0625" sourceCode="a"/>  
      <SourceStatusCode sourceName="TestSystem" codeSet="SourceStatusCodes">A</SourceStatusCode>  
      <SourceCreatedDate format="yyyy-MM-dd hh:mm:ss">2000-01-01 10:12:32</SourceCreatedDate>  
      <SourceCreatedBy>UnitTest</SourceCreatedBy>  
      <SourceModifiedDate format="yyyy-MM-dd hh:mm:ss">2000-10-01 11:12:32</SourceModifiedDate>  
      <SourceModifiedBy>UnitTest</SourceModifiedBy> 
    </ReferenceRange> 
  </ReferenceRanges>  
  <EventProviders> 
    <EventProvider> 
      <OmniStatus>A</OmniStatus>  
      <OmniStatusReason>Active</OmniStatusReason>  
      <SourceName>TestSystem</SourceName>  
      <SourceInstanceId>EventProvider:1431612275013</SourceInstanceId>  
      <SourceInstanceIdName>SID Name</SourceInstanceIdName>  
      <ProviderRoleCode sourceName="OMNI" sourceCodeSet="0443" sourceCode="pp"/>  
      <Provider> 
        <Provider> 
          <SourceName>TestSystem</SourceName>  
          <SourceInstanceId>SourceName:ProviderId</SourceInstanceId> 
        </Provider> 
      </Provider>  
      <ExtendedAttributes> 
        <ExtendedAttribute> 
          <SourceName>TestSystem</SourceName>  
          <SourceInstanceId>ExtendedAttribute:1431612275016</SourceInstanceId>  
          <Name>SampleExtendedAttribute</Name>  
          <Type>string</Type>  
          <Format/>  
          <Value>Sample Value</Value>  
          <SourceCreatedDate format="yyyy-MM-dd hh:mm:ss">2000-01-01 10:12:32</SourceCreatedDate>  
          <SourceCreatedBy>SourceCreatedBy</SourceCreatedBy>  
          <SourceModifiedDate format="yyyy-MM-dd">2013-01-01</SourceModifiedDate>  
          <SourceModifiedBy>SourceModifiedBy</SourceModifiedBy> 
        </ExtendedAttribute> 
      </ExtendedAttributes>  
      <SourceStatusCode sourceName="TestSystem" codeSet="SourceStatusCodes">A</SourceStatusCode>  
      <SourceCreatedDate format="yyyy-MM-dd hh:mm:ss">2000-01-01 10:12:32</SourceCreatedDate>  
      <SourceCreatedBy>UnitTest</SourceCreatedBy>  
      <SourceModifiedDate format="yyyy-MM-dd hh:mm:ss">2000-10-01 11:12:32</SourceModifiedDate>  
      <SourceModifiedBy>UnitTest</SourceModifiedBy> 
    </EventProvider> 
  </EventProviders>  
  <EventNotes> 
    <EventNote> 
      <OmniStatus>A</OmniStatus>  
      <OmniStatusReason>Active</OmniStatusReason>  
      <SourceName>TestSystem</SourceName>  
      <SourceInstanceId>EventNote:1431612275023</SourceInstanceId>  
      <SourceInstanceIdName>SID Name</SourceInstanceIdName>  
      <NoteTypeCode sourceCodeSet="NoteTypeCodes" sourceCode="noteType">Note Type</NoteTypeCode>  
      <NoteCode sourceCodeSet="NoteTypeCodes" sourceCode="noteType">Note Type</NoteCode>  
      <Note>Change Reason Note</Note>  
      <NoteDateTime format="yyyy-MM-dd hh:mm">2013-01-01 08:00</NoteDateTime>  
      <ExtendedAttributes> 
        <ExtendedAttribute> 
          <SourceName>TestSystem</SourceName>  
          <SourceInstanceId>ExtendedAttribute:1431612275284</SourceInstanceId>  
          <Name>SampleExtendedAttribute</Name>  
          <Type>string</Type>  
          <Format/>  
          <Value>Sample Value</Value>  
          <SourceCreatedDate format="yyyy-MM-dd hh:mm:ss">2000-01-01 10:12:32</SourceCreatedDate>  
          <SourceCreatedBy>SourceCreatedBy</SourceCreatedBy>  
          <SourceModifiedDate format="yyyy-MM-dd">2013-01-01</SourceModifiedDate>  
          <SourceModifiedBy>SourceModifiedBy</SourceModifiedBy> 
        </ExtendedAttribute> 
      </ExtendedAttributes>  
      <SourceStatusCode sourceName="TestSystem" codeSet="SourceStatusCodes">A</SourceStatusCode>  
      <SourceCreatedDate format="yyyy-MM-dd hh:mm:ss">2000-01-01 10:12:32</SourceCreatedDate>  
      <SourceCreatedBy>UnitTest</SourceCreatedBy>  
      <SourceModifiedDate format="yyyy-MM-dd hh:mm:ss">2000-10-01 11:12:32</SourceModifiedDate>  
      <SourceModifiedBy>UnitTest</SourceModifiedBy> 
    </EventNote> 
  </EventNotes>  
  <ExtendedAttributes> 
    <ExtendedAttribute> 
      <SourceName>TestSystem</SourceName>  
      <SourceInstanceId>ExtendedAttribute:1431612275289</SourceInstanceId>  
      <Name>SampleExtendedAttribute</Name>  
      <Type>string</Type>  
      <Format/>  
      <Value>Sample Value</Value>  
      <SourceCreatedDate format="yyyy-MM-dd hh:mm:ss">2000-01-01 10:12:32</SourceCreatedDate>  
      <SourceCreatedBy>SourceCreatedBy</SourceCreatedBy>  
      <SourceModifiedDate format="yyyy-MM-dd">2013-01-01</SourceModifiedDate>  
      <SourceModifiedBy>SourceModifiedBy</SourceModifiedBy> 
    </ExtendedAttribute> 
  </ExtendedAttributes>  
  <SourceStatusCode sourceName="TestSystem" codeSet="SourceStatusCodes">A</SourceStatusCode>  
  <SourceCreatedDate format="yyyy-MM-dd hh:mm:ss">2000-01-01 10:12:32</SourceCreatedDate>  
  <SourceCreatedBy>UnitTest</SourceCreatedBy>  
  <SourceModifiedDate format="yyyy-MM-dd hh:mm:ss">2000-10-01 11:12:32</SourceModifiedDate>  
  <SourceModifiedBy>UnitTest</SourceModifiedBy> 
</ObservationEvent></OmniInterface>