<?xml version="1.0" encoding="UTF-8"?><OmniInterface><IdsPropertyOverride xmlns="http://www.ibi.com/2013/OP/Interface" version="1.2.5">  
  <Ticket>123456</Ticket>  
  <TransactionId>359f34da-283f-4f1f-a3fc-1c84535a510c</TransactionId>  
  <SourceName>REMEDIATION</SourceName>  
  <Subject>Patient</Subject>  
  <SubjectId>Patient:1234</SubjectId>  
  <DataType>string</DataType>  
  <Format/>  
  <PreviousValue>Doe</PreviousValue>  
  <NewValue>Smith</NewValue>  
  <Target>/Patient/Person/Names/PersonName[SourceName = '1234' AND SourceInstanceId = 'PersonName']/LastName</Target>  
  <RequestPayload> &lt;Override&gt; &lt;TicketId&gt;123456&lt;/TicketId&gt; &lt;Type&gt;java.lang.String&lt;/Type&gt; &lt;Format&gt;&lt;/Format&gt; &lt;Value&gt;Doe&lt;/Value&gt; &lt;PreviousValue&gt;Smith&lt;/PreviousValue&gt; &lt;/Override&gt;</RequestPayload> 
</IdsPropertyOverride></OmniInterface>