<?xml version="1.0" encoding="UTF-8"?><OmniInterface><PayerMaster xmlns="http://www.ibi.com/2013/OP/Interface" version="1.2.8">  
  <MasterId>MasterId</MasterId>  
  <MasterStatus>A</MasterStatus>  
  <MasterStatusReason/>  
  <MasterStatusCode omniSourceName="Mastering" omniCodeSet="MasterStatusCodes" omniCode="A">Active</MasterStatusCode>  
  <ParentOrganization> 
    <OrganizationMaster> 
      <MasterId>ParentOrganizationId</MasterId> 
    </OrganizationMaster> 
  </ParentOrganization>  
  <Names> 
    <PayerNameMaster> 
      <MasterChildId>MasterChildId</MasterChildId>  
      <MasterStatus>A</MasterStatus>  
      <MasterStatusReason/>  
      <MasterStatusCode omniSourceName="Mastering" omniCodeSet="MasterStatusCodes" omniCode="A">Active</MasterStatusCode>  
      <Type omniSourceName="OMNI" omniCodeSet="OrgNameTypeCodes" omniCode="DBA">Doing Business As name</Type>  
      <StartDate format="yyyy-MM-dd">1965-02-21</StartDate>  
      <EndDate format="yyyy-MM-dd">2050-01-01</EndDate>  
      <FullName>ABC Company</FullName> 
    </PayerNameMaster> 
  </Names>  
  <Identifiers> 
    <PayerIdentifierMaster> 
      <MasterChildId>MasterChildId</MasterChildId>  
      <MasterStatus>A</MasterStatus>  
      <MasterStatusReason/>  
      <MasterStatusCode omniSourceName="Mastering" omniCodeSet="MasterStatusCodes" omniCode="A">Active</MasterStatusCode>  
      <Type omniSourceName="OMNI" omniCodeSet="OrganizationIdentifierCodes" omniCode="CC">Cost Center Number</Type>  
      <StartDate format="yyyy-MM-dd">2000-01-01</StartDate>  
      <EndDate format="yyyy-MM-dd">2000-01-01</EndDate>  
      <Value>12345678</Value>  
      <IssuingAuthority> 
        <Organization> 
          <SourceName>TestSystem</SourceName>  
          <SourceInstanceId>OrganizationA</SourceInstanceId> 
        </Organization> 
      </IssuingAuthority>  
      <Comment>Comment about identifier.</Comment> 
    </PayerIdentifierMaster> 
  </Identifiers>  
  <Addresses> 
    <PayerAddressMaster> 
      <MasterChildId>MasterChildId</MasterChildId>  
      <MasterStatus>A</MasterStatus>  
      <MasterStatusReason/>  
      <MasterStatusCode omniSourceName="Mastering" omniCodeSet="MasterStatusCodes" omniCode="A">Active</MasterStatusCode>  
      <Type omniSourceName="OMNI" omniCodeSet="AddressTypeCodes" omniCode="H">Home Address</Type>  
      <StartDate format="yyyy-MM-dd">2000-01-01</StartDate>  
      <EndDate format="yyyy-MM-dd">2000-01-01</EndDate>  
      <PreferenceOrder>1</PreferenceOrder>  
      <AddressLine1>4000 East Ave</AddressLine1>  
      <AddressLine2>Suite 555</AddressLine2>  
      <AddressLine3>ATTN: Jane Smith</AddressLine3>  
      <AddressLine4>Fragile</AddressLine4>  
      <City>Livonia</City>  
      <StateProvince omniSourceName="OMNI" omniCodeSet="StateCodes" omniCode="NY">New York</StateProvince>  
      <PostalCode>14488</PostalCode>  
      <Country omniSourceName="OMNI" omniCodeSet="CountryCodes" omniCode="USA">United States</Country>  
      <CountyRegion omniSourceName="OMNI" omniCodeSet="CountyRegionCodes" omniCode="LIV">Livingston</CountyRegion>  
      <UsageComment>Do not ring bell</UsageComment> 
    </PayerAddressMaster> 
  </Addresses>  
  <ContactMethods> 
    <PayerContactMethodMaster> 
      <MasterChildId>MasterChildId</MasterChildId>  
      <MasterStatus>A</MasterStatus>  
      <MasterStatusReason/>  
      <MasterStatusCode omniSourceName="Mastering" omniCodeSet="MasterStatusCodes" omniCode="A">Active</MasterStatusCode>  
      <Type omniSourceName="OMNI" omniCodeSet="0185" omniCode="H">Home Phone Number</Type>  
      <StartDate format="yyyy-MM-dd">2000-01-01</StartDate>  
      <EndDate format="yyyy-MM-dd">2050-01-01</EndDate>  
      <PreferenceOrder>1</PreferenceOrder>  
      <Value>(222) 234-6879 x9808</Value>  
      <UsageComment>No calls after 5pm</UsageComment> 
    </PayerContactMethodMaster> 
  </ContactMethods> 
</PayerMaster></OmniInterface>