<?xml version="1.0" encoding="UTF-8"?><OmniInterface><Patient xmlns="http://www.ibi.com/2013/OP/Interface" version="1.1.8">  
  <OmniStatus>A</OmniStatus>  
  <OmniStatusReason>Active</OmniStatusReason>  
  <SourceName>TestSystem</SourceName>  
  <SourceInstanceId>Patient:1427926130223</SourceInstanceId>  
  <SourceInstanceIdName>SID Name</SourceInstanceIdName>  
  <PreMergeSurvivor> 
    <Patient> 
      <SourceName>TestSystem</SourceName>  
      <SourceInstanceId>TestSystem:PatientSurvivor</SourceInstanceId> 
    </Patient> 
  </PreMergeSurvivor>  
  <PatientType sourceCodeSet="PatientTypeCodes" sourceCode="07">VIP</PatientType>  
  <FamilyGroupingIdentifier>SMITH123</FamilyGroupingIdentifier>  
  <DrugAllergies sourceCodeSet="YesNo" sourceCode="Y">Yes</DrugAllergies>  
  <DiseaseAlert sourceCodeSet="YesNo" sourceCode="Y">Yes</DiseaseAlert>  
  <Occupation sourceCodeSet="Occupations" sourceCode="01">Software Developer</Occupation>  
  <Disability sourceCodeSet="Disabilities" sourceCode="22">Blind</Disability>  
  <LivingArrangement sourceCodeSet="LivingArrangement" sourceCode="A">Alone</LivingArrangement>  
  <LivingDependancy sourceCodeSet="LivingDependancy" sourceCode="02">Spouse Dependant</LivingDependancy>  
  <Adopted sourceCodeSet="YesNo" sourceCode="Y">Yes</Adopted>  
  <FosterChild sourceCodeSet="YesNo" sourceCode="N">No</FosterChild>  
  <MultipleBirth sourceCodeSet="YesNo" sourceCode="Y">Yes</MultipleBirth>  
  <MultipleBirthTotal>2</MultipleBirthTotal>  
  <BirthOrder>1</BirthOrder>  
  <OrganDonor sourceCodeSet="YesNo" sourceCode="Y">Yes</OrganDonor>  
  <LivingWill sourceCodeSet="LivingWill" sourceCode="I">No, Patient does not have a living will but information was provided.</LivingWill>  
  <LivingWillDate format="yyyy-MM-dd">2000-01-01</LivingWillDate>  
  <BadDebt sourceCodeSet="YesNo" sourceCode="Y">Yes</BadDebt>  
  <IdentityUnknown sourceCodeSet="YesNo" sourceCode="N">No</IdentityUnknown>  
  <MyChartSignedupDate format="yyyy-MM-dd">2010-12-12</MyChartSignedupDate>  
  <Education> 
    <Student sourceCodeSet="Student" sourceCode="F">Full Time Student</Student>  
    <SchoolName>University of Somewhere</SchoolName>  
    <EducationLevel sourceCodeSet="EductionLevel" sourceCode="G">Graduate School</EducationLevel>  
    <DegreeComplete>Master's</DegreeComplete> 
  </Education>  
  <Habits> 
    <AlcoholUse sourceCodeSet="YesNo" sourceCode="Y">Yes</AlcoholUse>  
    <AlcoholOunces>16</AlcoholOunces>  
    <TobaccoUse sourceCodeSet="YesNo" sourceCode="Y">Yes</TobaccoUse>  
    <TobaccoYears>15</TobaccoYears>  
    <ChewUse sourceCodeSet="YesNo" sourceCode="Y">Yes</ChewUse>  
    <SnuffUse sourceCodeSet="YesNo" sourceCode="Y">Yes</SnuffUse>  
    <SmokingStartDate format="yyyy-MM-dd">1990-01-01</SmokingStartDate>  
    <SmokingQuitDate format="yyyy-MM-dd">2005-01-01</SmokingQuitDate>  
    <TobaccoPkPerDay>5</TobaccoPkPerDay>  
    <CigarUse sourceCodeSet="YesNo" sourceCode="Y">Yes</CigarUse>  
    <CigaretteUse sourceCodeSet="YesNo" sourceCode="Y">Yes</CigaretteUse>  
    <PipeUse sourceCodeSet="YesNo" sourceCode="Y">Yes</PipeUse>  
    <IllicitDrugUse sourceCodeSet="YesNo" sourceCode="Y">Yes</IllicitDrugUse>  
    <IllicitFrequency>3 per day</IllicitFrequency>  
    <IVDrugUse sourceCodeSet="YesNo" sourceCode="Y">Yes</IVDrugUse> 
  </Habits>  
  <Gynecological> 
    <GynecologicalNote>Patient in good health.</GynecologicalNote>  
    <AgeAtMenarche>13</AgeAtMenarche>  
    <AgeAtMenopause>50</AgeAtMenopause>  
    <AgeAtFirstPregnancy>21</AgeAtFirstPregnancy>  
    <ExpectedDeliveryDate format="yyyy-mm-dd">2000-11-11</ExpectedDeliveryDate>  
    <ExpectedDeliveryDateComment>Delivery should be on time.</ExpectedDeliveryDateComment>  
    <ExpectedDeliveryDateEntered format="yyyy-MM-dd">2000-01-01</ExpectedDeliveryDateEntered>  
    <MonthsSpentBreastfeeding>22</MonthsSpentBreastfeeding> 
  </Gynecological>  
  <PreferredProviderPreferences> 
    <Language sourceCodeSet="Language" sourceCode="E">English</Language>  
    <Gender sourceCodeSet="Gender" sourceCode="F">Female</Gender>  
    <Specialty sourceCodeSet="Specialities" sourceCode="CAN">Cancer</Specialty> 
  </PreferredProviderPreferences>  
  <Person> 
    <Person version="1.1.8"> 
      <OmniStatus>A</OmniStatus>  
      <OmniStatusReason>Active</OmniStatusReason>  
      <SourceName>TestSystem</SourceName>  
      <SourceInstanceId>Person:1427926130233</SourceInstanceId>  
      <SourceInstanceIdName>SID Name</SourceInstanceIdName>  
      <Publicity sourceCodeSet="PublicityCodes" sourceCode="N">No Publicity</Publicity>  
      <Protection sourceCodeSet="ProtectionCodes" sourceCode="UL">Unlisted</Protection>  
      <Gender sourceCodeSet="GenderCodes" sourceCode="F">Female</Gender>  
      <MaritalStatus sourceCodeSet="MaritalStatusCodes" sourceCode="D">Divorced</MaritalStatus>  
      <Language sourceCodeSet="LanguageCodes" sourceCode="E">English</Language>  
      <CareLanguage sourceCodeSet="LanguageCodes" sourceCode="S">Spanish</CareLanguage>  
      <WrittenLanguage sourceCodeSet="LanguageCodes" sourceCode="E">English</WrittenLanguage>  
      <EnglishFluency sourceCodeSet="YesNoCodes" sourceCode="Y">Yes</EnglishFluency>  
      <InterpreterRequired sourceCodeSet="YesNoCodes" sourceCode="Y">Yes</InterpreterRequired>  
      <Citizenship sourceCodeSet="CitizenshipCodes" sourceCode="USA">United States of America</Citizenship>  
      <EthnicGroup sourceCodeSet="EthincGroupCodes" sourceCode="H">Hispanic</EthnicGroup>  
      <Race sourceCodeSet="RaceCodes" sourceCode="WH">White</Race>  
      <Religion sourceCodeSet="ReligionCodes" sourceCode="AB">American Baptist</Religion>  
      <PlaceOfWorship>United Church of Christ, Sunnyvale</PlaceOfWorship>  
      <MotherMaidenName>Steele</MotherMaidenName>  
      <DateOfBirth format="yyyy-MM-dd">1965-02-21</DateOfBirth>  
      <Deceased sourceCodeSet="YesNoCodes" sourceCode="N">No</Deceased>  
      <DateOfDeath format="yyyy-MM-dd">2050-02-21</DateOfDeath>  
      <CauseOfDeath>Currently alive and well.</CauseOfDeath>  
      <Handicap sourceCodeSet="HandicapCodes" sourceCode="DV">Decreased Vision</Handicap>  
      <HearingImpaired sourceCodeSet="YesNoCodes" sourceCode="N">No</HearingImpaired>  
      <VisuallyImpaired sourceCodeSet="YesNoCodes" sourceCode="Y">Yes</VisuallyImpaired>  
      <Blind sourceCodeSet="YesNoCodes" sourceCode="N">No</Blind>  
      <Deaf sourceCodeSet="YesNoCodes" sourceCode="N">No</Deaf>  
      <AmbulatoryStatus sourceCodeSet="AmbulatoryStatusCodes" sourceCode="A5">Vision Impaired</AmbulatoryStatus>  
      <Military> 
        <VeteranStatus sourceCodeSet="VeteranStatusCodes" sourceCode="Reserves">Reserves</VeteranStatus>  
        <Branch sourceCodeSet="MilitaryBranchCodes" sourceCode="Army">United States Army</Branch>  
        <Category sourceCodeSet="MilitaryCategoryCodes" sourceCode="A14">A14</Category>  
        <Component sourceCodeSet="MilitaryComponentCodes" sourceCode="AR">Army Reserve</Component>  
        <PayGrade>E-7</PayGrade>  
        <Rank sourceName="OMNI" sourceCodeSet="0141" sourceCode="E7">Enlisted Level 7</Rank>  
        <UnitId>platoon</UnitId> 
      </Military>  
      <Names> 
        <PersonName> 
          <OmniStatus>A</OmniStatus>  
          <OmniStatusReason>Active</OmniStatusReason>  
          <SourceName>TestSystem</SourceName>  
          <SourceInstanceId>PersonName:1427926130237</SourceInstanceId>  
          <SourceInstanceIdName>SID Name</SourceInstanceIdName>  
          <Type sourceCodeSet="NameTypeCodes" sourceCode="L">Legal Name</Type>  
          <StartDate format="yyyy-MM-dd">1965-02-21</StartDate>  
          <EndDate format="yyyy-MM-dd">2050-01-01</EndDate>  
          <FullName>Jane E. Smith</FullName>  
          <Prefix>Ms</Prefix>  
          <FirstName>Jane</FirstName>  
          <LastName>Smith</LastName>  
          <MiddleName>E</MiddleName>  
          <Suffix>III</Suffix>  
          <Degree>Dr</Degree>  
          <Title>Senior Specialist</Title>  
          <ExtendedAttributes> 
            <ExtendedAttribute> 
              <SourceName>TestSystem</SourceName>  
              <SourceInstanceId>ExtendedAttribute:1427926130239</SourceInstanceId>  
              <Name>SampleExtendedAttribute</Name>  
              <Type>string</Type>  
              <Format/>  
              <Value>Sample Value</Value>  
              <SourceCreatedDate format="yyyy-MM-dd hh:mm:ss">2000-01-01 10:12:32</SourceCreatedDate>  
              <SourceCreatedBy>SourceCreatedBy</SourceCreatedBy>  
              <SourceModifiedDate format="yyyy-MM-dd">2013-01-01</SourceModifiedDate>  
              <SourceModifiedBy>SourceModifiedBy</SourceModifiedBy> 
            </ExtendedAttribute> 
          </ExtendedAttributes>  
          <SourceStatusCode sourceName="TestSystem" codeSet="SourceStatusCodes">A</SourceStatusCode>  
          <SourceCreatedDate format="yyyy-MM-dd hh:mm:ss">2000-01-01 10:12:32</SourceCreatedDate>  
          <SourceCreatedBy>UnitTest</SourceCreatedBy>  
          <SourceModifiedDate format="yyyy-MM-dd hh:mm:ss">2000-10-01 11:12:32</SourceModifiedDate>  
          <SourceModifiedBy>UnitTest</SourceModifiedBy> 
        </PersonName> 
      </Names>  
      <Addresses> 
        <PersonAddress> 
          <OmniStatus>A</OmniStatus>  
          <OmniStatusReason>Active</OmniStatusReason>  
          <SourceName>TestSystem</SourceName>  
          <SourceInstanceId>PersonAddress:1427926130241</SourceInstanceId>  
          <SourceInstanceIdName>SID Name</SourceInstanceIdName>  
          <Type sourceCodeSet="AddressTypeCodes" sourceCode="H">Home Address</Type>  
          <StartDate format="yyyy-MM-dd">2000-01-01</StartDate>  
          <EndDate format="yyyy-MM-dd">2000-01-01</EndDate>  
          <PreferenceOrder>1</PreferenceOrder>  
          <AddressLine1>4000 East Ave</AddressLine1>  
          <AddressLine2>Suite 555</AddressLine2>  
          <AddressLine3>ATTN: Jane Smith</AddressLine3>  
          <AddressLine4>Fragile</AddressLine4>  
          <City>Livonia</City>  
          <StateProvince sourceCodeSet="StateCodes" sourceCode="NY">New York</StateProvince>  
          <PostalCode>14488</PostalCode>  
          <Country sourceCodeSet="CountryCodes" sourceCode="USA">United States</Country>  
          <CountyRegion sourceCodeSet="CountyRegionCodes" sourceCode="LIV">Livingston</CountyRegion>  
          <UsageComment>Do not ring bell</UsageComment>  
          <ExtendedAttributes> 
            <ExtendedAttribute> 
              <SourceName>TestSystem</SourceName>  
              <SourceInstanceId>ExtendedAttribute:1427926130243</SourceInstanceId>  
              <Name>SampleExtendedAttribute</Name>  
              <Type>string</Type>  
              <Format/>  
              <Value>Sample Value</Value>  
              <SourceCreatedDate format="yyyy-MM-dd hh:mm:ss">2000-01-01 10:12:32</SourceCreatedDate>  
              <SourceCreatedBy>SourceCreatedBy</SourceCreatedBy>  
              <SourceModifiedDate format="yyyy-MM-dd">2013-01-01</SourceModifiedDate>  
              <SourceModifiedBy>SourceModifiedBy</SourceModifiedBy> 
            </ExtendedAttribute> 
          </ExtendedAttributes>  
          <SourceStatusCode sourceName="TestSystem" codeSet="SourceStatusCodes">A</SourceStatusCode>  
          <SourceCreatedDate format="yyyy-MM-dd hh:mm:ss">2000-01-01 10:12:32</SourceCreatedDate>  
          <SourceCreatedBy>UnitTest</SourceCreatedBy>  
          <SourceModifiedDate format="yyyy-MM-dd hh:mm:ss">2000-10-01 11:12:32</SourceModifiedDate>  
          <SourceModifiedBy>UnitTest</SourceModifiedBy> 
        </PersonAddress> 
      </Addresses>  
      <Identifiers> 
        <PersonIdentifier> 
          <OmniStatus>A</OmniStatus>  
          <OmniStatusReason>Active</OmniStatusReason>  
          <SourceName>TestSystem</SourceName>  
          <SourceInstanceId>PersonIdentifier:1427926130245</SourceInstanceId>  
          <SourceInstanceIdName>SID Name</SourceInstanceIdName>  
          <Type sourceCodeSet="IdentifierCodes" sourceCode="MRN">Medical Record Number</Type>  
          <StartDate format="yyyy-MM-dd">2000-01-01</StartDate>  
          <EndDate format="yyyy-MM-dd">2000-01-01</EndDate>  
          <Value>12345678</Value>  
          <IssuingAuthority> 
            <Organization> 
              <SourceName>TestSystem</SourceName>  
              <SourceInstanceId>HospitalA</SourceInstanceId>  
              <OrganizationType sourceCodeSet="organizationTypeCodes" sourceCode="H">Hospital</OrganizationType> 
            </Organization> 
          </IssuingAuthority>  
          <Comment>Comment about identifier.</Comment>  
          <ExtendedAttributes> 
            <ExtendedAttribute> 
              <SourceName>TestSystem</SourceName>  
              <SourceInstanceId>ExtendedAttribute:1427926130248</SourceInstanceId>  
              <Name>SampleExtendedAttribute</Name>  
              <Type>string</Type>  
              <Format/>  
              <Value>Sample Value</Value>  
              <SourceCreatedDate format="yyyy-MM-dd hh:mm:ss">2000-01-01 10:12:32</SourceCreatedDate>  
              <SourceCreatedBy>SourceCreatedBy</SourceCreatedBy>  
              <SourceModifiedDate format="yyyy-MM-dd">2013-01-01</SourceModifiedDate>  
              <SourceModifiedBy>SourceModifiedBy</SourceModifiedBy> 
            </ExtendedAttribute> 
          </ExtendedAttributes>  
          <SourceStatusCode sourceName="TestSystem" codeSet="SourceStatusCodes">A</SourceStatusCode>  
          <SourceCreatedDate format="yyyy-MM-dd hh:mm:ss">2000-01-01 10:12:32</SourceCreatedDate>  
          <SourceCreatedBy>UnitTest</SourceCreatedBy>  
          <SourceModifiedDate format="yyyy-MM-dd hh:mm:ss">2000-10-01 11:12:32</SourceModifiedDate>  
          <SourceModifiedBy>UnitTest</SourceModifiedBy> 
        </PersonIdentifier> 
      </Identifiers>  
      <ContactMethods> 
        <PersonContactMethod> 
          <OmniStatus>A</OmniStatus>  
          <OmniStatusReason>Active</OmniStatusReason>  
          <SourceName>TestSystem</SourceName>  
          <SourceInstanceId>PersonContactMethod:1427926130250</SourceInstanceId>  
          <SourceInstanceIdName>SID Name</SourceInstanceIdName>  
          <Type sourceName="OMNI" sourceCodeSet="0185" sourceCode="H">Home Phone Number</Type>  
          <StartDate format="yyyy-MM-dd">2000-01-01</StartDate>  
          <EndDate format="yyyy-MM-dd">2050-01-01</EndDate>  
          <PreferenceOrder>1</PreferenceOrder>  
          <Protection sourceCodeSet="ProtectionCodes" sourceCode="UP">Unpublished</Protection>  
          <Value>(222) 234-6879 x9808</Value>  
          <UsageComment>No calls after 5pm</UsageComment>  
          <ExtendedAttributes> 
            <ExtendedAttribute> 
              <SourceName>TestSystem</SourceName>  
              <SourceInstanceId>ExtendedAttribute:1427926130251</SourceInstanceId>  
              <Name>SampleExtendedAttribute</Name>  
              <Type>string</Type>  
              <Format/>  
              <Value>Sample Value</Value>  
              <SourceCreatedDate format="yyyy-MM-dd hh:mm:ss">2000-01-01 10:12:32</SourceCreatedDate>  
              <SourceCreatedBy>SourceCreatedBy</SourceCreatedBy>  
              <SourceModifiedDate format="yyyy-MM-dd">2013-01-01</SourceModifiedDate>  
              <SourceModifiedBy>SourceModifiedBy</SourceModifiedBy> 
            </ExtendedAttribute> 
          </ExtendedAttributes>  
          <SourceStatusCode sourceName="TestSystem" codeSet="SourceStatusCodes">A</SourceStatusCode>  
          <SourceCreatedDate format="yyyy-MM-dd hh:mm:ss">2000-01-01 10:12:32</SourceCreatedDate>  
          <SourceCreatedBy>UnitTest</SourceCreatedBy>  
          <SourceModifiedDate format="yyyy-MM-dd hh:mm:ss">2000-10-01 11:12:32</SourceModifiedDate>  
          <SourceModifiedBy>UnitTest</SourceModifiedBy> 
        </PersonContactMethod> 
      </ContactMethods>  
      <Relations> 
        <PersonRelation> 
          <OmniStatus>A</OmniStatus>  
          <OmniStatusReason>Active</OmniStatusReason>  
          <SourceName>TestSystem</SourceName>  
          <SourceInstanceId>PersonRelation:1427926130254</SourceInstanceId>  
          <SourceInstanceIdName>SID Name</SourceInstanceIdName>  
          <Type sourceCodeSet="PersonRelationCodes" sourceCode="SPO">Spouse</Type>  
          <StartDate format="yyyy-MM-dd">2000-01-01</StartDate>  
          <EndDate format="yyyy-MM-dd">2000-01-01</EndDate>  
          <Relation> 
            <Person> 
              <SourceName>UnitTest</SourceName>  
              <SourceInstanceId>RelatedSpouse</SourceInstanceId> 
            </Person> 
          </Relation>  
          <ExtendedAttributes> 
            <ExtendedAttribute> 
              <SourceName>TestSystem</SourceName>  
              <SourceInstanceId>ExtendedAttribute:1427926130256</SourceInstanceId>  
              <Name>SampleExtendedAttribute</Name>  
              <Type>string</Type>  
              <Format/>  
              <Value>Sample Value</Value>  
              <SourceCreatedDate format="yyyy-MM-dd hh:mm:ss">2000-01-01 10:12:32</SourceCreatedDate>  
              <SourceCreatedBy>SourceCreatedBy</SourceCreatedBy>  
              <SourceModifiedDate format="yyyy-MM-dd">2013-01-01</SourceModifiedDate>  
              <SourceModifiedBy>SourceModifiedBy</SourceModifiedBy> 
            </ExtendedAttribute> 
          </ExtendedAttributes>  
          <SourceStatusCode sourceName="TestSystem" codeSet="SourceStatusCodes">A</SourceStatusCode>  
          <SourceCreatedDate format="yyyy-MM-dd hh:mm:ss">2000-01-01 10:12:32</SourceCreatedDate>  
          <SourceCreatedBy>UnitTest</SourceCreatedBy>  
          <SourceModifiedDate format="yyyy-MM-dd hh:mm:ss">2000-10-01 11:12:32</SourceModifiedDate>  
          <SourceModifiedBy>UnitTest</SourceModifiedBy> 
        </PersonRelation> 
      </Relations>  
      <ExtendedAttributes> 
        <ExtendedAttribute> 
          <SourceName>TestSystem</SourceName>  
          <SourceInstanceId>ExtendedAttribute:1427926130258</SourceInstanceId>  
          <Name>SampleExtendedAttribute</Name>  
          <Type>string</Type>  
          <Format/>  
          <Value>Sample Value</Value>  
          <SourceCreatedDate format="yyyy-MM-dd hh:mm:ss">2000-01-01 10:12:32</SourceCreatedDate>  
          <SourceCreatedBy>SourceCreatedBy</SourceCreatedBy>  
          <SourceModifiedDate format="yyyy-MM-dd">2013-01-01</SourceModifiedDate>  
          <SourceModifiedBy>SourceModifiedBy</SourceModifiedBy> 
        </ExtendedAttribute> 
      </ExtendedAttributes>  
      <SourceStatusCode sourceName="TestSystem" codeSet="SourceStatusCodes">A</SourceStatusCode>  
      <SourceCreatedDate format="yyyy-MM-dd hh:mm:ss">2000-01-01 10:12:32</SourceCreatedDate>  
      <SourceCreatedBy>UnitTest</SourceCreatedBy>  
      <SourceModifiedDate format="yyyy-MM-dd hh:mm:ss">2000-10-01 11:12:32</SourceModifiedDate>  
      <SourceModifiedBy>UnitTest</SourceModifiedBy> 
    </Person> 
  </Person>  
  <PreferredProviders> 
    <PatientPreferredProvider> 
      <OmniStatus>A</OmniStatus>  
      <OmniStatusReason>Active</OmniStatusReason>  
      <SourceName>TestSystem</SourceName>  
      <SourceInstanceId>PatientPreferredProvider:1427926130261</SourceInstanceId>  
      <SourceInstanceIdName>SID Name</SourceInstanceIdName>  
      <Type sourceCodeSet="PreferredProviderTypeCodes" sourceCode="ALLERGY">Allergy Doctor</Type>  
      <StartDate format="yyyy-MM-dd">2000-01-01</StartDate>  
      <EndDate format="yyyy-MM-dd">2000-01-01</EndDate>  
      <Provider> 
        <Provider> 
          <SourceName>TestSystem</SourceName>  
          <SourceInstanceId>AllergyDoctorId</SourceInstanceId> 
        </Provider> 
      </Provider>  
      <ExtendedAttributes> 
        <ExtendedAttribute> 
          <SourceName>TestSystem</SourceName>  
          <SourceInstanceId>ExtendedAttribute:1427926130263</SourceInstanceId>  
          <Name>SampleExtendedAttribute</Name>  
          <Type>string</Type>  
          <Format/>  
          <Value>Sample Value</Value>  
          <SourceCreatedDate format="yyyy-MM-dd hh:mm:ss">2000-01-01 10:12:32</SourceCreatedDate>  
          <SourceCreatedBy>SourceCreatedBy</SourceCreatedBy>  
          <SourceModifiedDate format="yyyy-MM-dd">2013-01-01</SourceModifiedDate>  
          <SourceModifiedBy>SourceModifiedBy</SourceModifiedBy> 
        </ExtendedAttribute> 
      </ExtendedAttributes>  
      <SourceCreatedDate format="yyyy-MM-dd hh:mm:ss">2000-01-01 10:12:32</SourceCreatedDate>  
      <SourceCreatedBy>UnitTest</SourceCreatedBy>  
      <SourceModifiedDate format="yyyy-MM-dd hh:mm:ss">2000-10-01 11:12:32</SourceModifiedDate>  
      <SourceModifiedBy>UnitTest</SourceModifiedBy> 
    </PatientPreferredProvider> 
  </PreferredProviders>  
  <Overrides> 
    <PatientManualOverride> 
      <OmniStatus>A</OmniStatus>  
      <OmniStatusReason>Active</OmniStatusReason>  
      <SourceName>TestSystem</SourceName>  
      <SourceInstanceId>PatientManualOverride:1427926130265</SourceInstanceId>  
      <SourceInstanceIdName>SID Name</SourceInstanceIdName>  
      <OverrideType sourceCodeSet="OverrideTypeCodes" sourceCode="LP">Link Patients</OverrideType>  
      <OtherPatient> 
        <Patient> 
          <SourceName>TestSystem</SourceName>  
          <SourceInstanceId>MRN:98765432</SourceInstanceId> 
        </Patient> 
      </OtherPatient>  
      <ExtendedAttributes> 
        <ExtendedAttribute> 
          <SourceName>TestSystem</SourceName>  
          <SourceInstanceId>ExtendedAttribute:1427926130267</SourceInstanceId>  
          <Name>SampleExtendedAttribute</Name>  
          <Type>string</Type>  
          <Format/>  
          <Value>Sample Value</Value>  
          <SourceCreatedDate format="yyyy-MM-dd hh:mm:ss">2000-01-01 10:12:32</SourceCreatedDate>  
          <SourceCreatedBy>SourceCreatedBy</SourceCreatedBy>  
          <SourceModifiedDate format="yyyy-MM-dd">2013-01-01</SourceModifiedDate>  
          <SourceModifiedBy>SourceModifiedBy</SourceModifiedBy> 
        </ExtendedAttribute> 
      </ExtendedAttributes>  
      <SourceCreatedDate format="yyyy-MM-dd hh:mm:ss">2000-01-01 10:12:32</SourceCreatedDate>  
      <SourceCreatedBy>UnitTest</SourceCreatedBy>  
      <SourceModifiedDate format="yyyy-MM-dd hh:mm:ss">2000-10-01 11:12:32</SourceModifiedDate>  
      <SourceModifiedBy>UnitTest</SourceModifiedBy> 
    </PatientManualOverride> 
  </Overrides>  
  <ExtendedAttributes> 
    <ExtendedAttribute> 
      <SourceName>TestSystem</SourceName>  
      <SourceInstanceId>ExtendedAttribute:1427926130268</SourceInstanceId>  
      <Name>SampleExtendedAttribute</Name>  
      <Type>string</Type>  
      <Format/>  
      <Value>Sample Value</Value>  
      <SourceCreatedDate format="yyyy-MM-dd hh:mm:ss">2000-01-01 10:12:32</SourceCreatedDate>  
      <SourceCreatedBy>SourceCreatedBy</SourceCreatedBy>  
      <SourceModifiedDate format="yyyy-MM-dd">2013-01-01</SourceModifiedDate>  
      <SourceModifiedBy>SourceModifiedBy</SourceModifiedBy> 
    </ExtendedAttribute> 
  </ExtendedAttributes>  
  <SourceStatusCode sourceName="TestSystem" codeSet="SourceStatusCodes">A</SourceStatusCode>  
  <SourceCreatedDate format="yyyy-MM-dd hh:mm:ss">2000-01-01 10:12:32</SourceCreatedDate>  
  <SourceCreatedBy>UnitTest</SourceCreatedBy>  
  <SourceModifiedDate format="yyyy-MM-dd hh:mm:ss">2000-10-01 11:12:32</SourceModifiedDate>  
  <SourceModifiedBy>UnitTest</SourceModifiedBy> 
</Patient></OmniInterface>