<?xml version="1.0" encoding="UTF-8"?><OmniInterface><Person xmlns="http://www.ibi.com/2013/OP/Interface" version="1.1.7">  
  <OmniStatus>A</OmniStatus>  
  <OmniStatusReason>Active</OmniStatusReason>  
  <SourceName>TestSystem</SourceName>  
  <SourceInstanceId>Person:1427926243594</SourceInstanceId>  
  <SourceInstanceIdName>SID Name</SourceInstanceIdName>  
  <Publicity sourceCodeSet="PublicityCodes" sourceCode="N">No Publicity</Publicity>  
  <Protection sourceCodeSet="ProtectionCodes" sourceCode="UL">Unlisted</Protection>  
  <Gender sourceCodeSet="GenderCodes" sourceCode="F">Female</Gender>  
  <MaritalStatus sourceCodeSet="MaritalStatusCodes" sourceCode="D">Divorced</MaritalStatus>  
  <Language sourceCodeSet="LanguageCodes" sourceCode="E">English</Language>  
  <CareLanguage sourceCodeSet="LanguageCodes" sourceCode="S">Spanish</CareLanguage>  
  <WrittenLanguage sourceCodeSet="LanguageCodes" sourceCode="E">English</WrittenLanguage>  
  <EnglishFluency sourceCodeSet="YesNoCodes" sourceCode="Y">Yes</EnglishFluency>  
  <InterpreterRequired sourceCodeSet="YesNoCodes" sourceCode="Y">Yes</InterpreterRequired>  
  <Citizenship sourceCodeSet="CitizenshipCodes" sourceCode="USA">United States of America</Citizenship>  
  <EthnicGroup sourceCodeSet="EthincGroupCodes" sourceCode="H">Hispanic</EthnicGroup>  
  <Race sourceCodeSet="RaceCodes" sourceCode="WH">White</Race>  
  <Religion sourceCodeSet="ReligionCodes" sourceCode="AB">American Baptist</Religion>  
  <PlaceOfWorship>United Church of Christ, Sunnyvale</PlaceOfWorship>  
  <MotherMaidenName>Steele</MotherMaidenName>  
  <DateOfBirth format="yyyy-MM-dd">1965-02-21</DateOfBirth>  
  <Deceased sourceCodeSet="YesNoCodes" sourceCode="N">No</Deceased>  
  <DateOfDeath format="yyyy-MM-dd">2050-02-21</DateOfDeath>  
  <CauseOfDeath>Currently alive and well.</CauseOfDeath>  
  <Handicap sourceCodeSet="HandicapCodes" sourceCode="DV">Decreased Vision</Handicap>  
  <HearingImpaired sourceCodeSet="YesNoCodes" sourceCode="N">No</HearingImpaired>  
  <VisuallyImpaired sourceCodeSet="YesNoCodes" sourceCode="Y">Yes</VisuallyImpaired>  
  <Blind sourceCodeSet="YesNoCodes" sourceCode="N">No</Blind>  
  <Deaf sourceCodeSet="YesNoCodes" sourceCode="N">No</Deaf>  
  <AmbulatoryStatus sourceCodeSet="AmbulatoryStatusCodes" sourceCode="A5">Vision Impaired</AmbulatoryStatus>  
  <Military> 
    <VeteranStatus sourceCodeSet="VeteranStatusCodes" sourceCode="Reserves">Reserves</VeteranStatus>  
    <Branch sourceCodeSet="MilitaryBranchCodes" sourceCode="Army">United States Army</Branch>  
    <Category sourceCodeSet="MilitaryCategoryCodes" sourceCode="A14">A14</Category>  
    <Component sourceCodeSet="MilitaryComponentCodes" sourceCode="AR">Army Reserve</Component>  
    <PayGrade>E-7</PayGrade>  
    <Rank sourceName="OMNI" sourceCodeSet="0141" sourceCode="E7">Enlisted Level 7</Rank>  
    <UnitId>platoon</UnitId> 
  </Military>  
  <Names> 
    <PersonName> 
      <OmniStatus>A</OmniStatus>  
      <OmniStatusReason>Active</OmniStatusReason>  
      <SourceName>TestSystem</SourceName>  
      <SourceInstanceId>PersonName:1427926243602</SourceInstanceId>  
      <SourceInstanceIdName>SID Name</SourceInstanceIdName>  
      <Type sourceCodeSet="NameTypeCodes" sourceCode="L">Legal Name</Type>  
      <StartDate format="yyyy-MM-dd">1965-02-21</StartDate>  
      <EndDate format="yyyy-MM-dd">2050-01-01</EndDate>  
      <FullName>Jane E. Smith</FullName>  
      <Prefix>Ms</Prefix>  
      <FirstName>Jane</FirstName>  
      <LastName>Smith</LastName>  
      <MiddleName>E</MiddleName>  
      <Suffix>III</Suffix>  
      <Degree>Dr</Degree>  
      <Title>Senior Specialist</Title>  
      <ExtendedAttributes> 
        <ExtendedAttribute> 
          <SourceName>TestSystem</SourceName>  
          <SourceInstanceId>ExtendedAttribute:1427926243605</SourceInstanceId>  
          <Name>SampleExtendedAttribute</Name>  
          <Type>string</Type>  
          <Format/>  
          <Value>Sample Value</Value>  
          <SourceCreatedDate format="yyyy-MM-dd hh:mm:ss">2000-01-01 10:12:32</SourceCreatedDate>  
          <SourceCreatedBy>SourceCreatedBy</SourceCreatedBy>  
          <SourceModifiedDate format="yyyy-MM-dd">2013-01-01</SourceModifiedDate>  
          <SourceModifiedBy>SourceModifiedBy</SourceModifiedBy> 
        </ExtendedAttribute> 
      </ExtendedAttributes>  
      <SourceStatusCode sourceName="TestSystem" codeSet="SourceStatusCodes">A</SourceStatusCode>  
      <SourceCreatedDate format="yyyy-MM-dd hh:mm:ss">2000-01-01 10:12:32</SourceCreatedDate>  
      <SourceCreatedBy>UnitTest</SourceCreatedBy>  
      <SourceModifiedDate format="yyyy-MM-dd hh:mm:ss">2000-10-01 11:12:32</SourceModifiedDate>  
      <SourceModifiedBy>UnitTest</SourceModifiedBy> 
    </PersonName> 
  </Names>  
  <Addresses> 
    <PersonAddress> 
      <OmniStatus>A</OmniStatus>  
      <OmniStatusReason>Active</OmniStatusReason>  
      <SourceName>TestSystem</SourceName>  
      <SourceInstanceId>PersonAddress:1427926243609</SourceInstanceId>  
      <SourceInstanceIdName>SID Name</SourceInstanceIdName>  
      <Type sourceCodeSet="AddressTypeCodes" sourceCode="H">Home Address</Type>  
      <StartDate format="yyyy-MM-dd">2000-01-01</StartDate>  
      <EndDate format="yyyy-MM-dd">2000-01-01</EndDate>  
      <PreferenceOrder>1</PreferenceOrder>  
      <AddressLine1>4000 East Ave</AddressLine1>  
      <AddressLine2>Suite 555</AddressLine2>  
      <AddressLine3>ATTN: Jane Smith</AddressLine3>  
      <AddressLine4>Fragile</AddressLine4>  
      <City>Livonia</City>  
      <StateProvince sourceCodeSet="StateCodes" sourceCode="NY">New York</StateProvince>  
      <PostalCode>14488</PostalCode>  
      <Country sourceCodeSet="CountryCodes" sourceCode="USA">United States</Country>  
      <CountyRegion sourceCodeSet="CountyRegionCodes" sourceCode="LIV">Livingston</CountyRegion>  
      <UsageComment>Do not ring bell</UsageComment>  
      <ExtendedAttributes> 
        <ExtendedAttribute> 
          <SourceName>TestSystem</SourceName>  
          <SourceInstanceId>ExtendedAttribute:1427926243613</SourceInstanceId>  
          <Name>SampleExtendedAttribute</Name>  
          <Type>string</Type>  
          <Format/>  
          <Value>Sample Value</Value>  
          <SourceCreatedDate format="yyyy-MM-dd hh:mm:ss">2000-01-01 10:12:32</SourceCreatedDate>  
          <SourceCreatedBy>SourceCreatedBy</SourceCreatedBy>  
          <SourceModifiedDate format="yyyy-MM-dd">2013-01-01</SourceModifiedDate>  
          <SourceModifiedBy>SourceModifiedBy</SourceModifiedBy> 
        </ExtendedAttribute> 
      </ExtendedAttributes>  
      <SourceStatusCode sourceName="TestSystem" codeSet="SourceStatusCodes">A</SourceStatusCode>  
      <SourceCreatedDate format="yyyy-MM-dd hh:mm:ss">2000-01-01 10:12:32</SourceCreatedDate>  
      <SourceCreatedBy>UnitTest</SourceCreatedBy>  
      <SourceModifiedDate format="yyyy-MM-dd hh:mm:ss">2000-10-01 11:12:32</SourceModifiedDate>  
      <SourceModifiedBy>UnitTest</SourceModifiedBy> 
    </PersonAddress> 
  </Addresses>  
  <Identifiers> 
    <PersonIdentifier> 
      <OmniStatus>A</OmniStatus>  
      <OmniStatusReason>Active</OmniStatusReason>  
      <SourceName>TestSystem</SourceName>  
      <SourceInstanceId>PersonIdentifier:1427926243617</SourceInstanceId>  
      <SourceInstanceIdName>SID Name</SourceInstanceIdName>  
      <Type sourceCodeSet="IdentifierCodes" sourceCode="MRN">Medical Record Number</Type>  
      <StartDate format="yyyy-MM-dd">2000-01-01</StartDate>  
      <EndDate format="yyyy-MM-dd">2000-01-01</EndDate>  
      <Value>12345678</Value>  
      <IssuingAuthority> 
        <Organization> 
          <SourceName>TestSystem</SourceName>  
          <SourceInstanceId>HospitalA</SourceInstanceId>  
          <OrganizationType sourceCodeSet="organizationTypeCodes" sourceCode="H">Hospital</OrganizationType> 
        </Organization> 
      </IssuingAuthority>  
      <Comment>Comment about identifier.</Comment>  
      <ExtendedAttributes> 
        <ExtendedAttribute> 
          <SourceName>TestSystem</SourceName>  
          <SourceInstanceId>ExtendedAttribute:1427926243621</SourceInstanceId>  
          <Name>SampleExtendedAttribute</Name>  
          <Type>string</Type>  
          <Format/>  
          <Value>Sample Value</Value>  
          <SourceCreatedDate format="yyyy-MM-dd hh:mm:ss">2000-01-01 10:12:32</SourceCreatedDate>  
          <SourceCreatedBy>SourceCreatedBy</SourceCreatedBy>  
          <SourceModifiedDate format="yyyy-MM-dd">2013-01-01</SourceModifiedDate>  
          <SourceModifiedBy>SourceModifiedBy</SourceModifiedBy> 
        </ExtendedAttribute> 
      </ExtendedAttributes>  
      <SourceStatusCode sourceName="TestSystem" codeSet="SourceStatusCodes">A</SourceStatusCode>  
      <SourceCreatedDate format="yyyy-MM-dd hh:mm:ss">2000-01-01 10:12:32</SourceCreatedDate>  
      <SourceCreatedBy>UnitTest</SourceCreatedBy>  
      <SourceModifiedDate format="yyyy-MM-dd hh:mm:ss">2000-10-01 11:12:32</SourceModifiedDate>  
      <SourceModifiedBy>UnitTest</SourceModifiedBy> 
    </PersonIdentifier> 
  </Identifiers>  
  <ContactMethods> 
    <PersonContactMethod> 
      <OmniStatus>A</OmniStatus>  
      <OmniStatusReason>Active</OmniStatusReason>  
      <SourceName>TestSystem</SourceName>  
      <SourceInstanceId>PersonContactMethod:1427926243625</SourceInstanceId>  
      <SourceInstanceIdName>SID Name</SourceInstanceIdName>  
      <Type sourceName="OMNI" sourceCodeSet="0185" sourceCode="H">Home Phone Number</Type>  
      <StartDate format="yyyy-MM-dd">2000-01-01</StartDate>  
      <EndDate format="yyyy-MM-dd">2050-01-01</EndDate>  
      <PreferenceOrder>1</PreferenceOrder>  
      <Protection sourceCodeSet="ProtectionCodes" sourceCode="UP">Unpublished</Protection>  
      <Value>(222) 234-6879 x9808</Value>  
      <UsageComment>No calls after 5pm</UsageComment>  
      <ExtendedAttributes> 
        <ExtendedAttribute> 
          <SourceName>TestSystem</SourceName>  
          <SourceInstanceId>ExtendedAttribute:1427926243627</SourceInstanceId>  
          <Name>SampleExtendedAttribute</Name>  
          <Type>string</Type>  
          <Format/>  
          <Value>Sample Value</Value>  
          <SourceCreatedDate format="yyyy-MM-dd hh:mm:ss">2000-01-01 10:12:32</SourceCreatedDate>  
          <SourceCreatedBy>SourceCreatedBy</SourceCreatedBy>  
          <SourceModifiedDate format="yyyy-MM-dd">2013-01-01</SourceModifiedDate>  
          <SourceModifiedBy>SourceModifiedBy</SourceModifiedBy> 
        </ExtendedAttribute> 
      </ExtendedAttributes>  
      <SourceStatusCode sourceName="TestSystem" codeSet="SourceStatusCodes">A</SourceStatusCode>  
      <SourceCreatedDate format="yyyy-MM-dd hh:mm:ss">2000-01-01 10:12:32</SourceCreatedDate>  
      <SourceCreatedBy>UnitTest</SourceCreatedBy>  
      <SourceModifiedDate format="yyyy-MM-dd hh:mm:ss">2000-10-01 11:12:32</SourceModifiedDate>  
      <SourceModifiedBy>UnitTest</SourceModifiedBy> 
    </PersonContactMethod> 
  </ContactMethods>  
  <Relations> 
    <PersonRelation> 
      <OmniStatus>A</OmniStatus>  
      <OmniStatusReason>Active</OmniStatusReason>  
      <SourceName>TestSystem</SourceName>  
      <SourceInstanceId>PersonRelation:1427926243631</SourceInstanceId>  
      <SourceInstanceIdName>SID Name</SourceInstanceIdName>  
      <Type sourceCodeSet="PersonRelationCodes" sourceCode="SPO">Spouse</Type>  
      <StartDate format="yyyy-MM-dd">2000-01-01</StartDate>  
      <EndDate format="yyyy-MM-dd">2000-01-01</EndDate>  
      <Relation> 
        <Person> 
          <SourceName>UnitTest</SourceName>  
          <SourceInstanceId>RelatedSpouse</SourceInstanceId> 
        </Person> 
      </Relation>  
      <ExtendedAttributes> 
        <ExtendedAttribute> 
          <SourceName>TestSystem</SourceName>  
          <SourceInstanceId>ExtendedAttribute:1427926243634</SourceInstanceId>  
          <Name>SampleExtendedAttribute</Name>  
          <Type>string</Type>  
          <Format/>  
          <Value>Sample Value</Value>  
          <SourceCreatedDate format="yyyy-MM-dd hh:mm:ss">2000-01-01 10:12:32</SourceCreatedDate>  
          <SourceCreatedBy>SourceCreatedBy</SourceCreatedBy>  
          <SourceModifiedDate format="yyyy-MM-dd">2013-01-01</SourceModifiedDate>  
          <SourceModifiedBy>SourceModifiedBy</SourceModifiedBy> 
        </ExtendedAttribute> 
      </ExtendedAttributes>  
      <SourceStatusCode sourceName="TestSystem" codeSet="SourceStatusCodes">A</SourceStatusCode>  
      <SourceCreatedDate format="yyyy-MM-dd hh:mm:ss">2000-01-01 10:12:32</SourceCreatedDate>  
      <SourceCreatedBy>UnitTest</SourceCreatedBy>  
      <SourceModifiedDate format="yyyy-MM-dd hh:mm:ss">2000-10-01 11:12:32</SourceModifiedDate>  
      <SourceModifiedBy>UnitTest</SourceModifiedBy> 
    </PersonRelation> 
  </Relations>  
  <ExtendedAttributes> 
    <ExtendedAttribute> 
      <SourceName>TestSystem</SourceName>  
      <SourceInstanceId>ExtendedAttribute:1427926243637</SourceInstanceId>  
      <Name>SampleExtendedAttribute</Name>  
      <Type>string</Type>  
      <Format/>  
      <Value>Sample Value</Value>  
      <SourceCreatedDate format="yyyy-MM-dd hh:mm:ss">2000-01-01 10:12:32</SourceCreatedDate>  
      <SourceCreatedBy>SourceCreatedBy</SourceCreatedBy>  
      <SourceModifiedDate format="yyyy-MM-dd">2013-01-01</SourceModifiedDate>  
      <SourceModifiedBy>SourceModifiedBy</SourceModifiedBy> 
    </ExtendedAttribute> 
  </ExtendedAttributes>  
  <SourceStatusCode sourceName="TestSystem" codeSet="SourceStatusCodes">A</SourceStatusCode>  
  <SourceCreatedDate format="yyyy-MM-dd hh:mm:ss">2000-01-01 10:12:32</SourceCreatedDate>  
  <SourceCreatedBy>UnitTest</SourceCreatedBy>  
  <SourceModifiedDate format="yyyy-MM-dd hh:mm:ss">2000-10-01 11:12:32</SourceModifiedDate>  
  <SourceModifiedBy>UnitTest</SourceModifiedBy> 
</Person></OmniInterface>