<?xml version="1.0" encoding="UTF-8"?><OmniInterface><CarePlan xmlns="http://www.ibi.com/2013/OP/Interface" version="1.2.8">  
  <OmniStatus>A</OmniStatus>  
  <OmniStatusReason>Active</OmniStatusReason>  
  <SourceName>TestSystem</SourceName>  
  <SourceInstanceId>CarePlan:1429197533456</SourceInstanceId>  
  <SourceInstanceIdName>SID Name</SourceInstanceIdName>  
  <CarePlanNumber>1234567</CarePlanNumber>  
  <Patient> 
    <Patient> 
      <SourceName>TestSystem</SourceName>  
      <SourceInstanceId>PatientId</SourceInstanceId> 
    </Patient> 
  </Patient>  
  <Status sourceName="OMNI" sourceCodeSet="6090" sourceCode="completed"/>  
  <StartDate format="yyyy-MM-dd">2013-01-01</StartDate>  
  <EndDate format="yyyy-MM-dd">2013-08-01</EndDate>  
  <Note>Care Plan Note</Note>  
  <Diagnoses> 
    <DiagnosisCode sourceName="Example" sourceCodeSet="XX" sourceCode="YY">Source Code Description</DiagnosisCode> 
  </Diagnoses>  
  <Goals> 
    <CarePlanGoal> 
      <OmniStatus>A</OmniStatus>  
      <OmniStatusReason>Active</OmniStatusReason>  
      <SourceName>TestSystem</SourceName>  
      <SourceInstanceId>CarePlanGoal:1429197533461</SourceInstanceId>  
      <SourceInstanceIdName>SID Name</SourceInstanceIdName>  
      <Description>Lose 10 lbs</Description>  
      <Status sourceName="OMNI" sourceCodeSet="6091" sourceCode="achieved"/>  
      <Note>Care Plan Goal Note</Note>  
      <SourceStatusCode sourceName="TestSystem" codeSet="SourceStatusCodes">A</SourceStatusCode>  
      <SourceCreatedDate format="yyyy-MM-dd hh:mm:ss">2000-01-01 10:12:32</SourceCreatedDate>  
      <SourceCreatedBy>UnitTest</SourceCreatedBy>  
      <SourceModifiedDate format="yyyy-MM-dd hh:mm:ss">2000-10-01 11:12:32</SourceModifiedDate>  
      <SourceModifiedBy>UnitTest</SourceModifiedBy> 
    </CarePlanGoal> 
  </Goals>  
  <ExtendedAttributes> 
    <ExtendedAttribute> 
      <SourceName>TestSystem</SourceName>  
      <SourceInstanceId>ExtendedAttribute:1429197533464</SourceInstanceId>  
      <Name>SampleExtendedAttribute</Name>  
      <Type>string</Type>  
      <Format/>  
      <Value>Sample Value</Value>  
      <SourceCreatedDate format="yyyy-MM-dd hh:mm:ss">2000-01-01 10:12:32</SourceCreatedDate>  
      <SourceCreatedBy>SourceCreatedBy</SourceCreatedBy>  
      <SourceModifiedDate format="yyyy-MM-dd">2013-01-01</SourceModifiedDate>  
      <SourceModifiedBy>SourceModifiedBy</SourceModifiedBy> 
    </ExtendedAttribute> 
  </ExtendedAttributes>  
  <SourceStatusCode sourceName="TestSystem" codeSet="SourceStatusCodes">A</SourceStatusCode>  
  <SourceCreatedDate format="yyyy-MM-dd hh:mm:ss">2000-01-01 10:12:32</SourceCreatedDate>  
  <SourceCreatedBy>UnitTest</SourceCreatedBy>  
  <SourceModifiedDate format="yyyy-MM-dd hh:mm:ss">2000-10-01 11:12:32</SourceModifiedDate>  
  <SourceModifiedBy>UnitTest</SourceModifiedBy> 
</CarePlan></OmniInterface>