<?xml version="1.0" encoding="UTF-8"?><OmniInterface><ProcedureEvent xmlns="http://www.ibi.com/2013/OP/Interface" version="1.2.3">  
  <OmniStatus>A</OmniStatus>  
  <OmniStatusReason>Active</OmniStatusReason>  
  <SourceName>TestSystem</SourceName>  
  <SourceInstanceId>ProcedureEvent:1429197527475</SourceInstanceId>  
  <SourceInstanceIdName>SID Name</SourceInstanceIdName>  
  <ParentEvent> 
    <AdmissionEvent> 
      <SourceName>TestSystem</SourceName>  
      <SourceInstanceId>EventId</SourceInstanceId> 
    </AdmissionEvent> 
  </ParentEvent>  
  <Encounter> 
    <Encounter> 
      <SourceName>TestSystem</SourceName>  
      <SourceInstanceId>EncounterId</SourceInstanceId> 
    </Encounter> 
  </Encounter>  
  <CarePlanId>CarePlanId</CarePlanId>  
  <CarePlan> 
    <CarePlan> 
      <SourceName>TestSystem</SourceName>  
      <SourceInstanceId>CarePlanId</SourceInstanceId> 
    </CarePlan> 
  </CarePlan>  
  <EventDateTime format="yyyy-MM-dd hh:mm:ss">2000-10-01 11:12:32</EventDateTime>  
  <EventEndDateTime format="yyyy-MM-dd hh:mm:ss">2000-10-01 11:12:32</EventEndDateTime>  
  <Location> 
    <FacilityLocation> 
      <SourceName>TestSystem</SourceName>  
      <SourceInstanceId>FacilityLocationId</SourceInstanceId> 
    </FacilityLocation> 
  </Location>  
  <ServiceLineId>ServiceLineId</ServiceLineId>  
  <ServiceLine> 
    <OrganizationalUnit> 
      <SourceName>TestSystem</SourceName>  
      <SourceInstanceId>PatientId</SourceInstanceId> 
    </OrganizationalUnit> 
  </ServiceLine>  
  <ProcedureCode sourceName="OMNI" sourceCodeSet="ICD9-CM-V3" sourceCode="0002"/>  
  <ProvidedCounselingIndicator sourceName="OMNI" sourceCodeSet="0136" sourceCode="Y"/>  
  <Outcome>Outcome</Outcome>  
  <Anesthesia> 
    <AnesthesiaTypeCode sourceCodeSet="AnesthesiaTypeCodes" sourceCode="regional">Regional Anesthesia</AnesthesiaTypeCode>  
    <AnestheticTypeCode sourceCodeSet="AnestheticTypeCodes" sourceCode="epidural">Epidural Anesthesia</AnestheticTypeCode>  
    <AnesthesiaMinutes>120.0</AnesthesiaMinutes>  
    <AnesthesiaHoldEndDateTime format="yyyy-MM-dd hh:mm">2013-01-01 08:00</AnesthesiaHoldEndDateTime> 
  </Anesthesia>  
  <Consents> 
    <ProcedureConsent> 
      <OmniStatus>A</OmniStatus>  
      <OmniStatusReason>Active</OmniStatusReason>  
      <SourceName>TestSystem</SourceName>  
      <SourceInstanceId>ProcedureConsent:1429197527483</SourceInstanceId>  
      <SourceInstanceIdName>SID Name</SourceInstanceIdName>  
      <ConsentNumber>ConsentNumber</ConsentNumber>  
      <TypeCode sourceName="OMNI" sourceCodeSet="0496" sourceCode="2"/>  
      <FormVersion>FormVersion</FormVersion>  
      <ConsentText>ConsentText</ConsentText>  
      <SubjectSpecificConsent>SubjectSpecificConsentText</SubjectSpecificConsent>  
      <ConsentBackgroundInformation>ConsentBackgroundInformationText</ConsentBackgroundInformation>  
      <SubjectSpecificBackground>SubjectSpecificBackgroundText</SubjectSpecificBackground>  
      <ConsenterImposedLimitations>ConsenterImposedLimitationsText</ConsenterImposedLimitations>  
      <ModeCode sourceName="OMNI" sourceCodeSet="0497" sourceCode="W"/>  
      <StatusCode sourceName="OMNI" sourceCodeSet="0498" sourceCode="A"/>  
      <DiscussionDateTime format="yyyy-MM-dd hh:mm">2013-01-01 08:00</DiscussionDateTime>  
      <DecisionDateTime format="yyyy-MM-dd hh:mm">2013-01-01 08:00</DecisionDateTime>  
      <EffectiveDateTime format="yyyy-MM-dd hh:mm">2013-01-01 08:00</EffectiveDateTime>  
      <EndDateTime format="yyyy-MM-dd hh:mm">2013-01-01 08:00</EndDateTime>  
      <CompetenceIndicator sourceName="OMNI" sourceCodeSet="0136" sourceCode="Y"/>  
      <ConsenterRelationshipCode sourceName="OMNI" sourceCodeSet="0548" sourceCode="2"/>  
      <NonSubjectConsenterReasonCode sourceName="OMNI" sourceCodeSet="0502" sourceCode="MIN"/>  
      <NonSubjectConsenter> 
        <Person version="1.2.3"> 
          <OmniStatus>A</OmniStatus>  
          <OmniStatusReason>Active</OmniStatusReason>  
          <SourceName>TestSystem</SourceName>  
          <SourceInstanceId>Person:1429197527488</SourceInstanceId>  
          <SourceInstanceIdName>SID Name</SourceInstanceIdName>  
          <Publicity sourceCodeSet="PublicityCodes" sourceCode="N">No Publicity</Publicity>  
          <Protection sourceCodeSet="ProtectionCodes" sourceCode="UL">Unlisted</Protection>  
          <Gender sourceCodeSet="GenderCodes" sourceCode="F">Female</Gender>  
          <MaritalStatus sourceCodeSet="MaritalStatusCodes" sourceCode="D">Divorced</MaritalStatus>  
          <Language sourceCodeSet="LanguageCodes" sourceCode="E">English</Language>  
          <CareLanguage sourceCodeSet="LanguageCodes" sourceCode="S">Spanish</CareLanguage>  
          <WrittenLanguage sourceCodeSet="LanguageCodes" sourceCode="E">English</WrittenLanguage>  
          <EnglishFluency sourceCodeSet="YesNoCodes" sourceCode="Y">Yes</EnglishFluency>  
          <InterpreterRequired sourceCodeSet="YesNoCodes" sourceCode="Y">Yes</InterpreterRequired>  
          <Citizenship sourceCodeSet="CitizenshipCodes" sourceCode="USA">United States of America</Citizenship>  
          <EthnicGroup sourceCodeSet="EthincGroupCodes" sourceCode="H">Hispanic</EthnicGroup>  
          <Race sourceCodeSet="RaceCodes" sourceCode="WH">White</Race>  
          <Religion sourceCodeSet="ReligionCodes" sourceCode="AB">American Baptist</Religion>  
          <PlaceOfWorship>United Church of Christ, Sunnyvale</PlaceOfWorship>  
          <MotherMaidenName>Steele</MotherMaidenName>  
          <DateOfBirth format="yyyy-MM-dd">1965-02-21</DateOfBirth>  
          <Deceased sourceCodeSet="YesNoCodes" sourceCode="N">No</Deceased>  
          <DateOfDeath format="yyyy-MM-dd">2050-02-21</DateOfDeath>  
          <CauseOfDeath>Currently alive and well.</CauseOfDeath>  
          <Handicap sourceCodeSet="HandicapCodes" sourceCode="DV">Decreased Vision</Handicap>  
          <HearingImpaired sourceCodeSet="YesNoCodes" sourceCode="N">No</HearingImpaired>  
          <VisuallyImpaired sourceCodeSet="YesNoCodes" sourceCode="Y">Yes</VisuallyImpaired>  
          <Blind sourceCodeSet="YesNoCodes" sourceCode="N">No</Blind>  
          <Deaf sourceCodeSet="YesNoCodes" sourceCode="N">No</Deaf>  
          <AmbulatoryStatus sourceCodeSet="AmbulatoryStatusCodes" sourceCode="A5">Vision Impaired</AmbulatoryStatus>  
          <Military> 
            <VeteranStatus sourceCodeSet="VeteranStatusCodes" sourceCode="Reserves">Reserves</VeteranStatus>  
            <Branch sourceCodeSet="MilitaryBranchCodes" sourceCode="Army">United States Army</Branch>  
            <Category sourceCodeSet="MilitaryCategoryCodes" sourceCode="A14">A14</Category>  
            <Component sourceCodeSet="MilitaryComponentCodes" sourceCode="AR">Army Reserve</Component>  
            <PayGrade>E-7</PayGrade>  
            <Rank sourceName="OMNI" sourceCodeSet="0141" sourceCode="E7">Enlisted Level 7</Rank>  
            <UnitId>platoon</UnitId> 
          </Military>  
          <Names> 
            <PersonName> 
              <OmniStatus>A</OmniStatus>  
              <OmniStatusReason>Active</OmniStatusReason>  
              <SourceName>TestSystem</SourceName>  
              <SourceInstanceId>PersonName:1429197527497</SourceInstanceId>  
              <SourceInstanceIdName>SID Name</SourceInstanceIdName>  
              <Type sourceCodeSet="NameTypeCodes" sourceCode="L">Legal Name</Type>  
              <StartDate format="yyyy-MM-dd">1965-02-21</StartDate>  
              <EndDate format="yyyy-MM-dd">2050-01-01</EndDate>  
              <FullName>Jane E. Smith</FullName>  
              <Prefix>Ms</Prefix>  
              <FirstName>Jane</FirstName>  
              <LastName>Smith</LastName>  
              <MiddleName>E</MiddleName>  
              <Suffix>III</Suffix>  
              <Degree>Dr</Degree>  
              <Title>Senior Specialist</Title>  
              <ExtendedAttributes> 
                <ExtendedAttribute> 
                  <SourceName>TestSystem</SourceName>  
                  <SourceInstanceId>ExtendedAttribute:1429197527499</SourceInstanceId>  
                  <Name>SampleExtendedAttribute</Name>  
                  <Type>string</Type>  
                  <Format/>  
                  <Value>Sample Value</Value>  
                  <SourceCreatedDate format="yyyy-MM-dd hh:mm:ss">2000-01-01 10:12:32</SourceCreatedDate>  
                  <SourceCreatedBy>SourceCreatedBy</SourceCreatedBy>  
                  <SourceModifiedDate format="yyyy-MM-dd">2013-01-01</SourceModifiedDate>  
                  <SourceModifiedBy>SourceModifiedBy</SourceModifiedBy> 
                </ExtendedAttribute> 
              </ExtendedAttributes>  
              <SourceStatusCode sourceName="TestSystem" codeSet="SourceStatusCodes">A</SourceStatusCode>  
              <SourceCreatedDate format="yyyy-MM-dd hh:mm:ss">2000-01-01 10:12:32</SourceCreatedDate>  
              <SourceCreatedBy>UnitTest</SourceCreatedBy>  
              <SourceModifiedDate format="yyyy-MM-dd hh:mm:ss">2000-10-01 11:12:32</SourceModifiedDate>  
              <SourceModifiedBy>UnitTest</SourceModifiedBy> 
            </PersonName> 
          </Names>  
          <Addresses> 
            <PersonAddress> 
              <OmniStatus>A</OmniStatus>  
              <OmniStatusReason>Active</OmniStatusReason>  
              <SourceName>TestSystem</SourceName>  
              <SourceInstanceId>PersonAddress:1429197527504</SourceInstanceId>  
              <SourceInstanceIdName>SID Name</SourceInstanceIdName>  
              <Type sourceCodeSet="AddressTypeCodes" sourceCode="H">Home Address</Type>  
              <StartDate format="yyyy-MM-dd">2000-01-01</StartDate>  
              <EndDate format="yyyy-MM-dd">2000-01-01</EndDate>  
              <PreferenceOrder>1</PreferenceOrder>  
              <AddressLine1>4000 East Ave</AddressLine1>  
              <AddressLine2>Suite 555</AddressLine2>  
              <AddressLine3>ATTN: Jane Smith</AddressLine3>  
              <AddressLine4>Fragile</AddressLine4>  
              <City>Livonia</City>  
              <StateProvince sourceCodeSet="StateCodes" sourceCode="NY">New York</StateProvince>  
              <PostalCode>14488</PostalCode>  
              <Country sourceCodeSet="CountryCodes" sourceCode="USA">United States</Country>  
              <CountyRegion sourceCodeSet="CountyRegionCodes" sourceCode="LIV">Livingston</CountyRegion>  
              <UsageComment>Do not ring bell</UsageComment>  
              <ExtendedAttributes> 
                <ExtendedAttribute> 
                  <SourceName>TestSystem</SourceName>  
                  <SourceInstanceId>ExtendedAttribute:1429197527508</SourceInstanceId>  
                  <Name>SampleExtendedAttribute</Name>  
                  <Type>string</Type>  
                  <Format/>  
                  <Value>Sample Value</Value>  
                  <SourceCreatedDate format="yyyy-MM-dd hh:mm:ss">2000-01-01 10:12:32</SourceCreatedDate>  
                  <SourceCreatedBy>SourceCreatedBy</SourceCreatedBy>  
                  <SourceModifiedDate format="yyyy-MM-dd">2013-01-01</SourceModifiedDate>  
                  <SourceModifiedBy>SourceModifiedBy</SourceModifiedBy> 
                </ExtendedAttribute> 
              </ExtendedAttributes>  
              <SourceStatusCode sourceName="TestSystem" codeSet="SourceStatusCodes">A</SourceStatusCode>  
              <SourceCreatedDate format="yyyy-MM-dd hh:mm:ss">2000-01-01 10:12:32</SourceCreatedDate>  
              <SourceCreatedBy>UnitTest</SourceCreatedBy>  
              <SourceModifiedDate format="yyyy-MM-dd hh:mm:ss">2000-10-01 11:12:32</SourceModifiedDate>  
              <SourceModifiedBy>UnitTest</SourceModifiedBy> 
            </PersonAddress> 
          </Addresses>  
          <Identifiers> 
            <PersonIdentifier> 
              <OmniStatus>A</OmniStatus>  
              <OmniStatusReason>Active</OmniStatusReason>  
              <SourceName>TestSystem</SourceName>  
              <SourceInstanceId>PersonIdentifier:1429197527512</SourceInstanceId>  
              <SourceInstanceIdName>SID Name</SourceInstanceIdName>  
              <Type sourceCodeSet="IdentifierCodes" sourceCode="MRN">Medical Record Number</Type>  
              <StartDate format="yyyy-MM-dd">2000-01-01</StartDate>  
              <EndDate format="yyyy-MM-dd">2000-01-01</EndDate>  
              <Value>12345678</Value>  
              <IssuingAuthority> 
                <Organization> 
                  <SourceName>TestSystem</SourceName>  
                  <SourceInstanceId>HospitalA</SourceInstanceId>  
                  <OrganizationType sourceCodeSet="organizationTypeCodes" sourceCode="H">Hospital</OrganizationType> 
                </Organization> 
              </IssuingAuthority>  
              <Comment>Comment about identifier.</Comment>  
              <ExtendedAttributes> 
                <ExtendedAttribute> 
                  <SourceName>TestSystem</SourceName>  
                  <SourceInstanceId>ExtendedAttribute:1429197527516</SourceInstanceId>  
                  <Name>SampleExtendedAttribute</Name>  
                  <Type>string</Type>  
                  <Format/>  
                  <Value>Sample Value</Value>  
                  <SourceCreatedDate format="yyyy-MM-dd hh:mm:ss">2000-01-01 10:12:32</SourceCreatedDate>  
                  <SourceCreatedBy>SourceCreatedBy</SourceCreatedBy>  
                  <SourceModifiedDate format="yyyy-MM-dd">2013-01-01</SourceModifiedDate>  
                  <SourceModifiedBy>SourceModifiedBy</SourceModifiedBy> 
                </ExtendedAttribute> 
              </ExtendedAttributes>  
              <SourceStatusCode sourceName="TestSystem" codeSet="SourceStatusCodes">A</SourceStatusCode>  
              <SourceCreatedDate format="yyyy-MM-dd hh:mm:ss">2000-01-01 10:12:32</SourceCreatedDate>  
              <SourceCreatedBy>UnitTest</SourceCreatedBy>  
              <SourceModifiedDate format="yyyy-MM-dd hh:mm:ss">2000-10-01 11:12:32</SourceModifiedDate>  
              <SourceModifiedBy>UnitTest</SourceModifiedBy> 
            </PersonIdentifier> 
          </Identifiers>  
          <ContactMethods> 
            <PersonContactMethod> 
              <OmniStatus>A</OmniStatus>  
              <OmniStatusReason>Active</OmniStatusReason>  
              <SourceName>TestSystem</SourceName>  
              <SourceInstanceId>PersonContactMethod:1429197527520</SourceInstanceId>  
              <SourceInstanceIdName>SID Name</SourceInstanceIdName>  
              <Type sourceName="OMNI" sourceCodeSet="0185" sourceCode="H">Home Phone Number</Type>  
              <StartDate format="yyyy-MM-dd">2000-01-01</StartDate>  
              <EndDate format="yyyy-MM-dd">2050-01-01</EndDate>  
              <PreferenceOrder>1</PreferenceOrder>  
              <Protection sourceCodeSet="ProtectionCodes" sourceCode="UP">Unpublished</Protection>  
              <Value>(222) 234-6879 x9808</Value>  
              <UsageComment>No calls after 5pm</UsageComment>  
              <ExtendedAttributes> 
                <ExtendedAttribute> 
                  <SourceName>TestSystem</SourceName>  
                  <SourceInstanceId>ExtendedAttribute:1429197527522</SourceInstanceId>  
                  <Name>SampleExtendedAttribute</Name>  
                  <Type>string</Type>  
                  <Format/>  
                  <Value>Sample Value</Value>  
                  <SourceCreatedDate format="yyyy-MM-dd hh:mm:ss">2000-01-01 10:12:32</SourceCreatedDate>  
                  <SourceCreatedBy>SourceCreatedBy</SourceCreatedBy>  
                  <SourceModifiedDate format="yyyy-MM-dd">2013-01-01</SourceModifiedDate>  
                  <SourceModifiedBy>SourceModifiedBy</SourceModifiedBy> 
                </ExtendedAttribute> 
              </ExtendedAttributes>  
              <SourceStatusCode sourceName="TestSystem" codeSet="SourceStatusCodes">A</SourceStatusCode>  
              <SourceCreatedDate format="yyyy-MM-dd hh:mm:ss">2000-01-01 10:12:32</SourceCreatedDate>  
              <SourceCreatedBy>UnitTest</SourceCreatedBy>  
              <SourceModifiedDate format="yyyy-MM-dd hh:mm:ss">2000-10-01 11:12:32</SourceModifiedDate>  
              <SourceModifiedBy>UnitTest</SourceModifiedBy> 
            </PersonContactMethod> 
          </ContactMethods>  
          <Relations> 
            <PersonRelation> 
              <OmniStatus>A</OmniStatus>  
              <OmniStatusReason>Active</OmniStatusReason>  
              <SourceName>TestSystem</SourceName>  
              <SourceInstanceId>PersonRelation:1429197527526</SourceInstanceId>  
              <SourceInstanceIdName>SID Name</SourceInstanceIdName>  
              <Type sourceCodeSet="PersonRelationCodes" sourceCode="SPO">Spouse</Type>  
              <StartDate format="yyyy-MM-dd">2000-01-01</StartDate>  
              <EndDate format="yyyy-MM-dd">2000-01-01</EndDate>  
              <Relation> 
                <Person> 
                  <SourceName>UnitTest</SourceName>  
                  <SourceInstanceId>RelatedSpouse</SourceInstanceId> 
                </Person> 
              </Relation>  
              <ExtendedAttributes> 
                <ExtendedAttribute> 
                  <SourceName>TestSystem</SourceName>  
                  <SourceInstanceId>ExtendedAttribute:1429197527530</SourceInstanceId>  
                  <Name>SampleExtendedAttribute</Name>  
                  <Type>string</Type>  
                  <Format/>  
                  <Value>Sample Value</Value>  
                  <SourceCreatedDate format="yyyy-MM-dd hh:mm:ss">2000-01-01 10:12:32</SourceCreatedDate>  
                  <SourceCreatedBy>SourceCreatedBy</SourceCreatedBy>  
                  <SourceModifiedDate format="yyyy-MM-dd">2013-01-01</SourceModifiedDate>  
                  <SourceModifiedBy>SourceModifiedBy</SourceModifiedBy> 
                </ExtendedAttribute> 
              </ExtendedAttributes>  
              <SourceStatusCode sourceName="TestSystem" codeSet="SourceStatusCodes">A</SourceStatusCode>  
              <SourceCreatedDate format="yyyy-MM-dd hh:mm:ss">2000-01-01 10:12:32</SourceCreatedDate>  
              <SourceCreatedBy>UnitTest</SourceCreatedBy>  
              <SourceModifiedDate format="yyyy-MM-dd hh:mm:ss">2000-10-01 11:12:32</SourceModifiedDate>  
              <SourceModifiedBy>UnitTest</SourceModifiedBy> 
            </PersonRelation> 
          </Relations>  
          <ExtendedAttributes> 
            <ExtendedAttribute> 
              <SourceName>TestSystem</SourceName>  
              <SourceInstanceId>ExtendedAttribute:1429197527533</SourceInstanceId>  
              <Name>SampleExtendedAttribute</Name>  
              <Type>string</Type>  
              <Format/>  
              <Value>Sample Value</Value>  
              <SourceCreatedDate format="yyyy-MM-dd hh:mm:ss">2000-01-01 10:12:32</SourceCreatedDate>  
              <SourceCreatedBy>SourceCreatedBy</SourceCreatedBy>  
              <SourceModifiedDate format="yyyy-MM-dd">2013-01-01</SourceModifiedDate>  
              <SourceModifiedBy>SourceModifiedBy</SourceModifiedBy> 
            </ExtendedAttribute> 
          </ExtendedAttributes>  
          <SourceStatusCode sourceName="TestSystem" codeSet="SourceStatusCodes">A</SourceStatusCode>  
          <SourceCreatedDate format="yyyy-MM-dd hh:mm:ss">2000-01-01 10:12:32</SourceCreatedDate>  
          <SourceCreatedBy>UnitTest</SourceCreatedBy>  
          <SourceModifiedDate format="yyyy-MM-dd hh:mm:ss">2000-10-01 11:12:32</SourceModifiedDate>  
          <SourceModifiedBy>UnitTest</SourceModifiedBy> 
        </Person> 
      </NonSubjectConsenter>  
      <TranslatorAssistIndicator sourceName="OMNI" sourceCodeSet="0136" sourceCode="Y"/>  
      <TranslatedToLanguageCode sourceName="OMNI" sourceCodeSet="0296" sourceCode="eng"/>  
      <InformationalMaterialSuppliedIndicator sourceName="OMNI" sourceCodeSet="0136" sourceCode="Y"/>  
      <ConsentBypassReasonCode sourceName="OMNI" sourceCodeSet="0499" sourceCode="E"/>  
      <ConsentDisclosureCode sourceName="OMNI" sourceCodeSet="0500" sourceCode="F"/>  
      <ConsentNonDisclosureCode sourceName="OMNI" sourceCodeSet="0501" sourceCode="E"/>  
      <SourceStatusCode sourceName="TestSystem" codeSet="SourceStatusCodes">A</SourceStatusCode>  
      <SourceCreatedDate format="yyyy-MM-dd hh:mm:ss">2000-01-01 10:12:32</SourceCreatedDate>  
      <SourceCreatedBy>UnitTest</SourceCreatedBy>  
      <SourceModifiedDate format="yyyy-MM-dd hh:mm:ss">2000-10-01 11:12:32</SourceModifiedDate>  
      <SourceModifiedBy>UnitTest</SourceModifiedBy> 
    </ProcedureConsent> 
  </Consents>  
  <BodySites> 
    <ClinicalBodySite> 
      <OmniStatus>A</OmniStatus>  
      <OmniStatusReason>Active</OmniStatusReason>  
      <SourceName>TestSystem</SourceName>  
      <SourceInstanceId>ClinicalBodySite:1429197527540</SourceInstanceId>  
      <SourceInstanceIdName>SID Name</SourceInstanceIdName>  
      <BodySiteCode sourceName="OMNI" sourceCodeSet="0163" sourceCode="LA"/>  
      <BodySiteDetails>Lung</BodySiteDetails>  
      <SourceStatusCode sourceName="TestSystem" codeSet="SourceStatusCodes">A</SourceStatusCode>  
      <SourceCreatedDate format="yyyy-MM-dd hh:mm:ss">2000-01-01 10:12:32</SourceCreatedDate>  
      <SourceCreatedBy>UnitTest</SourceCreatedBy>  
      <SourceModifiedDate format="yyyy-MM-dd hh:mm:ss">2000-10-01 11:12:32</SourceModifiedDate>  
      <SourceModifiedBy>UnitTest</SourceModifiedBy> 
    </ClinicalBodySite> 
  </BodySites>  
  <Indications> 
    <Indication> 
      <OmniStatus>A</OmniStatus>  
      <OmniStatusReason>Active</OmniStatusReason>  
      <SourceName>TestSystem</SourceName>  
      <SourceInstanceId>Indication:1429197527543</SourceInstanceId>  
      <SourceInstanceIdName>SID Name</SourceInstanceIdName>  
      <IndicationCode sourceName="OMNI" sourceCodeSet="ICD9" sourceCode="052.8"/>  
      <IndicationDetails>Lung</IndicationDetails>  
      <SourceStatusCode sourceName="TestSystem" codeSet="SourceStatusCodes">A</SourceStatusCode>  
      <SourceCreatedDate format="yyyy-MM-dd hh:mm:ss">2000-01-01 10:12:32</SourceCreatedDate>  
      <SourceCreatedBy>UnitTest</SourceCreatedBy>  
      <SourceModifiedDate format="yyyy-MM-dd hh:mm:ss">2000-10-01 11:12:32</SourceModifiedDate>  
      <SourceModifiedBy>UnitTest</SourceModifiedBy> 
    </Indication> 
  </Indications>  
  <Complications> 
    <ProcedureComplication> 
      <OmniStatus>A</OmniStatus>  
      <OmniStatusReason>Active</OmniStatusReason>  
      <SourceName>TestSystem</SourceName>  
      <SourceInstanceId>ProcedureComplication:1429197527546</SourceInstanceId>  
      <SourceInstanceIdName>SID Name</SourceInstanceIdName>  
      <Sequence>1.0</Sequence>  
      <ComplicationCode sourceName="OMNI" sourceCodeSet="ICD9" sourceCode="0528"/>  
      <ComplicationNote>ComplicationNote</ComplicationNote>  
      <SourceStatusCode sourceName="TestSystem" codeSet="SourceStatusCodes">A</SourceStatusCode>  
      <SourceCreatedDate format="yyyy-MM-dd hh:mm:ss">2000-01-01 10:12:32</SourceCreatedDate>  
      <SourceCreatedBy>UnitTest</SourceCreatedBy>  
      <SourceModifiedDate format="yyyy-MM-dd hh:mm:ss">2000-10-01 11:12:32</SourceModifiedDate>  
      <SourceModifiedBy>UnitTest</SourceModifiedBy> 
    </ProcedureComplication> 
  </Complications>  
  <EventProviders> 
    <EventProvider> 
      <OmniStatus>A</OmniStatus>  
      <OmniStatusReason>Active</OmniStatusReason>  
      <SourceName>TestSystem</SourceName>  
      <SourceInstanceId>EventProvider:1429197527549</SourceInstanceId>  
      <SourceInstanceIdName>SID Name</SourceInstanceIdName>  
      <ProviderRoleCode sourceName="OMNI" sourceCodeSet="0443" sourceCode="pp"/>  
      <Provider> 
        <Provider> 
          <SourceName>TestSystem</SourceName>  
          <SourceInstanceId>SourceName:ProviderId</SourceInstanceId> 
        </Provider> 
      </Provider>  
      <ExtendedAttributes> 
        <ExtendedAttribute> 
          <SourceName>TestSystem</SourceName>  
          <SourceInstanceId>ExtendedAttribute:1429197527551</SourceInstanceId>  
          <Name>SampleExtendedAttribute</Name>  
          <Type>string</Type>  
          <Format/>  
          <Value>Sample Value</Value>  
          <SourceCreatedDate format="yyyy-MM-dd hh:mm:ss">2000-01-01 10:12:32</SourceCreatedDate>  
          <SourceCreatedBy>SourceCreatedBy</SourceCreatedBy>  
          <SourceModifiedDate format="yyyy-MM-dd">2013-01-01</SourceModifiedDate>  
          <SourceModifiedBy>SourceModifiedBy</SourceModifiedBy> 
        </ExtendedAttribute> 
      </ExtendedAttributes>  
      <SourceStatusCode sourceName="TestSystem" codeSet="SourceStatusCodes">A</SourceStatusCode>  
      <SourceCreatedDate format="yyyy-MM-dd hh:mm:ss">2000-01-01 10:12:32</SourceCreatedDate>  
      <SourceCreatedBy>UnitTest</SourceCreatedBy>  
      <SourceModifiedDate format="yyyy-MM-dd hh:mm:ss">2000-10-01 11:12:32</SourceModifiedDate>  
      <SourceModifiedBy>UnitTest</SourceModifiedBy> 
    </EventProvider> 
  </EventProviders>  
  <EventNotes> 
    <EventNote> 
      <OmniStatus>A</OmniStatus>  
      <OmniStatusReason>Active</OmniStatusReason>  
      <SourceName>TestSystem</SourceName>  
      <SourceInstanceId>EventNote:1429197527555</SourceInstanceId>  
      <SourceInstanceIdName>SID Name</SourceInstanceIdName>  
      <NoteTypeCode sourceCodeSet="NoteTypeCodes" sourceCode="noteType">Note Type</NoteTypeCode>  
      <NoteCode sourceCodeSet="NoteTypeCodes" sourceCode="noteType">Note Type</NoteCode>  
      <Note>Change Reason Note</Note>  
      <NoteDateTime format="yyyy-MM-dd hh:mm">2013-01-01 08:00</NoteDateTime>  
      <ExtendedAttributes> 
        <ExtendedAttribute> 
          <SourceName>TestSystem</SourceName>  
          <SourceInstanceId>ExtendedAttribute:1429197527557</SourceInstanceId>  
          <Name>SampleExtendedAttribute</Name>  
          <Type>string</Type>  
          <Format/>  
          <Value>Sample Value</Value>  
          <SourceCreatedDate format="yyyy-MM-dd hh:mm:ss">2000-01-01 10:12:32</SourceCreatedDate>  
          <SourceCreatedBy>SourceCreatedBy</SourceCreatedBy>  
          <SourceModifiedDate format="yyyy-MM-dd">2013-01-01</SourceModifiedDate>  
          <SourceModifiedBy>SourceModifiedBy</SourceModifiedBy> 
        </ExtendedAttribute> 
      </ExtendedAttributes>  
      <SourceStatusCode sourceName="TestSystem" codeSet="SourceStatusCodes">A</SourceStatusCode>  
      <SourceCreatedDate format="yyyy-MM-dd hh:mm:ss">2000-01-01 10:12:32</SourceCreatedDate>  
      <SourceCreatedBy>UnitTest</SourceCreatedBy>  
      <SourceModifiedDate format="yyyy-MM-dd hh:mm:ss">2000-10-01 11:12:32</SourceModifiedDate>  
      <SourceModifiedBy>UnitTest</SourceModifiedBy> 
    </EventNote> 
  </EventNotes>  
  <ExtendedAttributes> 
    <ExtendedAttribute> 
      <SourceName>TestSystem</SourceName>  
      <SourceInstanceId>ExtendedAttribute:1429197527560</SourceInstanceId>  
      <Name>SampleExtendedAttribute</Name>  
      <Type>string</Type>  
      <Format/>  
      <Value>Sample Value</Value>  
      <SourceCreatedDate format="yyyy-MM-dd hh:mm:ss">2000-01-01 10:12:32</SourceCreatedDate>  
      <SourceCreatedBy>SourceCreatedBy</SourceCreatedBy>  
      <SourceModifiedDate format="yyyy-MM-dd">2013-01-01</SourceModifiedDate>  
      <SourceModifiedBy>SourceModifiedBy</SourceModifiedBy> 
    </ExtendedAttribute> 
  </ExtendedAttributes>  
  <SourceStatusCode sourceName="TestSystem" codeSet="SourceStatusCodes">A</SourceStatusCode>  
  <SourceCreatedDate format="yyyy-MM-dd hh:mm:ss">2000-01-01 10:12:32</SourceCreatedDate>  
  <SourceCreatedBy>UnitTest</SourceCreatedBy>  
  <SourceModifiedDate format="yyyy-MM-dd hh:mm:ss">2000-10-01 11:12:32</SourceModifiedDate>  
  <SourceModifiedBy>UnitTest</SourceModifiedBy> 
</ProcedureEvent></OmniInterface>