<?xml version="1.0" encoding="UTF-8"?><OmniInterface><PharmacyPrescriptionOrderEvent xmlns="http://www.ibi.com/2013/OP/Interface" version="1.2.6">  
  <OmniStatus>A</OmniStatus>  
  <OmniStatusReason>Active</OmniStatusReason>  
  <SourceName>TestSystem</SourceName>  
  <SourceInstanceId>PharmacyPrescriptionOrderEvent:1429901935529</SourceInstanceId>  
  <SourceInstanceIdName>SID Name</SourceInstanceIdName>  
  <ParentEvent> 
    <AdmissionEvent> 
      <SourceName>TestSystem</SourceName>  
      <SourceInstanceId>EventId</SourceInstanceId> 
    </AdmissionEvent> 
  </ParentEvent>  
  <Encounter> 
    <Encounter> 
      <SourceName>TestSystem</SourceName>  
      <SourceInstanceId>EncounterId</SourceInstanceId> 
    </Encounter> 
  </Encounter>  
  <CarePlanId>CarePlanId</CarePlanId>  
  <CarePlan> 
    <CarePlan> 
      <SourceName>TestSystem</SourceName>  
      <SourceInstanceId>CarePlanId</SourceInstanceId> 
    </CarePlan> 
  </CarePlan>  
  <EventDateTime format="yyyy-MM-dd hh:mm:ss">2000-10-01 11:12:32</EventDateTime>  
  <Location> 
    <FacilityLocation> 
      <SourceName>TestSystem</SourceName>  
      <SourceInstanceId>FacilityLocationId</SourceInstanceId> 
    </FacilityLocation> 
  </Location>  
  <OrderNumber>ORD-12345678</OrderNumber>  
  <OrderTypeCode sourceCodeSet="OrderTypeCodes" sourceCode="orderTypeCode">Order Type Code</OrderTypeCode>  
  <PriorityCode sourceName="OMNI" sourceCodeSet="6055" sourceCode="asap"/>  
  <OrderReason>Free-form text block describing the reason for the Order.</OrderReason>  
  <OrderOutcomeStatusCode sourceName="OMNI" sourceCodeSet="6060" sourceCode="asap"/>  
  <OrderDetailNumber>ORD-12345678-1</OrderDetailNumber>  
  <Sequence>1.0</Sequence>  
  <OrderDetailStatusCode sourceName="OMNI" sourceCodeSet="6065" sourceCode="requested"/>  
  <OrderSetNumber>ORDSET-12345678</OrderSetNumber>  
  <OrderSetName>Myocardial Infarction Order Set</OrderSetName>  
  <SubstanceCode sourceCodeSet="SubstanceCodes" sourceCode="374058000">Prednisone 10mg tablet (product)</SubstanceCode>  
  <PharmacyOrderTypeCode sourceName="OMNI" sourceCodeSet="0480" sourceCode="M"/>  
  <ProviderAdministrationInstructionCode sourceCodeSet="ProviderAdministrationInstructionCodes" sourceCode="1111111">Administer Once Daily</ProviderAdministrationInstructionCode>  
  <ProviderAdministrationInstructions>ProviderAdministrationInstructions</ProviderAdministrationInstructions>  
  <Requested> 
    <RequestText>TBD</RequestText>  
    <MinAmount>1.0</MinAmount>  
    <MaxAmount>100.0</MaxAmount>  
    <AmountUnitOfMeasureCode sourceName="OMNI" sourceCodeSet="6020" sourceCode="Foz"/>  
    <AmountPerTimeCode sourceCodeSet="AmountPerTimeCodes" sourceCode="S">seconds</AmountPerTimeCode>  
    <DosageFormCode sourceCodeSet="DosageFormCodes" sourceCode="Tablet">Tablet</DosageFormCode>  
    <Strength>200.0</Strength>  
    <StrengthUnitOfMeasureCode sourceName="OMNI" sourceCodeSet="6020" sourceCode="Foz"/>  
    <DrugStrengthVolume>5.0</DrugStrengthVolume>  
    <DrugStrengthVolumeUnitOfMeasureCode sourceName="OMNI" sourceCodeSet="6020" sourceCode="Foz"/>  
    <RateAmount>5.0</RateAmount>  
    <RateAmountUnitOfMeasureCode sourceName="OMNI" sourceCodeSet="6020" sourceCode="Foz"/> 
  </Requested>  
  <Dispensed> 
    <Amount>1.0</Amount>  
    <AmountUnitOfMeasureCode sourceName="OMNI" sourceCodeSet="6020" sourceCode="Foz"/>  
    <DispenseCode sourceCodeSet="DispenseCodes" sourceCode="Capsule">Capsule</DispenseCode>  
    <NumberOfRefills>2.0</NumberOfRefills>  
    <DispenseInterval>1.0</DispenseInterval>  
    <NeedsHumanReviewIndicator sourceName="OMNI" sourceCodeSet="0136" sourceCode="Y"/>  
    <DispensingPharmacy> 
      <FacilityLocation> 
        <SourceName>TestSystem</SourceName>  
        <SourceInstanceId>FacilityLocationId</SourceInstanceId> 
      </FacilityLocation> 
    </DispensingPharmacy>  
    <TotalDailyDose>500.0</TotalDailyDose>  
    <TotalDailyDoseUnitOfMeasureCode sourceName="OMNI" sourceCodeSet="6020" sourceCode="Foz"/>  
    <ProviderPharmacyTreatmentInstructionCode sourceCodeSet="ProviderPharmacyTreatmentInstructionCodes" sourceCode="RT">Respiratory Therapy</ProviderPharmacyTreatmentInstructionCode>  
    <ProviderPharmacyTreatmentInstructions>ProviderPharmacyTreatmentInstructions</ProviderPharmacyTreatmentInstructions>  
    <AllowSubstitutionsCode sourceName="OMNI" sourceCodeSet="0161" sourceCode="G"/> 
  </Dispensed>  
  <PharmacyPrescriptionFulfillment> 
    <SubstanceCode sourceCodeSet="SubstanceCodes" sourceCode="374058000">Prednisone 10mg tablet (product)</SubstanceCode>  
    <AdministrationStartDateTime format="yyyy-MM-dd hh:mm">2013-01-01 08:00</AdministrationStartDateTime>  
    <AdministrationEndDateTime format="yyyy-MM-dd hh:mm">2013-01-01 09:00</AdministrationEndDateTime>  
    <Amount>200.0</Amount>  
    <AmountUnitOfMeasureCode sourceName="OMNI" sourceCodeSet="6020" sourceCode="Foz"/>  
    <AmountPerTimeCode sourceCodeSet="AmountPerTimeCodes" sourceCode="UGH">ug/h</AmountPerTimeCode>  
    <DosageFormCode sourceCodeSet="DosageFormCodes" sourceCode="LQ">Liquid</DosageFormCode>  
    <Strength>100.0</Strength>  
    <StrengthUnitOfMeasureCode sourceName="OMNI" sourceCodeSet="6020" sourceCode="Foz"/>  
    <DrugStrengthVolume>100.0</DrugStrengthVolume>  
    <DrugStrengthVolumeUnitOfMeasureCode sourceName="OMNI" sourceCodeSet="6020" sourceCode="Foz"/>  
    <BarcodeIdentifier>1234567890</BarcodeIdentifier>  
    <SubstanceLotNumber>3200-1</SubstanceLotNumber>  
    <SubstanceExpirationDate format="yyyy-MM-dd">2013-01-01</SubstanceExpirationDate>  
    <SubstanceManufacturerCode sourceName="OMNI" sourceCodeSet="0227" sourceCode="BAH"/>  
    <AdministeredLocation> 
      <FacilityLocation> 
        <SourceName>TestSystem</SourceName>  
        <SourceInstanceId>FacilityLocationId</SourceInstanceId> 
      </FacilityLocation> 
    </AdministeredLocation>  
    <SubstanceRefusalReasonCode sourceCodeSet="SubstanceRefusalReasonCodes" sourceCode="DW">Dont Want</SubstanceRefusalReasonCode>  
    <CompletionStatusCode sourceName="OMNI" sourceCodeSet="0322" sourceCode="CP"/>  
    <AdministrationNoteCode sourceCodeSet="AdministrationNoteCodes" sourceCode="AN">AdministrationNote</AdministrationNoteCode>  
    <AdministrationNotes>This is an administration note</AdministrationNotes> 
  </PharmacyPrescriptionFulfillment>  
  <VaccinationFulfillment> 
    <VaccineCode sourceName="OMNI" sourceCodeSet="0292" sourceCode="91"/>  
    <AdministrationStartDateTime format="yyyy-MM-dd hh:mm">2013-01-01 08:00</AdministrationStartDateTime>  
    <AdministrationEndDateTime format="yyyy-MM-dd hh:mm">2013-01-01 09:00</AdministrationEndDateTime>  
    <AmountText>TBD</AmountText>  
    <Amount>200.0</Amount>  
    <AmountUnitOfMeasureCode sourceName="OMNI" sourceCodeSet="6020" sourceCode="Foz"/>  
    <AmountPerTimeCode sourceCodeSet="AmountPerTimeCodes" sourceCode="UGH">ug/h</AmountPerTimeCode>  
    <DosageFormCode sourceCodeSet="DosageFormCodes" sourceCode="TB">Tablet</DosageFormCode>  
    <StrengthText>TBD</StrengthText>  
    <Strength>100.0</Strength>  
    <StrengthUnitOfMeasureCode sourceName="OMNI" sourceCodeSet="6020" sourceCode="Foz"/>  
    <DrugStrengthVolumeText>TBD</DrugStrengthVolumeText>  
    <DrugStrengthVolume>100.0</DrugStrengthVolume>  
    <DrugStrengthVolumeUnitOfMeasureCode sourceName="OMNI" sourceCodeSet="6020" sourceCode="Foz"/>  
    <BarcodeIdentifier>1234567890</BarcodeIdentifier>  
    <VaccineLotNumber>3200-1</VaccineLotNumber>  
    <VaccineExpirationDate format="yyyy-MM-dd">2013-01-01</VaccineExpirationDate>  
    <VaccineManufacturerCode sourceName="OMNI" sourceCodeSet="0227" sourceCode="BAH"/>  
    <AdministeredLocation> 
      <FacilityLocation> 
        <SourceName>TestSystem</SourceName>  
        <SourceInstanceId>FacilityLocationId</SourceInstanceId> 
      </FacilityLocation> 
    </AdministeredLocation>  
    <VaccineRefusalReasonCode sourceCodeSet="VaccineRefusalReasonCodes" sourceCode="DW">Dont Want</VaccineRefusalReasonCode>  
    <CompletionStatusCode sourceName="OMNI" sourceCodeSet="0322" sourceCode="CP"/>  
    <AdministrationNoteCode sourceCodeSet="AdministrationNoteCodes" sourceCode="AN">AdministrationNote</AdministrationNoteCode>  
    <AdministrationNotes>This is an administration note</AdministrationNotes> 
  </VaccinationFulfillment>  
  <SupplementaryCodes> 
    <PharmacySupplementaryCode sourceName="Example" sourceCodeSet="XX" sourceCode="YY">Source Code Description</PharmacySupplementaryCode> 
  </SupplementaryCodes>  
  <Components> 
    <Component> 
      <OmniStatus>A</OmniStatus>  
      <OmniStatusReason>Active</OmniStatusReason>  
      <SourceName>TestSystem</SourceName>  
      <SourceInstanceId>Component:1429901935546</SourceInstanceId>  
      <SourceInstanceIdName>SID Name</SourceInstanceIdName>  
      <ComponentCode sourceCodeSet="ComponentCodes" sourceCode="CC">ComopnentCode</ComponentCode>  
      <ComponentTypeCode sourceName="OMNI" sourceCodeSet="0166" sourceCode="B"/>  
      <Amount>200.0</Amount>  
      <AmountUnitOfMeasureCode sourceName="OMNI" sourceCodeSet="6020" sourceCode="Foz"/>  
      <Strength>100.0</Strength>  
      <StrengthUnitOfMeasureCode sourceName="OMNI" sourceCodeSet="6020" sourceCode="Foz"/>  
      <DrugStrengthVolume>100.0</DrugStrengthVolume>  
      <DrugStrengthVolumeUnitOfMeasureCode sourceName="OMNI" sourceCodeSet="6020" sourceCode="Foz"/>  
      <SupplementaryCodes> 
        <ComponentSupplementaryCode sourceName="Example" sourceCodeSet="XX" sourceCode="YY">Source Code Description</ComponentSupplementaryCode> 
      </SupplementaryCodes>  
      <SourceStatusCode sourceName="TestSystem" codeSet="SourceStatusCodes">A</SourceStatusCode>  
      <SourceCreatedDate format="yyyy-MM-dd hh:mm:ss">2000-01-01 10:12:32</SourceCreatedDate>  
      <SourceCreatedBy>UnitTest</SourceCreatedBy>  
      <SourceModifiedDate format="yyyy-MM-dd hh:mm:ss">2000-10-01 11:12:32</SourceModifiedDate>  
      <SourceModifiedBy>UnitTest</SourceModifiedBy> 
    </Component> 
  </Components>  
  <AdministrationRoutes> 
    <AdministrationRoute> 
      <OmniStatus>A</OmniStatus>  
      <OmniStatusReason>Active</OmniStatusReason>  
      <SourceName>TestSystem</SourceName>  
      <SourceInstanceId>AdministrationRoute:1429901935551</SourceInstanceId>  
      <SourceInstanceIdName>SID Name</SourceInstanceIdName>  
      <RouteOfAdministrationCode sourceName="OMNI" sourceCodeSet="0162" sourceCode="DT"/>  
      <BodySiteCode sourceName="OMNI" sourceCodeSet="0163" sourceCode="LG"/>  
      <BodySiteModifierCode sourceName="OMNI" sourceCodeSet="0495" sourceCode="DIS"/>  
      <DeviceCode sourceName="OMNI" sourceCodeSet="0164" sourceCode="IVP"/>  
      <MethodCode sourceName="OMNI" sourceCodeSet="0165" sourceCode="IS"/>  
      <RoutingInstructionCode sourceCodeSet="RoutingInstructionCodes" sourceCode="RI">RoutingInstruction</RoutingInstructionCode>  
      <SourceStatusCode sourceName="TestSystem" codeSet="SourceStatusCodes">A</SourceStatusCode>  
      <SourceCreatedDate format="yyyy-MM-dd hh:mm:ss">2000-01-01 10:12:32</SourceCreatedDate>  
      <SourceCreatedBy>UnitTest</SourceCreatedBy>  
      <SourceModifiedDate format="yyyy-MM-dd hh:mm:ss">2000-10-01 11:12:32</SourceModifiedDate>  
      <SourceModifiedBy>UnitTest</SourceModifiedBy> 
    </AdministrationRoute> 
  </AdministrationRoutes>  
  <OrderDetailReasons> 
    <OrderDetailReason sourceName="Example" sourceCodeSet="XX" sourceCode="YY">Source Code Description</OrderDetailReason> 
  </OrderDetailReasons>  
  <EventProviders> 
    <EventProvider> 
      <OmniStatus>A</OmniStatus>  
      <OmniStatusReason>Active</OmniStatusReason>  
      <SourceName>TestSystem</SourceName>  
      <SourceInstanceId>EventProvider:1429901935554</SourceInstanceId>  
      <SourceInstanceIdName>SID Name</SourceInstanceIdName>  
      <ProviderRoleCode sourceName="OMNI" sourceCodeSet="0443" sourceCode="pp"/>  
      <Provider> 
        <Provider> 
          <SourceName>TestSystem</SourceName>  
          <SourceInstanceId>SourceName:ProviderId</SourceInstanceId> 
        </Provider> 
      </Provider>  
      <ExtendedAttributes> 
        <ExtendedAttribute> 
          <SourceName>TestSystem</SourceName>  
          <SourceInstanceId>ExtendedAttribute:1429901935556</SourceInstanceId>  
          <Name>SampleExtendedAttribute</Name>  
          <Type>string</Type>  
          <Format/>  
          <Value>Sample Value</Value>  
          <SourceCreatedDate format="yyyy-MM-dd hh:mm:ss">2000-01-01 10:12:32</SourceCreatedDate>  
          <SourceCreatedBy>SourceCreatedBy</SourceCreatedBy>  
          <SourceModifiedDate format="yyyy-MM-dd">2013-01-01</SourceModifiedDate>  
          <SourceModifiedBy>SourceModifiedBy</SourceModifiedBy> 
        </ExtendedAttribute> 
      </ExtendedAttributes>  
      <SourceStatusCode sourceName="TestSystem" codeSet="SourceStatusCodes">A</SourceStatusCode>  
      <SourceCreatedDate format="yyyy-MM-dd hh:mm:ss">2000-01-01 10:12:32</SourceCreatedDate>  
      <SourceCreatedBy>UnitTest</SourceCreatedBy>  
      <SourceModifiedDate format="yyyy-MM-dd hh:mm:ss">2000-10-01 11:12:32</SourceModifiedDate>  
      <SourceModifiedBy>UnitTest</SourceModifiedBy> 
    </EventProvider> 
  </EventProviders>  
  <EventNotes> 
    <EventNote> 
      <OmniStatus>A</OmniStatus>  
      <OmniStatusReason>Active</OmniStatusReason>  
      <SourceName>TestSystem</SourceName>  
      <SourceInstanceId>EventNote:1429901935559</SourceInstanceId>  
      <SourceInstanceIdName>SID Name</SourceInstanceIdName>  
      <NoteTypeCode sourceCodeSet="NoteTypeCodes" sourceCode="noteType">Note Type</NoteTypeCode>  
      <NoteCode sourceCodeSet="NoteTypeCodes" sourceCode="noteType">Note Type</NoteCode>  
      <Note>Change Reason Note</Note>  
      <NoteDateTime format="yyyy-MM-dd hh:mm">2013-01-01 08:00</NoteDateTime>  
      <ExtendedAttributes> 
        <ExtendedAttribute> 
          <SourceName>TestSystem</SourceName>  
          <SourceInstanceId>ExtendedAttribute:1429901935561</SourceInstanceId>  
          <Name>SampleExtendedAttribute</Name>  
          <Type>string</Type>  
          <Format/>  
          <Value>Sample Value</Value>  
          <SourceCreatedDate format="yyyy-MM-dd hh:mm:ss">2000-01-01 10:12:32</SourceCreatedDate>  
          <SourceCreatedBy>SourceCreatedBy</SourceCreatedBy>  
          <SourceModifiedDate format="yyyy-MM-dd">2013-01-01</SourceModifiedDate>  
          <SourceModifiedBy>SourceModifiedBy</SourceModifiedBy> 
        </ExtendedAttribute> 
      </ExtendedAttributes>  
      <SourceStatusCode sourceName="TestSystem" codeSet="SourceStatusCodes">A</SourceStatusCode>  
      <SourceCreatedDate format="yyyy-MM-dd hh:mm:ss">2000-01-01 10:12:32</SourceCreatedDate>  
      <SourceCreatedBy>UnitTest</SourceCreatedBy>  
      <SourceModifiedDate format="yyyy-MM-dd hh:mm:ss">2000-10-01 11:12:32</SourceModifiedDate>  
      <SourceModifiedBy>UnitTest</SourceModifiedBy> 
    </EventNote> 
  </EventNotes>  
  <ExtendedAttributes> 
    <ExtendedAttribute> 
      <SourceName>TestSystem</SourceName>  
      <SourceInstanceId>ExtendedAttribute:1429901935564</SourceInstanceId>  
      <Name>SampleExtendedAttribute</Name>  
      <Type>string</Type>  
      <Format/>  
      <Value>Sample Value</Value>  
      <SourceCreatedDate format="yyyy-MM-dd hh:mm:ss">2000-01-01 10:12:32</SourceCreatedDate>  
      <SourceCreatedBy>SourceCreatedBy</SourceCreatedBy>  
      <SourceModifiedDate format="yyyy-MM-dd">2013-01-01</SourceModifiedDate>  
      <SourceModifiedBy>SourceModifiedBy</SourceModifiedBy> 
    </ExtendedAttribute> 
  </ExtendedAttributes>  
  <SourceStatusCode sourceName="TestSystem" codeSet="SourceStatusCodes">A</SourceStatusCode>  
  <SourceCreatedDate format="yyyy-MM-dd hh:mm:ss">2000-01-01 10:12:32</SourceCreatedDate>  
  <SourceCreatedBy>UnitTest</SourceCreatedBy>  
  <SourceModifiedDate format="yyyy-MM-dd hh:mm:ss">2000-10-01 11:12:32</SourceModifiedDate>  
  <SourceModifiedBy>UnitTest</SourceModifiedBy> 
</PharmacyPrescriptionOrderEvent></OmniInterface>