<?xml version="1.0" encoding="UTF-8"?><OmniInterface><ProcedureOrderEvent xmlns="http://www.ibi.com/2013/OP/Interface" version="1.2.5">  
  <OmniStatus>A</OmniStatus>  
  <OmniStatusReason>Active</OmniStatusReason>  
  <SourceName>TestSystem</SourceName>  
  <SourceInstanceId>ProcedureOrderEvent:1431612296868</SourceInstanceId>  
  <SourceInstanceIdName>SID Name</SourceInstanceIdName>  
  <ParentEvent> 
    <AdmissionEvent> 
      <SourceName>TestSystem</SourceName>  
      <SourceInstanceId>EventId</SourceInstanceId> 
    </AdmissionEvent> 
  </ParentEvent>  
  <Encounter> 
    <Encounter> 
      <SourceName>TestSystem</SourceName>  
      <SourceInstanceId>EncounterId</SourceInstanceId> 
    </Encounter> 
  </Encounter>  
  <CarePlanId>CarePlanId</CarePlanId>  
  <CarePlan> 
    <CarePlan> 
      <SourceName>TestSystem</SourceName>  
      <SourceInstanceId>CarePlanId</SourceInstanceId> 
    </CarePlan> 
  </CarePlan>  
  <EventDateTime format="yyyy-MM-dd hh:mm:ss">2000-10-01 11:12:32</EventDateTime>  
  <Location> 
    <FacilityLocation> 
      <SourceName>TestSystem</SourceName>  
      <SourceInstanceId>FacilityLocationId</SourceInstanceId> 
    </FacilityLocation> 
  </Location>  
  <OrderNumber>ORD-12345678</OrderNumber>  
  <OrderTypeCode sourceCodeSet="OrderTypeCodes" sourceCode="orderTypeCode">Order Type Code</OrderTypeCode>  
  <PriorityCode sourceName="OMNI" sourceCodeSet="6055" sourceCode="asap"/>  
  <OrderReason>Free-form text block describing the reason for the Order.</OrderReason>  
  <OrderOutcomeStatusCode sourceName="OMNI" sourceCodeSet="6060" sourceCode="asap"/>  
  <OrderDetailNumber>ORD-12345678-1</OrderDetailNumber>  
  <Sequence>1.0</Sequence>  
  <OrderDetailStatusCode sourceName="OMNI" sourceCodeSet="6065" sourceCode="requested"/>  
  <OrderSetNumber>ORDSET-12345678</OrderSetNumber>  
  <OrderSetName>Myocardial Infarction Order Set</OrderSetName>  
  <ProcedureCode sourceName="OMNI" sourceCodeSet="ICD9-CM-V3" sourceCode="0002"/>  
  <OrderDetailReasons> 
    <OrderDetailReason sourceName="Example" sourceCodeSet="XX" sourceCode="YY">Source Code Description</OrderDetailReason> 
  </OrderDetailReasons>  
  <EventProviders> 
    <EventProvider> 
      <OmniStatus>A</OmniStatus>  
      <OmniStatusReason>Active</OmniStatusReason>  
      <SourceName>TestSystem</SourceName>  
      <SourceInstanceId>EventProvider:1431612296874</SourceInstanceId>  
      <SourceInstanceIdName>SID Name</SourceInstanceIdName>  
      <ProviderRoleCode sourceName="OMNI" sourceCodeSet="0443" sourceCode="pp"/>  
      <Provider> 
        <Provider> 
          <SourceName>TestSystem</SourceName>  
          <SourceInstanceId>SourceName:ProviderId</SourceInstanceId> 
        </Provider> 
      </Provider>  
      <ExtendedAttributes> 
        <ExtendedAttribute> 
          <SourceName>TestSystem</SourceName>  
          <SourceInstanceId>ExtendedAttribute:1431612296875</SourceInstanceId>  
          <Name>SampleExtendedAttribute</Name>  
          <Type>string</Type>  
          <Format/>  
          <Value>Sample Value</Value>  
          <SourceCreatedDate format="yyyy-MM-dd hh:mm:ss">2000-01-01 10:12:32</SourceCreatedDate>  
          <SourceCreatedBy>SourceCreatedBy</SourceCreatedBy>  
          <SourceModifiedDate format="yyyy-MM-dd">2013-01-01</SourceModifiedDate>  
          <SourceModifiedBy>SourceModifiedBy</SourceModifiedBy> 
        </ExtendedAttribute> 
      </ExtendedAttributes>  
      <SourceStatusCode sourceName="TestSystem" codeSet="SourceStatusCodes">A</SourceStatusCode>  
      <SourceCreatedDate format="yyyy-MM-dd hh:mm:ss">2000-01-01 10:12:32</SourceCreatedDate>  
      <SourceCreatedBy>UnitTest</SourceCreatedBy>  
      <SourceModifiedDate format="yyyy-MM-dd hh:mm:ss">2000-10-01 11:12:32</SourceModifiedDate>  
      <SourceModifiedBy>UnitTest</SourceModifiedBy> 
    </EventProvider> 
  </EventProviders>  
  <EventNotes> 
    <EventNote> 
      <OmniStatus>A</OmniStatus>  
      <OmniStatusReason>Active</OmniStatusReason>  
      <SourceName>TestSystem</SourceName>  
      <SourceInstanceId>EventNote:1431612296879</SourceInstanceId>  
      <SourceInstanceIdName>SID Name</SourceInstanceIdName>  
      <NoteTypeCode sourceCodeSet="NoteTypeCodes" sourceCode="noteType">Note Type</NoteTypeCode>  
      <NoteCode sourceCodeSet="NoteTypeCodes" sourceCode="noteType">Note Type</NoteCode>  
      <Note>Change Reason Note</Note>  
      <NoteDateTime format="yyyy-MM-dd hh:mm">2013-01-01 08:00</NoteDateTime>  
      <ExtendedAttributes> 
        <ExtendedAttribute> 
          <SourceName>TestSystem</SourceName>  
          <SourceInstanceId>ExtendedAttribute:1431612296881</SourceInstanceId>  
          <Name>SampleExtendedAttribute</Name>  
          <Type>string</Type>  
          <Format/>  
          <Value>Sample Value</Value>  
          <SourceCreatedDate format="yyyy-MM-dd hh:mm:ss">2000-01-01 10:12:32</SourceCreatedDate>  
          <SourceCreatedBy>SourceCreatedBy</SourceCreatedBy>  
          <SourceModifiedDate format="yyyy-MM-dd">2013-01-01</SourceModifiedDate>  
          <SourceModifiedBy>SourceModifiedBy</SourceModifiedBy> 
        </ExtendedAttribute> 
      </ExtendedAttributes>  
      <SourceStatusCode sourceName="TestSystem" codeSet="SourceStatusCodes">A</SourceStatusCode>  
      <SourceCreatedDate format="yyyy-MM-dd hh:mm:ss">2000-01-01 10:12:32</SourceCreatedDate>  
      <SourceCreatedBy>UnitTest</SourceCreatedBy>  
      <SourceModifiedDate format="yyyy-MM-dd hh:mm:ss">2000-10-01 11:12:32</SourceModifiedDate>  
      <SourceModifiedBy>UnitTest</SourceModifiedBy> 
    </EventNote> 
  </EventNotes>  
  <ExtendedAttributes> 
    <ExtendedAttribute> 
      <SourceName>TestSystem</SourceName>  
      <SourceInstanceId>ExtendedAttribute:1431612296883</SourceInstanceId>  
      <Name>SampleExtendedAttribute</Name>  
      <Type>string</Type>  
      <Format/>  
      <Value>Sample Value</Value>  
      <SourceCreatedDate format="yyyy-MM-dd hh:mm:ss">2000-01-01 10:12:32</SourceCreatedDate>  
      <SourceCreatedBy>SourceCreatedBy</SourceCreatedBy>  
      <SourceModifiedDate format="yyyy-MM-dd">2013-01-01</SourceModifiedDate>  
      <SourceModifiedBy>SourceModifiedBy</SourceModifiedBy> 
    </ExtendedAttribute> 
  </ExtendedAttributes>  
  <SourceStatusCode sourceName="TestSystem" codeSet="SourceStatusCodes">A</SourceStatusCode>  
  <SourceCreatedDate format="yyyy-MM-dd hh:mm:ss">2000-01-01 10:12:32</SourceCreatedDate>  
  <SourceCreatedBy>UnitTest</SourceCreatedBy>  
  <SourceModifiedDate format="yyyy-MM-dd hh:mm:ss">2000-10-01 11:12:32</SourceModifiedDate>  
  <SourceModifiedBy>UnitTest</SourceModifiedBy> 
</ProcedureOrderEvent></OmniInterface>