<?xml version="1.0" encoding="UTF-8"?><OmniInterface><GuarantorAccount xmlns="http://www.ibi.com/2013/OP/Interface" version="1.1.7">  
  <OmniStatus>A</OmniStatus>  
  <OmniStatusReason>Active</OmniStatusReason>  
  <SourceName>TestSystem</SourceName>  
  <SourceInstanceId>GuarantorAccount:1429197557798</SourceInstanceId>  
  <SourceInstanceIdName>SID Name</SourceInstanceIdName>  
  <AccountType sourceName="Example" sourceCodeSet="XX" sourceCode="YY">Source Code Description</AccountType>  
  <AccountActive sourceName="Example" sourceCodeSet="XX" sourceCode="YY">Source Code Description</AccountActive>  
  <AccountOpenDate>AccountOpenDate</AccountOpenDate>  
  <AccountName>AccountName</AccountName>  
  <AccountCloseDate>AccountCloseDate</AccountCloseDate>  
  <Guarantor> 
    <GuarantorAccountPerson> 
      <OmniStatus>A</OmniStatus>  
      <OmniStatusReason>Active</OmniStatusReason>  
      <SourceName>TestSystem</SourceName>  
      <SourceInstanceId>GuarantorAccountPerson:1429197557804</SourceInstanceId>  
      <SourceInstanceIdName>SID Name</SourceInstanceIdName>  
      <Name> 
        <FullName>FullName</FullName>  
        <Prefix>Prefix</Prefix>  
        <FirstName>FirstName</FirstName>  
        <MiddleName>MiddleName</MiddleName>  
        <LastName>LastName</LastName>  
        <Suffix>Suffix</Suffix>  
        <Title>Title</Title> 
      </Name>  
      <Gender sourceName="Example" sourceCodeSet="XX" sourceCode="YY">Source Code Description</Gender>  
      <DateOfBirth format="yyyy-MM-dd">2013-01-01</DateOfBirth>  
      <SocialSecurityNumber>SocialSecurityNumber</SocialSecurityNumber>  
      <HomePhoneNumber>HomePhoneNumber</HomePhoneNumber>  
      <WorkPhoneNumber>WorkPhoneNumber</WorkPhoneNumber>  
      <Address> 
        <AddressLine1>AddressLine1</AddressLine1>  
        <AddressLine2>AddressLine2</AddressLine2>  
        <AddressLine3>AddressLine3</AddressLine3>  
        <AddressLine4>AddressLine4</AddressLine4>  
        <City>City</City>  
        <StateProvince sourceName="Example" sourceCodeSet="XX" sourceCode="YY">Source Code Description</StateProvince>  
        <PostalCode>PostalCode</PostalCode>  
        <Country sourceName="Example" sourceCodeSet="XX" sourceCode="YY">Source Code Description</Country>  
        <CountyRegion sourceName="Example" sourceCodeSet="XX" sourceCode="YY">Source Code Description</CountyRegion> 
      </Address>  
      <OccupationDescription>OccupationDescription</OccupationDescription>  
      <Occupation sourceName="Example" sourceCodeSet="XX" sourceCode="YY">Source Code Description</Occupation>  
      <EmploymentStatus sourceName="Example" sourceCodeSet="XX" sourceCode="YY">Source Code Description</EmploymentStatus>  
      <EmploymentStartDate format="yyyy-MM-dd">2013-01-01</EmploymentStartDate>  
      <IncomeSource sourceName="Example" sourceCodeSet="XX" sourceCode="YY">Source Code Description</IncomeSource>  
      <PreferredLanguage sourceName="Example" sourceCodeSet="XX" sourceCode="YY">Source Code Description</PreferredLanguage>  
      <VerificationId>VerificationId</VerificationId>  
      <VerificationUser> 
        <User> 
          <SourceName>TestSystem</SourceName>  
          <SourceInstanceId>VerificationUser:1429197557816</SourceInstanceId> 
        </User> 
      </VerificationUser>  
      <VerificationStatus sourceName="Example" sourceCodeSet="XX" sourceCode="YY">Source Code Description</VerificationStatus>  
      <NextAccountReviewDate format="yyyy-MM-dd">2013-01-01</NextAccountReviewDate>  
      <NextReviewDate format="yyyy-MM-dd">2013-01-01</NextReviewDate>  
      <Employers> 
        <GuarantorAccountPersonEmployer> 
          <OmniStatus>A</OmniStatus>  
          <OmniStatusReason>Active</OmniStatusReason>  
          <SourceName>TestSystem</SourceName>  
          <SourceInstanceId>GuarantorAccountPersonEmployer:1429197557822</SourceInstanceId>  
          <SourceInstanceIdName>SID Name</SourceInstanceIdName>  
          <EmployerId>EmployerId</EmployerId>  
          <EmployerName>EmployerName</EmployerName>  
          <ContactPerson>ContactPerson</ContactPerson>  
          <PhoneNumber>PhoneNumber</PhoneNumber>  
          <FaxNumber>FaxNumber</FaxNumber>  
          <Address> 
            <AddressLine1>AddressLine1</AddressLine1>  
            <AddressLine2>AddressLine2</AddressLine2>  
            <AddressLine3>AddressLine3</AddressLine3>  
            <AddressLine4>AddressLine4</AddressLine4>  
            <City>City</City>  
            <StateProvince sourceName="Example" sourceCodeSet="XX" sourceCode="YY">Source Code Description</StateProvince>  
            <PostalCode>PostalCode</PostalCode>  
            <Country sourceName="Example" sourceCodeSet="XX" sourceCode="YY">Source Code Description</Country>  
            <CountyRegion sourceName="Example" sourceCodeSet="XX" sourceCode="YY">Source Code Description</CountyRegion> 
          </Address>  
          <ContractId>ContractId</ContractId>  
          <AccountManager> 
            <User> 
              <SourceName>TestSystem</SourceName>  
              <SourceInstanceId>AccountManager:1429197557827</SourceInstanceId> 
            </User> 
          </AccountManager>  
          <Industry sourceName="Example" sourceCodeSet="XX" sourceCode="YY">Source Code Description</Industry>  
          <Location>Location</Location>  
          <NumberOfEmployees>NumberOfEmployees</NumberOfEmployees>  
          <ExtendedAttributes> 
            <ExtendedAttribute> 
              <SourceName>TestSystem</SourceName>  
              <SourceInstanceId>ExtendedAttribute:1429197557831</SourceInstanceId>  
              <Name>SampleExtendedAttribute</Name>  
              <Type>string</Type>  
              <Format/>  
              <Value>Sample Value</Value>  
              <SourceCreatedDate format="yyyy-MM-dd hh:mm:ss">2000-01-01 10:12:32</SourceCreatedDate>  
              <SourceCreatedBy>SourceCreatedBy</SourceCreatedBy>  
              <SourceModifiedDate format="yyyy-MM-dd">2013-01-01</SourceModifiedDate>  
              <SourceModifiedBy>SourceModifiedBy</SourceModifiedBy> 
            </ExtendedAttribute> 
          </ExtendedAttributes>  
          <SourceStatusCode sourceName="TestSystem" codeSet="SourceStatusCodes">A</SourceStatusCode>  
          <SourceCreatedDate format="yyyy-MM-dd hh:mm:ss">2000-01-01 10:12:32</SourceCreatedDate>  
          <SourceCreatedBy>UnitTest</SourceCreatedBy>  
          <SourceModifiedDate format="yyyy-MM-dd hh:mm:ss">2000-10-01 11:12:32</SourceModifiedDate>  
          <SourceModifiedBy>UnitTest</SourceModifiedBy> 
        </GuarantorAccountPersonEmployer> 
      </Employers>  
      <OthersGuaranteed> 
        <GuarantorAccountGuaranteeOther> 
          <OmniStatus>A</OmniStatus>  
          <OmniStatusReason>Active</OmniStatusReason>  
          <SourceName>TestSystem</SourceName>  
          <SourceInstanceId>GuarantorAccountGuaranteeOther:1429197557838</SourceInstanceId>  
          <SourceInstanceIdName>SID Name</SourceInstanceIdName>  
          <RelationToGuarantor sourceName="Example" sourceCodeSet="XX" sourceCode="YY">Source Code Description</RelationToGuarantor>  
          <Name> 
            <FullName>FullName</FullName>  
            <Prefix>Prefix</Prefix>  
            <FirstName>FirstName</FirstName>  
            <MiddleName>MiddleName</MiddleName>  
            <LastName>LastName</LastName>  
            <Suffix>Suffix</Suffix>  
            <Title>Title</Title> 
          </Name>  
          <Address> 
            <AddressLine1>AddressLine1</AddressLine1>  
            <AddressLine2>AddressLine2</AddressLine2>  
            <AddressLine3>AddressLine3</AddressLine3>  
            <AddressLine4>AddressLine4</AddressLine4>  
            <City>City</City>  
            <StateProvince sourceName="Example" sourceCodeSet="XX" sourceCode="YY">Source Code Description</StateProvince>  
            <PostalCode>PostalCode</PostalCode>  
            <Country sourceName="Example" sourceCodeSet="XX" sourceCode="YY">Source Code Description</Country>  
            <CountyRegion sourceName="Example" sourceCodeSet="XX" sourceCode="YY">Source Code Description</CountyRegion> 
          </Address>  
          <ExtendedAttributes> 
            <ExtendedAttribute> 
              <SourceName>TestSystem</SourceName>  
              <SourceInstanceId>ExtendedAttribute:1429197557843</SourceInstanceId>  
              <Name>SampleExtendedAttribute</Name>  
              <Type>string</Type>  
              <Format/>  
              <Value>Sample Value</Value>  
              <SourceCreatedDate format="yyyy-MM-dd hh:mm:ss">2000-01-01 10:12:32</SourceCreatedDate>  
              <SourceCreatedBy>SourceCreatedBy</SourceCreatedBy>  
              <SourceModifiedDate format="yyyy-MM-dd">2013-01-01</SourceModifiedDate>  
              <SourceModifiedBy>SourceModifiedBy</SourceModifiedBy> 
            </ExtendedAttribute> 
          </ExtendedAttributes>  
          <SourceStatusCode sourceName="TestSystem" codeSet="SourceStatusCodes">A</SourceStatusCode>  
          <SourceCreatedDate format="yyyy-MM-dd hh:mm:ss">2000-01-01 10:12:32</SourceCreatedDate>  
          <SourceCreatedBy>UnitTest</SourceCreatedBy>  
          <SourceModifiedDate format="yyyy-MM-dd hh:mm:ss">2000-10-01 11:12:32</SourceModifiedDate>  
          <SourceModifiedBy>UnitTest</SourceModifiedBy> 
        </GuarantorAccountGuaranteeOther> 
      </OthersGuaranteed>  
      <PatientsGuaranteed> 
        <GuarantorAccountGuaranteePatient> 
          <OmniStatus>A</OmniStatus>  
          <OmniStatusReason>Active</OmniStatusReason>  
          <SourceName>TestSystem</SourceName>  
          <SourceInstanceId>GuarantorAccountGuaranteePatient:1429197557848</SourceInstanceId>  
          <SourceInstanceIdName>SID Name</SourceInstanceIdName>  
          <Patient> 
            <Patient> 
              <SourceName>TestSystem</SourceName>  
              <SourceInstanceId>Patient:1429197557848</SourceInstanceId> 
            </Patient> 
          </Patient>  
          <RelationToGuarantor sourceName="Example" sourceCodeSet="XX" sourceCode="YY">Source Code Description</RelationToGuarantor>  
          <RequisitionRelationship sourceName="Example" sourceCodeSet="XX" sourceCode="YY">Source Code Description</RequisitionRelationship>  
          <ExtendedAttributes> 
            <ExtendedAttribute> 
              <SourceName>TestSystem</SourceName>  
              <SourceInstanceId>ExtendedAttribute:1429197557851</SourceInstanceId>  
              <Name>SampleExtendedAttribute</Name>  
              <Type>string</Type>  
              <Format/>  
              <Value>Sample Value</Value>  
              <SourceCreatedDate format="yyyy-MM-dd hh:mm:ss">2000-01-01 10:12:32</SourceCreatedDate>  
              <SourceCreatedBy>SourceCreatedBy</SourceCreatedBy>  
              <SourceModifiedDate format="yyyy-MM-dd">2013-01-01</SourceModifiedDate>  
              <SourceModifiedBy>SourceModifiedBy</SourceModifiedBy> 
            </ExtendedAttribute> 
          </ExtendedAttributes>  
          <SourceStatusCode sourceName="TestSystem" codeSet="SourceStatusCodes">A</SourceStatusCode>  
          <SourceCreatedDate format="yyyy-MM-dd hh:mm:ss">2000-01-01 10:12:32</SourceCreatedDate>  
          <SourceCreatedBy>UnitTest</SourceCreatedBy>  
          <SourceModifiedDate format="yyyy-MM-dd hh:mm:ss">2000-10-01 11:12:32</SourceModifiedDate>  
          <SourceModifiedBy>UnitTest</SourceModifiedBy> 
        </GuarantorAccountGuaranteePatient> 
      </PatientsGuaranteed>  
      <ExtendedAttributes> 
        <ExtendedAttribute> 
          <SourceName>TestSystem</SourceName>  
          <SourceInstanceId>ExtendedAttribute:1429197557856</SourceInstanceId>  
          <Name>SampleExtendedAttribute</Name>  
          <Type>string</Type>  
          <Format/>  
          <Value>Sample Value</Value>  
          <SourceCreatedDate format="yyyy-MM-dd hh:mm:ss">2000-01-01 10:12:32</SourceCreatedDate>  
          <SourceCreatedBy>SourceCreatedBy</SourceCreatedBy>  
          <SourceModifiedDate format="yyyy-MM-dd">2013-01-01</SourceModifiedDate>  
          <SourceModifiedBy>SourceModifiedBy</SourceModifiedBy> 
        </ExtendedAttribute> 
      </ExtendedAttributes>  
      <SourceStatusCode sourceName="TestSystem" codeSet="SourceStatusCodes">A</SourceStatusCode>  
      <SourceCreatedDate format="yyyy-MM-dd hh:mm:ss">2000-01-01 10:12:32</SourceCreatedDate>  
      <SourceCreatedBy>UnitTest</SourceCreatedBy>  
      <SourceModifiedDate format="yyyy-MM-dd hh:mm:ss">2000-10-01 11:12:32</SourceModifiedDate>  
      <SourceModifiedBy>UnitTest</SourceModifiedBy> 
    </GuarantorAccountPerson> 
  </Guarantor>  
  <ReferringProvider> 
    <Provider> 
      <SourceName>TestSystem</SourceName>  
      <SourceInstanceId>ReferringProvider:1429197557860</SourceInstanceId> 
    </Provider> 
  </ReferringProvider>  
  <ServiceArea>ServiceArea</ServiceArea>  
  <FinancialClass sourceName="Example" sourceCodeSet="XX" sourceCode="YY">Source Code Description</FinancialClass>  
  <BillinCycle sourceName="Example" sourceCodeSet="XX" sourceCode="YY">Source Code Description</BillinCycle>  
  <FollowupCycleForOverdue sourceName="Example" sourceCodeSet="XX" sourceCode="YY">Source Code Description</FollowupCycleForOverdue>  
  <BillingStatus sourceName="Example" sourceCodeSet="XX" sourceCode="YY">Source Code Description</BillingStatus>  
  <TotalOutstandingBalance>0.0</TotalOutstandingBalance>  
  <InsuranceBalance>0.0</InsuranceBalance>  
  <PatientBalance>0.0</PatientBalance>  
  <UndistributedPayments sourceName="Example" sourceCodeSet="XX" sourceCode="YY">Source Code Description</UndistributedPayments>  
  <LastInsurancePaymentDate format="yyyy-MM-dd">2013-01-01</LastInsurancePaymentDate>  
  <LastInsurancePaymentAmount>0.0</LastInsurancePaymentAmount>  
  <LastPatientPaymentDate format="yyyy-MM-dd">2013-01-01</LastPatientPaymentDate>  
  <LastPatientPaymentAmount>0.0</LastPatientPaymentAmount>  
  <NextStatementDate format="yyyy-MM-dd">2013-01-01</NextStatementDate>  
  <LastNonDemandEnterpriseStatementDate format="yyyy-MM-dd">2013-01-01</LastNonDemandEnterpriseStatementDate>  
  <LastDemandEnterpriseStatementDate format="yyyy-MM-dd">2013-01-01</LastDemandEnterpriseStatementDate>  
  <LastNonDemandEnterpriseGeneratedStatementDate format="yyyy-MM-dd">2013-01-01</LastNonDemandEnterpriseGeneratedStatementDate>  
  <LastDemandEnterpriseGeneratedStatementDate format="yyyy-MM-dd">2013-01-01</LastDemandEnterpriseGeneratedStatementDate>  
  <PricingContractId>PricingContractId</PricingContractId>  
  <PricingContractExpireDate format="yyyy-MM-dd">2013-01-01</PricingContractExpireDate>  
  <HasCreditBalance sourceName="Example" sourceCodeSet="XX" sourceCode="YY">Source Code Description</HasCreditBalance>  
  <BadDebtBalance>0.0</BadDebtBalance>  
  <ExternalBadDebtSelfPayBalance>0.0</ExternalBadDebtSelfPayBalance>  
  <ExternalBadDebtInsuranceBalance>0.0</ExternalBadDebtInsuranceBalance>  
  <HospitalAccountRecordId>HospitalAccountRecordId</HospitalAccountRecordId>  
  <GuarantorRehomed sourceName="Example" sourceCodeSet="XX" sourceCode="YY">Source Code Description</GuarantorRehomed>  
  <DistrictCategoryOfAccountAddress sourceName="Example" sourceCodeSet="XX" sourceCode="YY">Source Code Description</DistrictCategoryOfAccountAddress>  
  <OldGuarantorId>OldGuarantorId</OldGuarantorId>  
  <GuarantorPatient> 
    <Patient> 
      <SourceName>TestSystem</SourceName>  
      <SourceInstanceId>GuarantorPatient:1429197557869</SourceInstanceId> 
    </Patient> 
  </GuarantorPatient>  
  <ReimbursementContractId>ReimbursementContractId</ReimbursementContractId>  
  <IncomeSource>IncomeSource</IncomeSource>  
  <QuickDisclosureActivity sourceName="Example" sourceCodeSet="XX" sourceCode="YY">Source Code Description</QuickDisclosureActivity>  
  <PrePayOnlyRequester sourceName="Example" sourceCodeSet="XX" sourceCode="YY">Source Code Description</PrePayOnlyRequester>  
  <ConfidentialNameOfPatient>ConfidentialNameOfPatient</ConfidentialNameOfPatient>  
  <HospitalBilling> 
    <Account> 
      <HospitalBillingAccount> 
        <SourceName>TestSystem</SourceName>  
        <SourceInstanceId>Account:1429197557871</SourceInstanceId> 
      </HospitalBillingAccount> 
    </Account>  
    <Balance>0.0</Balance>  
    <PreBilledBalance>0.0</PreBilledBalance>  
    <InsuranceBalance>0.0</InsuranceBalance>  
    <SelfPayBalance>0.0</SelfPayBalance>  
    <BadDebtBalance>0.0</BadDebtBalance>  
    <UndistributedBalance>0.0</UndistributedBalance>  
    <BadDebtSelfPayBalance>0.0</BadDebtSelfPayBalance>  
    <BadDebtInsuranceBalance>0.0</BadDebtInsuranceBalance>  
    <BadDebtUndistributedBalance>0.0</BadDebtUndistributedBalance>  
    <SelfPayAgingDate format="yyyy-MM-dd">2013-01-01</SelfPayAgingDate>  
    <InsuranceAgingDate format="yyyy-MM-dd">2013-01-01</InsuranceAgingDate>  
    <LastInsurancePaymentDate format="yyyy-MM-dd">2013-01-01</LastInsurancePaymentDate>  
    <LastSelfPayPaymentDate format="yyyy-MM-dd">2013-01-01</LastSelfPayPaymentDate>  
    <PaymentPlanInitialBalance>0.0</PaymentPlanInitialBalance>  
    <PaymentPlanAmountDue>0.0</PaymentPlanAmountDue>  
    <PaymentPlanCurrentBalance>0.0</PaymentPlanCurrentBalance>  
    <PaymentPlanMonthlyDue>0.0</PaymentPlanMonthlyDue>  
    <PaymentPlanCurrentDue>0.0</PaymentPlanCurrentDue>  
    <GuarantorLastStatementDate format="yyyy-MM-dd">2013-01-01</GuarantorLastStatementDate>  
    <GuarantorNextStatementDate format="yyyy-MM-dd">2013-01-01</GuarantorNextStatementDate>  
    <GuarantorLastDemandStatementDate format="yyyy-MM-dd">2013-01-01</GuarantorLastDemandStatementDate>  
    <GuarantorNoteExpirationDate format="yyyy-MM-dd">2013-01-01</GuarantorNoteExpirationDate> 
  </HospitalBilling>  
  <ClientBilling> 
    <AccountId>AccountId</AccountId>  
    <Frequency sourceName="Example" sourceCodeSet="XX" sourceCode="YY">Source Code Description</Frequency>  
    <FrequencyDay sourceName="Example" sourceCodeSet="XX" sourceCode="YY">Source Code Description</FrequencyDay>  
    <DayOfMonth>1</DayOfMonth> 
  </ClientBilling>  
  <ProfessionalBilling> 
    <NextStatementDate format="yyyy-MM-dd">2013-01-01</NextStatementDate>  
    <ExternalSelfPayBalance>0.0</ExternalSelfPayBalance>  
    <ExternalInsuranceBalance>0.0</ExternalInsuranceBalance> 
  </ProfessionalBilling>  
  <PaymentPlan> 
    <StartDate format="yyyy-MM-dd">2013-01-01</StartDate>  
    <TotalAmount>0.0</TotalAmount>  
    <Amount>0.0</Amount>  
    <Duration>Duration</Duration>  
    <Frequency sourceName="Example" sourceCodeSet="XX" sourceCode="YY">Source Code Description</Frequency>  
    <DayOfMonthDue>1</DayOfMonthDue>  
    <IsTimely sourceName="Example" sourceCodeSet="XX" sourceCode="YY">Source Code Description</IsTimely>  
    <OnTime sourceName="Example" sourceCodeSet="XX" sourceCode="YY">Source Code Description</OnTime>  
    <LinkedToStatementDate sourceName="Example" sourceCodeSet="XX" sourceCode="YY">Source Code Description</LinkedToStatementDate> 
  </PaymentPlan>  
  <ReleaseOfInformation> 
    <PatientAccount sourceName="Example" sourceCodeSet="XX" sourceCode="YY">Source Code Description</PatientAccount>  
    <Balance>0.0</Balance>  
    <RequesterTaxExempt sourceName="Example" sourceCodeSet="XX" sourceCode="YY">Source Code Description</RequesterTaxExempt>  
    <BillingHouseNumber>BillingHouseNumber</BillingHouseNumber>  
    <BillingDistrict>BillingDistrict</BillingDistrict>  
    <BillingAddressCounty>BillingAddressCounty</BillingAddressCounty> 
  </ReleaseOfInformation>  
  <Notes> 
    <GuarantorAccountNote> 
      <OmniStatus>A</OmniStatus>  
      <OmniStatusReason>Active</OmniStatusReason>  
      <SourceName>TestSystem</SourceName>  
      <SourceInstanceId>GuarantorAccountNote:1429197557883</SourceInstanceId>  
      <SourceInstanceIdName>SID Name</SourceInstanceIdName>  
      <AccountId>AccountId</AccountId>  
      <NotepadType sourceName="Example" sourceCodeSet="XX" sourceCode="YY">Source Code Description</NotepadType>  
      <Summary>Summary</Summary>  
      <ActiveInactiveStatus sourceName="Example" sourceCodeSet="XX" sourceCode="YY">Source Code Description</ActiveInactiveStatus>  
      <ExpirationDate format="yyyy-MM-dd">2013-01-01</ExpirationDate>  
      <CreatedByUser> 
        <User> 
          <SourceName>TestSystem</SourceName>  
          <SourceInstanceId>CreatedByUser:1429197557884</SourceInstanceId> 
        </User> 
      </CreatedByUser>  
      <CreatedOnDate format="yyyy-MM-dd">2013-01-01</CreatedOnDate>  
      <Homed sourceName="Example" sourceCodeSet="XX" sourceCode="YY">Source Code Description</Homed>  
      <Remote sourceName="Example" sourceCodeSet="XX" sourceCode="YY">Source Code Description</Remote>  
      <Prioritized sourceName="Example" sourceCodeSet="XX" sourceCode="YY">Source Code Description</Prioritized>  
      <ExtendedAttributes> 
        <ExtendedAttribute> 
          <SourceName>TestSystem</SourceName>  
          <SourceInstanceId>ExtendedAttribute:1429197557887</SourceInstanceId>  
          <Name>SampleExtendedAttribute</Name>  
          <Type>string</Type>  
          <Format/>  
          <Value>Sample Value</Value>  
          <SourceCreatedDate format="yyyy-MM-dd hh:mm:ss">2000-01-01 10:12:32</SourceCreatedDate>  
          <SourceCreatedBy>SourceCreatedBy</SourceCreatedBy>  
          <SourceModifiedDate format="yyyy-MM-dd">2013-01-01</SourceModifiedDate>  
          <SourceModifiedBy>SourceModifiedBy</SourceModifiedBy> 
        </ExtendedAttribute> 
      </ExtendedAttributes>  
      <SourceStatusCode sourceName="TestSystem" codeSet="SourceStatusCodes">A</SourceStatusCode>  
      <SourceCreatedDate format="yyyy-MM-dd hh:mm:ss">2000-01-01 10:12:32</SourceCreatedDate>  
      <SourceCreatedBy>UnitTest</SourceCreatedBy>  
      <SourceModifiedDate format="yyyy-MM-dd hh:mm:ss">2000-10-01 11:12:32</SourceModifiedDate>  
      <SourceModifiedBy>UnitTest</SourceModifiedBy> 
    </GuarantorAccountNote> 
  </Notes>  
  <ContactHistory> 
    <GuarantorAccountContactHistory> 
      <OmniStatus>A</OmniStatus>  
      <OmniStatusReason>Active</OmniStatusReason>  
      <SourceName>TestSystem</SourceName>  
      <SourceInstanceId>GuarantorAccountContactHistory:1429197557892</SourceInstanceId>  
      <SourceInstanceIdName>SID Name</SourceInstanceIdName>  
      <OccurredNumbeOfTimes>1</OccurredNumbeOfTimes>  
      <ContactDate format="yyyy-MM-dd">2013-01-01</ContactDate>  
      <RecordedByUser> 
        <User> 
          <SourceName>TestSystem</SourceName>  
          <SourceInstanceId>RecordedByUser:1429197557893</SourceInstanceId> 
        </User> 
      </RecordedByUser>  
      <CollectionStaffActivity sourceName="Example" sourceCodeSet="XX" sourceCode="YY">Source Code Description</CollectionStaffActivity>  
      <ReContactDate format="yyyy-MM-dd">2013-01-01</ReContactDate>  
      <CollectionAgencyLetterNumber>CollectionAgencyLetterNumber</CollectionAgencyLetterNumber>  
      <CollectionAgencyLetterLibrary>CollectionAgencyLetterLibrary</CollectionAgencyLetterLibrary>  
      <CollectionQueue>CollectionQueue</CollectionQueue>  
      <RecordedDate format="yyyy-MM-dd">2013-01-01</RecordedDate>  
      <AdditionalInformation>AdditionalInformation</AdditionalInformation>  
      <FollowupWorkQueueActivity sourceName="Example" sourceCodeSet="XX" sourceCode="YY">Source Code Description</FollowupWorkQueueActivity>  
      <RefundRequestId>RefundRequestId</RefundRequestId>  
      <RefundRequestStatus sourceName="Example" sourceCodeSet="XX" sourceCode="YY">Source Code Description</RefundRequestStatus>  
      <RefundRequestAmount>0.0</RefundRequestAmount>  
      <RefundRequesTransactionNumber>RefundRequesTransactionNumber</RefundRequesTransactionNumber>  
      <FollowupTransactions>FollowupTransactions</FollowupTransactions>  
      <FollowupCurrentInsuranceBalance>0.0</FollowupCurrentInsuranceBalance>  
      <FollowupCurrentPatientBalance>0.0</FollowupCurrentPatientBalance>  
      <FollowupTotalAttributedPaymentAmount>0.0</FollowupTotalAttributedPaymentAmount>  
      <AccountType sourceName="Example" sourceCodeSet="XX" sourceCode="YY">Source Code Description</AccountType>  
      <FollowupInformationNeeded>FollowupInformationNeeded</FollowupInformationNeeded>  
      <FollowupWorkQueueId>FollowupWorkQueueId</FollowupWorkQueueId>  
      <SummaryOfLetterSent>SummaryOfLetterSent</SummaryOfLetterSent>  
      <LetterStatus sourceName="Example" sourceCodeSet="XX" sourceCode="YY">Source Code Description</LetterStatus>  
      <CollectionSubQueue>CollectionSubQueue</CollectionSubQueue>  
      <FollowupNote>FollowupNote</FollowupNote>  
      <LetterName>LetterName</LetterName>  
      <PaperlessMyChartBillingStatus sourceName="Example" sourceCodeSet="XX" sourceCode="YY">Source Code Description</PaperlessMyChartBillingStatus>  
      <ExtendedAttributes> 
        <ExtendedAttribute> 
          <SourceName>TestSystem</SourceName>  
          <SourceInstanceId>ExtendedAttribute:1429197557899</SourceInstanceId>  
          <Name>SampleExtendedAttribute</Name>  
          <Type>string</Type>  
          <Format/>  
          <Value>Sample Value</Value>  
          <SourceCreatedDate format="yyyy-MM-dd hh:mm:ss">2000-01-01 10:12:32</SourceCreatedDate>  
          <SourceCreatedBy>SourceCreatedBy</SourceCreatedBy>  
          <SourceModifiedDate format="yyyy-MM-dd">2013-01-01</SourceModifiedDate>  
          <SourceModifiedBy>SourceModifiedBy</SourceModifiedBy> 
        </ExtendedAttribute> 
      </ExtendedAttributes>  
      <SourceStatusCode sourceName="TestSystem" codeSet="SourceStatusCodes">A</SourceStatusCode>  
      <SourceCreatedDate format="yyyy-MM-dd hh:mm:ss">2000-01-01 10:12:32</SourceCreatedDate>  
      <SourceCreatedBy>UnitTest</SourceCreatedBy>  
      <SourceModifiedDate format="yyyy-MM-dd hh:mm:ss">2000-10-01 11:12:32</SourceModifiedDate>  
      <SourceModifiedBy>UnitTest</SourceModifiedBy> 
    </GuarantorAccountContactHistory> 
  </ContactHistory>  
  <Coverages> 
    <GuarantorAccountCoverage> 
      <OmniStatus>A</OmniStatus>  
      <OmniStatusReason>Active</OmniStatusReason>  
      <SourceName>TestSystem</SourceName>  
      <SourceInstanceId>GuarantorAccountCoverage:1429197557909</SourceInstanceId>  
      <SourceInstanceIdName>SID Name</SourceInstanceIdName>  
      <NumberOfCoverages>1</NumberOfCoverages>  
      <AccountId>AccountId</AccountId>  
      <ServiceArea>ServiceArea</ServiceArea>  
      <AccountType sourceName="Example" sourceCodeSet="XX" sourceCode="YY">Source Code Description</AccountType>  
      <LineNumber>LineNumber</LineNumber>  
      <Active sourceName="Example" sourceCodeSet="XX" sourceCode="YY">Source Code Description</Active>  
      <RecordId>RecordId</RecordId>  
      <FinancialClass sourceName="Example" sourceCodeSet="XX" sourceCode="YY">Source Code Description</FinancialClass>  
      <GuardianPatientRelationship sourceName="Example" sourceCodeSet="XX" sourceCode="YY">Source Code Description</GuardianPatientRelationship>  
      <Episode>Episode</Episode>  
      <Comment>Comment</Comment>  
      <Description>Description</Description>  
      <PrimaryClaimId>PrimaryClaimId</PrimaryClaimId>  
      <Payer> 
        <Payer> 
          <SourceName>TestSystem</SourceName>  
          <SourceInstanceId>Payer:1429197557911</SourceInstanceId> 
        </Payer> 
      </Payer>  
      <BenefitPlan> 
        <BenefitPlan> 
          <SourceName>TestSystem</SourceName>  
          <SourceInstanceId>BenefitPlan:1429197557911</SourceInstanceId> 
        </BenefitPlan> 
      </BenefitPlan>  
      <Patient> 
        <Patient> 
          <SourceName>TestSystem</SourceName>  
          <SourceInstanceId>Patient:1429197557911</SourceInstanceId> 
        </Patient> 
      </Patient>  
      <ExtendedAttributes> 
        <ExtendedAttribute> 
          <SourceName>TestSystem</SourceName>  
          <SourceInstanceId>ExtendedAttribute:1429197557913</SourceInstanceId>  
          <Name>SampleExtendedAttribute</Name>  
          <Type>string</Type>  
          <Format/>  
          <Value>Sample Value</Value>  
          <SourceCreatedDate format="yyyy-MM-dd hh:mm:ss">2000-01-01 10:12:32</SourceCreatedDate>  
          <SourceCreatedBy>SourceCreatedBy</SourceCreatedBy>  
          <SourceModifiedDate format="yyyy-MM-dd">2013-01-01</SourceModifiedDate>  
          <SourceModifiedBy>SourceModifiedBy</SourceModifiedBy> 
        </ExtendedAttribute> 
      </ExtendedAttributes>  
      <SourceStatusCode sourceName="TestSystem" codeSet="SourceStatusCodes">A</SourceStatusCode>  
      <SourceCreatedDate format="yyyy-MM-dd hh:mm:ss">2000-01-01 10:12:32</SourceCreatedDate>  
      <SourceCreatedBy>UnitTest</SourceCreatedBy>  
      <SourceModifiedDate format="yyyy-MM-dd hh:mm:ss">2000-10-01 11:12:32</SourceModifiedDate>  
      <SourceModifiedBy>UnitTest</SourceModifiedBy> 
    </GuarantorAccountCoverage> 
  </Coverages>  
  <Transactions> 
    <GuarantorAccountTransaction> 
      <OmniStatus>A</OmniStatus>  
      <OmniStatusReason>Active</OmniStatusReason>  
      <SourceName>TestSystem</SourceName>  
      <SourceInstanceId>GuarantorAccountTransaction:1429197557918</SourceInstanceId>  
      <SourceInstanceIdName>SID Name</SourceInstanceIdName>  
      <TransactionDate format="yyyy-MM-dd">2013-01-01</TransactionDate>  
      <Type sourceName="Example" sourceCodeSet="XX" sourceCode="YY">Source Code Description</Type>  
      <Amount>0.0</Amount>  
      <EndingBalance>0.0</EndingBalance>  
      <ExtendedAttributes> 
        <ExtendedAttribute> 
          <SourceName>TestSystem</SourceName>  
          <SourceInstanceId>ExtendedAttribute:1429197557922</SourceInstanceId>  
          <Name>SampleExtendedAttribute</Name>  
          <Type>string</Type>  
          <Format/>  
          <Value>Sample Value</Value>  
          <SourceCreatedDate format="yyyy-MM-dd hh:mm:ss">2000-01-01 10:12:32</SourceCreatedDate>  
          <SourceCreatedBy>SourceCreatedBy</SourceCreatedBy>  
          <SourceModifiedDate format="yyyy-MM-dd">2013-01-01</SourceModifiedDate>  
          <SourceModifiedBy>SourceModifiedBy</SourceModifiedBy> 
        </ExtendedAttribute> 
      </ExtendedAttributes>  
      <SourceStatusCode sourceName="TestSystem" codeSet="SourceStatusCodes">A</SourceStatusCode>  
      <SourceCreatedDate format="yyyy-MM-dd hh:mm:ss">2000-01-01 10:12:32</SourceCreatedDate>  
      <SourceCreatedBy>UnitTest</SourceCreatedBy>  
      <SourceModifiedDate format="yyyy-MM-dd hh:mm:ss">2000-10-01 11:12:32</SourceModifiedDate>  
      <SourceModifiedBy>UnitTest</SourceModifiedBy> 
    </GuarantorAccountTransaction> 
  </Transactions>  
  <CollectorUser> 
    <User> 
      <SourceName>TestSystem</SourceName>  
      <SourceInstanceId>CollectorUser:1429197557924</SourceInstanceId> 
    </User> 
  </CollectorUser>  
  <ExtendedAttributes> 
    <ExtendedAttribute> 
      <SourceName>TestSystem</SourceName>  
      <SourceInstanceId>ExtendedAttribute:1429197557926</SourceInstanceId>  
      <Name>SampleExtendedAttribute</Name>  
      <Type>string</Type>  
      <Format/>  
      <Value>Sample Value</Value>  
      <SourceCreatedDate format="yyyy-MM-dd hh:mm:ss">2000-01-01 10:12:32</SourceCreatedDate>  
      <SourceCreatedBy>SourceCreatedBy</SourceCreatedBy>  
      <SourceModifiedDate format="yyyy-MM-dd">2013-01-01</SourceModifiedDate>  
      <SourceModifiedBy>SourceModifiedBy</SourceModifiedBy> 
    </ExtendedAttribute> 
  </ExtendedAttributes>  
  <SourceStatusCode sourceName="TestSystem" codeSet="SourceStatusCodes">A</SourceStatusCode>  
  <SourceCreatedDate format="yyyy-MM-dd hh:mm:ss">2000-01-01 10:12:32</SourceCreatedDate>  
  <SourceCreatedBy>UnitTest</SourceCreatedBy>  
  <SourceModifiedDate format="yyyy-MM-dd hh:mm:ss">2000-10-01 11:12:32</SourceModifiedDate>  
  <SourceModifiedBy>UnitTest</SourceModifiedBy> 
</GuarantorAccount></OmniInterface>