<?xml version="1.0" encoding="UTF-8"?><OmniInterface><IdsMatchOverride xmlns="http://www.ibi.com/2013/OP/Interface" version="1.2.5">  
  <Ticket>123456</Ticket>  
  <TransactionId>359f34da-283f-4f1f-a3fc-1c84535a510c</TransactionId>  
  <SourceName>REMEDIATION</SourceName>  
  <RequestPayload> &lt;MatchGroups&gt; &lt;MatchGroup&gt; &lt;Reference&gt; &lt;Target&gt;Patient[Patient:TestSystem:1234]&lt;/Target&gt; &lt;Ignore&gt;false&lt;/Ignore&gt; &lt;/Reference&gt; &lt;Reference&gt; &lt;Target&gt;Patient[Patient:TestSystem:2345]&lt;/Target&gt; &lt;Ignore&gt;false&lt;/Ignore&gt; &lt;/Reference&gt; &lt;Reference&gt; &lt;Target&gt;Patient[Patient:TestSystem:4567]&lt;/Target&gt; &lt;Ignore&gt;true&lt;/Ignore&gt; &lt;/Reference&gt; &lt;/MatchGroup&gt; &lt;MatchGroup&gt; &lt;Reference&gt; &lt;Target&gt;Patient[Patient:TestSystem:6767]&lt;/Target&gt; &lt;Ignore&gt;false&lt;/Ignore&gt; &lt;/Reference&gt; &lt;/MatchGroup&gt; &lt;/MatchGroups&gt;</RequestPayload> 
</IdsMatchOverride></OmniInterface>