<?xml version="1.0" encoding="UTF-8"?><OmniInterface><AccountTransaction xmlns="http://www.ibi.com/2013/OP/Interface" version="1.2.6">  
  <OmniStatus>A</OmniStatus>  
  <OmniStatusReason>Active</OmniStatusReason>  
  <SourceName>TestSystem</SourceName>  
  <SourceInstanceId>AccountTransaction:1427925998697</SourceInstanceId>  
  <SourceInstanceIdName>SID Name</SourceInstanceIdName>  
  <TransactionNumber>12345678</TransactionNumber>  
  <Account> 
    <Account> 
      <SourceName>TestSystem</SourceName>  
      <SourceInstanceId>AccountId</SourceInstanceId> 
    </Account> 
  </Account>  
  <Remitter> 
    <Payer> 
      <SourceName>TestSystem</SourceName>  
      <SourceInstanceId>PayerId</SourceInstanceId> 
    </Payer> 
  </Remitter>  
  <HealthPlanCoverageId>HealthPlanCoverageId</HealthPlanCoverageId>  
  <PatientHealthPlan> 
    <PatientHealthPlan> 
      <SourceName>TestSystem</SourceName>  
      <SourceInstanceId>PatientHealthPlanId</SourceInstanceId> 
    </PatientHealthPlan> 
  </PatientHealthPlan>  
  <ServiceLine> 
    <OrganizationalUnit> 
      <SourceName>TestSystem</SourceName>  
      <SourceInstanceId>ServiceLineId</SourceInstanceId> 
    </OrganizationalUnit> 
  </ServiceLine>  
  <Location> 
    <FacilityLocation> 
      <SourceName>TestSystem</SourceName>  
      <SourceInstanceId>FacilityLocationId</SourceInstanceId> 
    </FacilityLocation> 
  </Location>  
  <TransactionTypeCode sourceName="OMNI" sourceCodeSet="0017" sourceCode="PY"/>  
  <TransactionCurrencyCode sourceName="OMNI" sourceCodeSet="4217" sourceCode="USD"/>  
  <PaymentAdjustmentCode sourceName="OMNI" sourceCodeSet="0468" sourceCode="1"/>  
  <TransactionDateTime format="yyyy-MM-dd hh:mm">2013-01-01 08:00</TransactionDateTime>  
  <TransactionAmount>0.0</TransactionAmount>  
  <TransactionDescription>TransactionDescription</TransactionDescription>  
  <ExtendedAttributes> 
    <ExtendedAttribute> 
      <SourceName>TestSystem</SourceName>  
      <SourceInstanceId>ExtendedAttribute:1427925998702</SourceInstanceId>  
      <Name>SampleExtendedAttribute</Name>  
      <Type>string</Type>  
      <Format/>  
      <Value>Sample Value</Value>  
      <SourceCreatedDate format="yyyy-MM-dd hh:mm:ss">2000-01-01 10:12:32</SourceCreatedDate>  
      <SourceCreatedBy>SourceCreatedBy</SourceCreatedBy>  
      <SourceModifiedDate format="yyyy-MM-dd">2013-01-01</SourceModifiedDate>  
      <SourceModifiedBy>SourceModifiedBy</SourceModifiedBy> 
    </ExtendedAttribute> 
  </ExtendedAttributes>  
  <SourceStatusCode sourceName="TestSystem" codeSet="SourceStatusCodes">A</SourceStatusCode>  
  <SourceCreatedDate format="yyyy-MM-dd hh:mm:ss">2000-01-01 10:12:32</SourceCreatedDate>  
  <SourceCreatedBy>UnitTest</SourceCreatedBy>  
  <SourceModifiedDate format="yyyy-MM-dd hh:mm:ss">2000-10-01 11:12:32</SourceModifiedDate>  
  <SourceModifiedBy>UnitTest</SourceModifiedBy> 
</AccountTransaction></OmniInterface>