<?xml version="1.0" encoding="UTF-8"?><OmniInterface><FacilityMaster xmlns="http://www.ibi.com/2013/OP/Interface" version="1.2.0">  
  <MasterId>MasterId</MasterId>  
  <MasterStatus>A</MasterStatus>  
  <MasterStatusReason/>  
  <MasterStatusCode omniSourceName="Mastering" omniCodeSet="MasterStatusCodes" omniCode="A">Active</MasterStatusCode>  
  <Type omniSourceName="OMNI" omniCodeSet="FacilityTypeCodes" omniCode="H">Hospital</Type>  
  <Name>TestFacilityMaster</Name>  
  <Addresses> 
    <FacilityAddressMaster> 
      <MasterChildId>MasterChildId</MasterChildId>  
      <MasterStatus>A</MasterStatus>  
      <MasterStatusReason/>  
      <MasterStatusCode omniSourceName="Mastering" omniCodeSet="MasterStatusCodes" omniCode="A">Active</MasterStatusCode>  
      <Type omniSourceName="OMNI" omniCodeSet="AddressTypeCodes" omniCode="B">Business Address</Type>  
      <StartDate format="yyyy-MM-dd">2000-01-01</StartDate>  
      <EndDate format="yyyy-MM-dd">2000-01-01</EndDate>  
      <PreferenceOrder>1</PreferenceOrder>  
      <AddressLine1>4000 East Ave</AddressLine1>  
      <AddressLine2>Suite 555</AddressLine2>  
      <AddressLine3>ATTN: Jane Smith</AddressLine3>  
      <AddressLine4>Fragile</AddressLine4>  
      <City>Livonia</City>  
      <StateProvince omniSourceName="OMNI" omniCodeSet="StateCodes" omniCode="NY">New York</StateProvince>  
      <PostalCode>14488</PostalCode>  
      <Country omniSourceName="OMNI" omniCodeSet="CountryCodes" omniCode="USA">United States</Country>  
      <CountyRegion omniSourceName="OMNI" omniCodeSet="CountyRegionCodes" omniCode="LIV">Livingston</CountyRegion>  
      <UsageComment>Do not ring bell</UsageComment> 
    </FacilityAddressMaster> 
  </Addresses>  
  <Identifiers> 
    <FacilityIdentifierMaster> 
      <MasterChildId>MasterChildId</MasterChildId>  
      <MasterStatus>A</MasterStatus>  
      <MasterStatusReason/>  
      <MasterStatusCode omniSourceName="Mastering" omniCodeSet="MasterStatusCodes" omniCode="A">Active</MasterStatusCode>  
      <Type omniSourceName="OMNI" omniCodeSet="IdentifierCodes" omniCode="B">Block Number</Type>  
      <StartDate format="yyyy-MM-dd">2000-01-01</StartDate>  
      <EndDate format="yyyy-MM-dd">2000-01-01</EndDate>  
      <Value>12345678</Value>  
      <IssuingAuthority> 
        <OrganizationMaster> 
          <MasterId>IssuingAuthorityMasterId</MasterId> 
        </OrganizationMaster> 
      </IssuingAuthority>  
      <Comment>Comment about identifier.</Comment> 
    </FacilityIdentifierMaster> 
  </Identifiers>  
  <ContactMethods> 
    <FacilityContactMethodMaster> 
      <MasterChildId>MasterChildId</MasterChildId>  
      <MasterStatus>A</MasterStatus>  
      <MasterStatusReason/>  
      <MasterStatusCode omniSourceName="Mastering" omniCodeSet="MasterStatusCodes" omniCode="A">Active</MasterStatusCode>  
      <Type omniSourceName="OMNI" omniCodeSet="0185" omniCode="F"/>  
      <StartDate format="yyyy-MM-dd">2000-01-01</StartDate>  
      <EndDate format="yyyy-MM-dd">2050-01-01</EndDate>  
      <PreferenceOrder>1</PreferenceOrder>  
      <Protection omniSourceName="OMNI" omniCodeSet="ProtectionCodes" omniCode="UP">Unpublished</Protection>  
      <Value>(222) 234-6879 x9808</Value>  
      <UsageComment>No calls after 5pm</UsageComment> 
    </FacilityContactMethodMaster> 
  </ContactMethods>  
  <Relations> 
    <FacilityRelationMaster> 
      <MasterChildId>MasterChildId</MasterChildId>  
      <MasterStatus>A</MasterStatus>  
      <MasterStatusReason/>  
      <MasterStatusCode omniSourceName="Mastering" omniCodeSet="MasterStatusCodes" omniCode="A">Active</MasterStatusCode>  
      <Type omniSourceName="OMNI" omniCodeSet="FacilityRelationCodes" omniCode="O">Owner</Type>  
      <StartDate format="yyyy-MM-dd">2000-01-01</StartDate>  
      <EndDate format="yyyy-MM-dd">2000-01-01</EndDate>  
      <Relation> 
        <OrganizationMaster> 
          <MasterId>OwnerMasterId</MasterId> 
        </OrganizationMaster> 
      </Relation> 
    </FacilityRelationMaster> 
  </Relations> 
</FacilityMaster></OmniInterface>