<?xml version="1.0" encoding="UTF-8"?><OmniInterface><Bill xmlns="http://www.ibi.com/2013/OP/Interface" version="1.2.6">  
  <OmniStatus>A</OmniStatus>  
  <OmniStatusReason>Active</OmniStatusReason>  
  <SourceName>TestSystem</SourceName>  
  <SourceInstanceId>Bill:1431612377894</SourceInstanceId>  
  <SourceInstanceIdName>SID Name</SourceInstanceIdName>  
  <BillNumber>12345678</BillNumber>  
  <Account> 
    <Account> 
      <SourceName>TestSystem</SourceName>  
      <SourceInstanceId>AccountId</SourceInstanceId> 
    </Account> 
  </Account>  
  <TypeCode sourceCodeSet="BillTypeCodes" sourceCode="BillType1">Bill Type 1</TypeCode>  
  <CategoryCode sourceCodeSet="BillCategoryCodes" sourceCode="Category1">Bill Category 1</CategoryCode>  
  <PayToLocation> 
    <FacilityLocation> 
      <SourceName>TestSystem</SourceName>  
      <SourceInstanceId>FacilityLocationId</SourceInstanceId> 
    </FacilityLocation> 
  </PayToLocation>  
  <StatusCode sourceCodeSet="BillStatusCodes" sourceCode="2">2nd Notice</StatusCode>  
  <BillToParty> 
    <Patient> 
      <SourceName>TestSystem</SourceName>  
      <SourceInstanceId>PatientId</SourceInstanceId> 
    </Patient> 
  </BillToParty>  
  <BillDateTime format="yyyy-MM-dd hh:mm">2013-01-01 08:00</BillDateTime>  
  <AmountDue>0.0</AmountDue>  
  <CurrencyCode sourceName="OMNI" sourceCodeSet="4217" sourceCode="USD"/>  
  <BillLineItems> 
    <BillLineItem> 
      <OmniStatus>A</OmniStatus>  
      <OmniStatusReason>Active</OmniStatusReason>  
      <SourceName>TestSystem</SourceName>  
      <SourceInstanceId>BillLineItem:1431612377899</SourceInstanceId>  
      <SourceInstanceIdName>SID Name</SourceInstanceIdName>  
      <BillLineNumber>1</BillLineNumber>  
      <BillLineTypeCode sourceName="OMNI" sourceCodeSet="0017" sourceCode="CG"/>  
      <BillLineAmount>0.0</BillLineAmount>  
      <SourceStatusCode sourceName="TestSystem" codeSet="SourceStatusCodes">A</SourceStatusCode>  
      <SourceCreatedDate format="yyyy-MM-dd hh:mm:ss">2000-01-01 10:12:32</SourceCreatedDate>  
      <SourceCreatedBy>UnitTest</SourceCreatedBy>  
      <SourceModifiedDate format="yyyy-MM-dd hh:mm:ss">2000-10-01 11:12:32</SourceModifiedDate>  
      <SourceModifiedBy>UnitTest</SourceModifiedBy> 
    </BillLineItem> 
  </BillLineItems>  
  <ExtendedAttributes> 
    <ExtendedAttribute> 
      <SourceName>TestSystem</SourceName>  
      <SourceInstanceId>ExtendedAttribute:1431612377902</SourceInstanceId>  
      <Name>SampleExtendedAttribute</Name>  
      <Type>string</Type>  
      <Format/>  
      <Value>Sample Value</Value>  
      <SourceCreatedDate format="yyyy-MM-dd hh:mm:ss">2000-01-01 10:12:32</SourceCreatedDate>  
      <SourceCreatedBy>SourceCreatedBy</SourceCreatedBy>  
      <SourceModifiedDate format="yyyy-MM-dd">2013-01-01</SourceModifiedDate>  
      <SourceModifiedBy>SourceModifiedBy</SourceModifiedBy> 
    </ExtendedAttribute> 
  </ExtendedAttributes>  
  <SourceStatusCode sourceName="TestSystem" codeSet="SourceStatusCodes">A</SourceStatusCode>  
  <SourceCreatedDate format="yyyy-MM-dd hh:mm:ss">2000-01-01 10:12:32</SourceCreatedDate>  
  <SourceCreatedBy>UnitTest</SourceCreatedBy>  
  <SourceModifiedDate format="yyyy-MM-dd hh:mm:ss">2000-10-01 11:12:32</SourceModifiedDate>  
  <SourceModifiedBy>UnitTest</SourceModifiedBy> 
</Bill></OmniInterface>