<?xml version="1.0" encoding="UTF-8"?><OmniInterface><Appointment xmlns="http://www.ibi.com/2013/OP/Interface" version="1.2.2">  
  <OmniStatus>A</OmniStatus>  
  <OmniStatusReason>Active</OmniStatusReason>  
  <SourceName>TestSystem</SourceName>  
  <SourceInstanceId>Appointment:1427926024671</SourceInstanceId>  
  <SourceInstanceIdName>SID Name</SourceInstanceIdName>  
  <AppointmentNumber>1234HYTER</AppointmentNumber>  
  <Patient> 
    <Patient> 
      <SourceName>TestSystem</SourceName>  
      <SourceInstanceId>SourceName:PatientId</SourceInstanceId> 
    </Patient> 
  </Patient>  
  <Provider> 
    <Provider> 
      <SourceName>TestSystem</SourceName>  
      <SourceInstanceId>SourceName:ProviderId</SourceInstanceId> 
    </Provider> 
  </Provider>  
  <Location> 
    <FacilityLocation> 
      <SourceName>TestSystem</SourceName>  
      <SourceInstanceId>SourceName:FacilityLocationId</SourceInstanceId> 
    </FacilityLocation> 
  </Location>  
  <LanguageInterpreterCode sourceCodeSet="LanguageInterpreterCodes" sourceCode="self">Self-Only Interpreter</LanguageInterpreterCode>  
  <ShadowProvider> 
    <Provider> 
      <SourceName>TestSystem</SourceName>  
      <SourceInstanceId>SourceName:ShadowProviderId</SourceInstanceId> 
    </Provider> 
  </ShadowProvider>  
  <ReferralSource> 
    <ReferralSource> 
      <SourceName>TestSystem</SourceName>  
      <SourceInstanceId>SourceName:ReferralSourceId</SourceInstanceId> 
    </ReferralSource> 
  </ReferralSource>  
  <VisitTypeCode sourceCodeSet="VisitTypeCodes" sourceCode="lab">Lab</VisitTypeCode>  
  <BlockCategoryCode sourceCodeSet="BlockCategoryCodes" sourceCode="physical">Physical</BlockCategoryCode>  
  <NumberOfCalls>3</NumberOfCalls>  
  <NumberOfChanges>0</NumberOfChanges>  
  <ChangeReasonCode sourceCodeSet="ChangeReasonCodes" sourceCode="patient">Patient</ChangeReasonCode>  
  <AppointmentStatusCode sourceCodeSet="AppointmentStatusCodes" sourceCode="noshow">No Show</AppointmentStatusCode>  
  <AutomatedReminderStatusCode sourceCodeSet="AutomatedReminderStatusCodes" sourceCode="hangup">Hang Up</AutomatedReminderStatusCode>  
  <ConfirmationStatusCode sourceCodeSet="ConfirmationStatusCodes" sourceCode="confirmed">Confirmed</ConfirmationStatusCode>  
  <CancellationReasonCode sourceCodeSet="CancellationReasonCodes" sourceCode="weather">Weather</CancellationReasonCode>  
  <RescheduledAppointment> 
    <Appointment> 
      <SourceName>TestSystem</SourceName>  
      <SourceInstanceId>SourceName:RescheduleAppointmentId</SourceInstanceId> 
    </Appointment> 
  </RescheduledAppointment>  
  <Execution> 
    <AppointmentLength>30</AppointmentLength>  
    <AppointmentStartDateTime format="yyyy-MM-dd hh:mm">2013-01-01 08:00</AppointmentStartDateTime>  
    <AppointmentEndDateTime format="yyyy-MM-dd hh:mm">2013-01-01 08:30</AppointmentEndDateTime>  
    <ScheduledFromKiosk>KioskScheduledFrom</ScheduledFromKiosk>  
    <ConfirmedDateTime format="yyyy-MM-dd hh:mm">2013-01-01 08:30</ConfirmedDateTime>  
    <CancelledDateTime format="yyyy-MM-dd hh:mm">2013-01-01 08:30</CancelledDateTime>  
    <SignInDateTime format="yyyy-MM-dd hh:mm">2013-01-01 08:30</SignInDateTime>  
    <InitialCheckInDateTime format="yyyy-MM-dd hh:mm">2013-01-01 08:30</InitialCheckInDateTime>  
    <CheckInKiosk>KioskIn</CheckInKiosk>  
    <CheckInDateTime format="yyyy-MM-dd hh:mm">2013-01-01 08:30</CheckInDateTime>  
    <ArrivalListRemovalDateTime format="yyyy-MM-dd hh:mm">2013-01-01 08:30</ArrivalListRemovalDateTime>  
    <PagedDateTime format="yyyy-MM-dd hh:mm">2013-01-01 08:30</PagedDateTime>  
    <RoomAssignedDateTime format="yyyy-MM-dd hh:mm">2013-01-01 08:30</RoomAssignedDateTime>  
    <RoomedDateTime format="yyyy-MM-dd hh:mm">2013-01-01 08:30</RoomedDateTime>  
    <NurseLeftRoomDateTime format="yyyy-MM-dd hh:mm">2013-01-01 08:30</NurseLeftRoomDateTime>  
    <ProviderEnteredRoomDateTime format="yyyy-MM-dd hh:mm">2013-01-01 08:30</ProviderEnteredRoomDateTime>  
    <CheckOutKiosk>KioskOut</CheckOutKiosk>  
    <CheckOutDateTime format="yyyy-MM-dd hh:mm">2013-01-01 08:30</CheckOutDateTime> 
  </Execution>  
  <Indicators> 
    <ReferralIndicator sourceName="OMNI" sourceCodeSet="0136" sourceCode="Y"/>  
    <OverbookIndicator sourceName="OMNI" sourceCodeSet="0136" sourceCode="Y"/>  
    <OverrideIndicator sourceName="OMNI" sourceCodeSet="0136" sourceCode="Y"/>  
    <TimeUnavailableIndicator sourceName="OMNI" sourceCodeSet="0136" sourceCode="Y"/>  
    <WalkinIndicator sourceName="OMNI" sourceCodeSet="0136" sourceCode="Y"/>  
    <SequentialAppointmentIndicator sourceName="OMNI" sourceCodeSet="0136" sourceCode="Y"/>  
    <WarningOverridenIndicator sourceName="OMNI" sourceCodeSet="0136" sourceCode="Y"/>  
    <SameDayIndicator sourceName="OMNI" sourceCodeSet="0136" sourceCode="Y"/>  
    <JointAppointmentIndicator sourceName="OMNI" sourceCodeSet="0136" sourceCode="Y"/>  
    <CancelledSameDayIndicator sourceName="OMNI" sourceCodeSet="0136" sourceCode="Y"/> 
  </Indicators>  
  <Notifications> 
    <AppointmentNotification> 
      <OmniStatus>A</OmniStatus>  
      <OmniStatusReason>Active</OmniStatusReason>  
      <SourceName>TestSystem</SourceName>  
      <SourceInstanceId>AppointmentNotification:1427926024684</SourceInstanceId>  
      <SourceInstanceIdName>SID Name</SourceInstanceIdName>  
      <NotificationModeCode sourceCodeSet="NotificationModeCodes" sourceCode="txt">Text Message</NotificationModeCode>  
      <NotificationReasonCode sourceCodeSet="NotificationReasonCodes" sourceCode="cancel">Cancelled Appointment</NotificationReasonCode>  
      <NotificationDateTime format="yyyy-MM-dd hh:mm">2013-01-01 08:00</NotificationDateTime>  
      <SourceStatusCode sourceName="TestSystem" codeSet="SourceStatusCodes">A</SourceStatusCode>  
      <SourceCreatedDate format="yyyy-MM-dd hh:mm:ss">2000-01-01 10:12:32</SourceCreatedDate>  
      <SourceCreatedBy>UnitTest</SourceCreatedBy>  
      <SourceModifiedDate format="yyyy-MM-dd hh:mm:ss">2000-10-01 11:12:32</SourceModifiedDate>  
      <SourceModifiedBy>UnitTest</SourceModifiedBy> 
    </AppointmentNotification> 
  </Notifications>  
  <Notes> 
    <AppointmentNote> 
      <OmniStatus>A</OmniStatus>  
      <OmniStatusReason>Active</OmniStatusReason>  
      <SourceName>TestSystem</SourceName>  
      <SourceInstanceId>AppointmentNote:1427926024687</SourceInstanceId>  
      <SourceInstanceIdName>SID Name</SourceInstanceIdName>  
      <NoteTypeCode sourceCodeSet="NoteTypeCodes" sourceCode="changeReason">ChangeReason</NoteTypeCode>  
      <Note>Change Reason Note</Note>  
      <NoteDateTime format="yyyy-MM-dd hh:mm">2013-01-01 08:00</NoteDateTime>  
      <SourceStatusCode sourceName="TestSystem" codeSet="SourceStatusCodes">A</SourceStatusCode>  
      <SourceCreatedDate format="yyyy-MM-dd hh:mm:ss">2000-01-01 10:12:32</SourceCreatedDate>  
      <SourceCreatedBy>UnitTest</SourceCreatedBy>  
      <SourceModifiedDate format="yyyy-MM-dd hh:mm:ss">2000-10-01 11:12:32</SourceModifiedDate>  
      <SourceModifiedBy>UnitTest</SourceModifiedBy> 
    </AppointmentNote> 
  </Notes>  
  <ExtendedAttributes> 
    <ExtendedAttribute> 
      <SourceName>TestSystem</SourceName>  
      <SourceInstanceId>ExtendedAttribute:1427926024690</SourceInstanceId>  
      <Name>SampleExtendedAttribute</Name>  
      <Type>string</Type>  
      <Format/>  
      <Value>Sample Value</Value>  
      <SourceCreatedDate format="yyyy-MM-dd hh:mm:ss">2000-01-01 10:12:32</SourceCreatedDate>  
      <SourceCreatedBy>SourceCreatedBy</SourceCreatedBy>  
      <SourceModifiedDate format="yyyy-MM-dd">2013-01-01</SourceModifiedDate>  
      <SourceModifiedBy>SourceModifiedBy</SourceModifiedBy> 
    </ExtendedAttribute> 
  </ExtendedAttributes>  
  <SourceStatusCode sourceName="TestSystem" codeSet="SourceStatusCodes">A</SourceStatusCode>  
  <SourceCreatedDate format="yyyy-MM-dd hh:mm:ss">2000-01-01 10:12:32</SourceCreatedDate>  
  <SourceCreatedBy>UnitTest</SourceCreatedBy>  
  <SourceModifiedDate format="yyyy-MM-dd hh:mm:ss">2000-10-01 11:12:32</SourceModifiedDate>  
  <SourceModifiedBy>UnitTest</SourceModifiedBy> 
</Appointment></OmniInterface>