<?xml version="1.0" encoding="UTF-8"?><OmniInterface><ProviderTemplate xmlns="http://www.ibi.com/2013/OP/Interface" version="1.2.1">  
  <OmniStatus>A</OmniStatus>  
  <OmniStatusReason>Active</OmniStatusReason>  
  <SourceName>TestSystem</SourceName>  
  <SourceInstanceId>ProviderTemplate:1429197635798</SourceInstanceId>  
  <SourceInstanceIdName>SID Name</SourceInstanceIdName>  
  <Provider> 
    <Provider> 
      <SourceName>TestSystem</SourceName>  
      <SourceInstanceId>ProviderId</SourceInstanceId> 
    </Provider> 
  </Provider>  
  <Location> 
    <FacilityLocation> 
      <SourceName>TestSystem</SourceName>  
      <SourceInstanceId>WeekendCareLocationId</SourceInstanceId> 
    </FacilityLocation> 
  </Location>  
  <ReleaseDate format="yyyy-MM-dd">2013-01-01</ReleaseDate>  
  <DefaultSlotLength>30</DefaultSlotLength>  
  <OverbookingAllowed sourceName="OMNI" sourceCodeSet="YesNo" sourceCode="Y"/>  
  <ExtendedAttributes> 
    <ExtendedAttribute> 
      <SourceName>TestSystem</SourceName>  
      <SourceInstanceId>ExtendedAttribute:1429197635801</SourceInstanceId>  
      <Name>SampleExtendedAttribute</Name>  
      <Type>string</Type>  
      <Format/>  
      <Value>Sample Value</Value>  
      <SourceCreatedDate format="yyyy-MM-dd hh:mm:ss">2000-01-01 10:12:32</SourceCreatedDate>  
      <SourceCreatedBy>SourceCreatedBy</SourceCreatedBy>  
      <SourceModifiedDate format="yyyy-MM-dd">2013-01-01</SourceModifiedDate>  
      <SourceModifiedBy>SourceModifiedBy</SourceModifiedBy> 
    </ExtendedAttribute> 
  </ExtendedAttributes>  
  <SourceStatusCode sourceName="TestSystem" codeSet="SourceStatusCodes">A</SourceStatusCode>  
  <SourceCreatedDate format="yyyy-MM-dd hh:mm:ss">2000-01-01 10:12:32</SourceCreatedDate>  
  <SourceCreatedBy>UnitTest</SourceCreatedBy>  
  <SourceModifiedDate format="yyyy-MM-dd hh:mm:ss">2000-10-01 11:12:32</SourceModifiedDate>  
  <SourceModifiedBy>UnitTest</SourceModifiedBy> 
</ProviderTemplate></OmniInterface>