<?xml version="1.0" encoding="UTF-8"?><OmniInterface><ProviderAvailabilitySlot xmlns="http://www.ibi.com/2013/OP/Interface" version="1.2.1">  
  <OmniStatus>A</OmniStatus>  
  <OmniStatusReason>Active</OmniStatusReason>  
  <SourceName>TestSystem</SourceName>  
  <SourceInstanceId>ProviderAvailabilitySlot:1429197644310</SourceInstanceId>  
  <SourceInstanceIdName>SID Name</SourceInstanceIdName>  
  <Provider> 
    <Provider> 
      <SourceName>TestSystem</SourceName>  
      <SourceInstanceId>ProviderId</SourceInstanceId> 
    </Provider> 
  </Provider>  
  <Location> 
    <FacilityLocation> 
      <SourceName>TestSystem</SourceName>  
      <SourceInstanceId>WeekendCareLocationId</SourceInstanceId> 
    </FacilityLocation> 
  </Location>  
  <SlotBeginDateTime format="yyyy-MM-dd hh:mm">2013-01-01 08:00</SlotBeginDateTime>  
  <SlotLength>30</SlotLength>  
  <NumberOfAppointmentsScheduled>2</NumberOfAppointmentsScheduled>  
  <OriginalOpeningsPerSlot>2</OriginalOpeningsPerSlot>  
  <OriginalNumberOfOverbooksAllowed>0</OriginalNumberOfOverbooksAllowed>  
  <PrivateSlotIndicator sourceName="OMNI" sourceCodeSet="YesNo" sourceCode="N"/>  
  <UnavailableIndicator sourceName="OMNI" sourceCodeSet="YesNo" sourceCode="N"/>  
  <UnavailableReasonCode sourceName="SystemA" sourceCodeSet="UnavailableReasonCodes" sourceCode="V"/>  
  <HeldIndicator sourceName="OMNI" sourceCodeSet="YesNo" sourceCode="N"/>  
  <HeldReasonCode sourceName="SystemA" sourceCodeSet="HeldReasonCodes" sourceCode="V"/>  
  <BlockedIndicator sourceName="OMNI" sourceCodeSet="YesNo" sourceCode="N"/>  
  <BlockedReasonCode sourceName="SystemA" sourceCodeSet="BlockedReasonCodes" sourceCode="Urgent"/>  
  <Appointments> 
    <ProviderAvailabilityAppointment> 
      <OmniStatus>A</OmniStatus>  
      <OmniStatusReason>Active</OmniStatusReason>  
      <SourceName>TestSystem</SourceName>  
      <SourceInstanceId>ProviderAvailabilityAppointment:1429197644315</SourceInstanceId>  
      <SourceInstanceIdName>SID Name</SourceInstanceIdName>  
      <Appointment> 
        <Appointment> 
          <SourceName>TestSystem</SourceName>  
          <SourceInstanceId>AppointmentId</SourceInstanceId> 
        </Appointment> 
      </Appointment>  
      <SourceStatusCode sourceName="TestSystem" codeSet="SourceStatusCodes">A</SourceStatusCode>  
      <SourceCreatedDate format="yyyy-MM-dd hh:mm:ss">2000-01-01 10:12:32</SourceCreatedDate>  
      <SourceCreatedBy>UnitTest</SourceCreatedBy>  
      <SourceModifiedDate format="yyyy-MM-dd hh:mm:ss">2000-10-01 11:12:32</SourceModifiedDate>  
      <SourceModifiedBy>UnitTest</SourceModifiedBy> 
    </ProviderAvailabilityAppointment> 
  </Appointments>  
  <ExtendedAttributes> 
    <ExtendedAttribute> 
      <SourceName>TestSystem</SourceName>  
      <SourceInstanceId>ExtendedAttribute:1429197644316</SourceInstanceId>  
      <Name>SampleExtendedAttribute</Name>  
      <Type>string</Type>  
      <Format/>  
      <Value>Sample Value</Value>  
      <SourceCreatedDate format="yyyy-MM-dd hh:mm:ss">2000-01-01 10:12:32</SourceCreatedDate>  
      <SourceCreatedBy>SourceCreatedBy</SourceCreatedBy>  
      <SourceModifiedDate format="yyyy-MM-dd">2013-01-01</SourceModifiedDate>  
      <SourceModifiedBy>SourceModifiedBy</SourceModifiedBy> 
    </ExtendedAttribute> 
  </ExtendedAttributes>  
  <SourceStatusCode sourceName="TestSystem" codeSet="SourceStatusCodes">A</SourceStatusCode>  
  <SourceCreatedDate format="yyyy-MM-dd hh:mm:ss">2000-01-01 10:12:32</SourceCreatedDate>  
  <SourceCreatedBy>UnitTest</SourceCreatedBy>  
  <SourceModifiedDate format="yyyy-MM-dd hh:mm:ss">2000-10-01 11:12:32</SourceModifiedDate>  
  <SourceModifiedBy>UnitTest</SourceModifiedBy> 
</ProviderAvailabilitySlot></OmniInterface>