<?xml version="1.0" encoding="UTF-8"?><OmniInterface><ProviderTemplateSchedule xmlns="http://www.ibi.com/2013/OP/Interface" version="1.2.1">  
  <OmniStatus>A</OmniStatus>  
  <OmniStatusReason>Active</OmniStatusReason>  
  <SourceName>TestSystem</SourceName>  
  <SourceInstanceId>ProviderTemplateSchedule:1429197639986</SourceInstanceId>  
  <SourceInstanceIdName>SID Name</SourceInstanceIdName>  
  <Template> 
    <ProviderTemplate> 
      <SourceName>TestSystem</SourceName>  
      <SourceInstanceId>ProviderId:FacilityLocationId</SourceInstanceId> 
    </ProviderTemplate> 
  </Template>  
  <ScheduleStartDate format="yyyy-MM-dd">2013-01-01</ScheduleStartDate>  
  <ScheduleEndDate format="yyyy-MM-dd">2013-12-31</ScheduleEndDate>  
  <DayOfWeek>1</DayOfWeek>  
  <StartTime format="hh:mm a">08:00 AM</StartTime>  
  <EndTime format="hh:mm a">12:00 PM</EndTime>  
  <SlotLength>30</SlotLength>  
  <OpeningsPerSlot>1</OpeningsPerSlot>  
  <NumberOfOverbooksAllowed>0</NumberOfOverbooksAllowed>  
  <PrivateSlot sourceName="OMNI" sourceCodeSet="YesNo" sourceCode="N"/>  
  <ModificationReason sourceName="SystemA" sourceCodeSet="ModificationReasonCodes" sourceCode="Set Unavailable"/>  
  <ExtendedAttributes> 
    <ExtendedAttribute> 
      <SourceName>TestSystem</SourceName>  
      <SourceInstanceId>ExtendedAttribute:1429197639991</SourceInstanceId>  
      <Name>SampleExtendedAttribute</Name>  
      <Type>string</Type>  
      <Format/>  
      <Value>Sample Value</Value>  
      <SourceCreatedDate format="yyyy-MM-dd hh:mm:ss">2000-01-01 10:12:32</SourceCreatedDate>  
      <SourceCreatedBy>SourceCreatedBy</SourceCreatedBy>  
      <SourceModifiedDate format="yyyy-MM-dd">2013-01-01</SourceModifiedDate>  
      <SourceModifiedBy>SourceModifiedBy</SourceModifiedBy> 
    </ExtendedAttribute> 
  </ExtendedAttributes>  
  <SourceStatusCode sourceName="TestSystem" codeSet="SourceStatusCodes">A</SourceStatusCode>  
  <SourceCreatedDate format="yyyy-MM-dd hh:mm:ss">2000-01-01 10:12:32</SourceCreatedDate>  
  <SourceCreatedBy>UnitTest</SourceCreatedBy>  
  <SourceModifiedDate format="yyyy-MM-dd hh:mm:ss">2000-10-01 11:12:32</SourceModifiedDate>  
  <SourceModifiedBy>UnitTest</SourceModifiedBy> 
</ProviderTemplateSchedule></OmniInterface>