<?xml version="1.0" encoding="UTF-8"?><OmniInterface><Claim xmlns="http://www.ibi.com/2013/OP/Interface" version="1.2.6">  
  <OmniStatus>A</OmniStatus>  
  <OmniStatusReason>Active</OmniStatusReason>  
  <SourceName>TestSystem</SourceName>  
  <SourceInstanceId>Claim:1429197575669</SourceInstanceId>  
  <SourceInstanceIdName>SID Name</SourceInstanceIdName>  
  <ClaimNumber>12345678</ClaimNumber>  
  <Account> 
    <Account> 
      <SourceName>TestSystem</SourceName>  
      <SourceInstanceId>AccountId</SourceInstanceId> 
    </Account> 
  </Account>  
  <PayToLocation> 
    <FacilityLocation> 
      <SourceName>TestSystem</SourceName>  
      <SourceInstanceId>FacilityLocationId</SourceInstanceId> 
    </FacilityLocation> 
  </PayToLocation>  
  <HealthPlanCoverageId>HealthPlanCoverageId</HealthPlanCoverageId>  
  <PatientHealthPlan> 
    <PatientHealthPlan> 
      <SourceName>TestSystem</SourceName>  
      <SourceInstanceId>PatientHealthPlanId</SourceInstanceId> 
    </PatientHealthPlan> 
  </PatientHealthPlan>  
  <ProcedureCode sourceName="OMNI" sourceCodeSet="ICD9-CM-V3" sourceCode="0002"/>  
  <DiagnosisCode sourceName="OMNI" sourceCodeSet="ICD9" sourceCode="052.8"/>  
  <StatusCode sourceCodeSet="BillStatusCodes" sourceCode="2">2nd Notice</StatusCode>  
  <DenialReasonCode sourceName="OMNI" sourceCodeSet="0460" sourceCode="0"/>  
  <ClaimDateTime format="yyyy-MM-dd hh:mm">2013-01-01 08:00</ClaimDateTime>  
  <Amounts> 
    <CurrencyCode sourceName="OMNI" sourceCodeSet="4217" sourceCode="USD"/>  
    <ClaimAmount>0.0</ClaimAmount>  
    <RoomAndBedAmount>0.0</RoomAndBedAmount>  
    <AncillaryAmount>0.0</AncillaryAmount>  
    <ProfessionalFeeAmount>0.0</ProfessionalFeeAmount>  
    <AdjustmentAmount>0.0</AdjustmentAmount>  
    <PaidAmount>0.0</PaidAmount>  
    <CopayAmount>0.0</CopayAmount>  
    <CoinsuranceAmount>0.0</CoinsuranceAmount>  
    <DeniedAmount>0.0</DeniedAmount> 
  </Amounts>  
  <ExtendedAttributes> 
    <ExtendedAttribute> 
      <SourceName>TestSystem</SourceName>  
      <SourceInstanceId>ExtendedAttribute:1429197575674</SourceInstanceId>  
      <Name>SampleExtendedAttribute</Name>  
      <Type>string</Type>  
      <Format/>  
      <Value>Sample Value</Value>  
      <SourceCreatedDate format="yyyy-MM-dd hh:mm:ss">2000-01-01 10:12:32</SourceCreatedDate>  
      <SourceCreatedBy>SourceCreatedBy</SourceCreatedBy>  
      <SourceModifiedDate format="yyyy-MM-dd">2013-01-01</SourceModifiedDate>  
      <SourceModifiedBy>SourceModifiedBy</SourceModifiedBy> 
    </ExtendedAttribute> 
  </ExtendedAttributes>  
  <SourceStatusCode sourceName="TestSystem" codeSet="SourceStatusCodes">A</SourceStatusCode>  
  <SourceCreatedDate format="yyyy-MM-dd hh:mm:ss">2000-01-01 10:12:32</SourceCreatedDate>  
  <SourceCreatedBy>UnitTest</SourceCreatedBy>  
  <SourceModifiedDate format="yyyy-MM-dd hh:mm:ss">2000-10-01 11:12:32</SourceModifiedDate>  
  <SourceModifiedBy>UnitTest</SourceModifiedBy> 
</Claim></OmniInterface>