<?xml version="1.0" encoding="UTF-8"?><OmniInterface><Worker xmlns="http://www.ibi.com/2013/OP/Interface" version="1.1.7">  
  <OmniStatus>A</OmniStatus>  
  <OmniStatusReason>Active</OmniStatusReason>  
  <SourceName>TestSystem</SourceName>  
  <SourceInstanceId>Worker:1431612249669</SourceInstanceId>  
  <SourceInstanceIdName>SID Name</SourceInstanceIdName>  
  <PreMergeSurvivor> 
    <Worker> 
      <SourceName>TestSystem</SourceName>  
      <SourceInstanceId>TestSystem:WorkerSurvivor</SourceInstanceId> 
    </Worker> 
  </PreMergeSurvivor>  
  <Type sourceCodeSet="WorkerTypeCodes" sourceCode="C">Contingent Worker</Type>  
  <SubType sourceCodeSet="WorkerSubTypeCodes" sourceCode="CW">Contract Worker</SubType>  
  <ActiveFlag sourceCodeSet="ActiveFlagCodes" sourceCode="I">Inactive</ActiveFlag>  
  <InactiveReason sourceCodeSet="InactiveReasonCodes" sourceCode="L">Leave of Absence</InactiveReason>  
  <Company> 
    <Organization> 
      <SourceName>TestSystem</SourceName>  
      <SourceInstanceId>WorkersEmployerId</SourceInstanceId> 
    </Organization> 
  </Company>  
  <HRCompany sourceCodeSet="HRCompanyCodes" sourceCode="1">Company 1</HRCompany>  
  <OriginalHireDate format="yyyy-MM-dd">2012-12-31</OriginalHireDate>  
  <ServiceDate format="yyyy-MM-dd">2012-12-31</ServiceDate>  
  <YearsOfService>3.25</YearsOfService>  
  <CompanySeniorityDate format="yyyy-MM-dd">2012-12-31</CompanySeniorityDate>  
  <ProbationDate format="yyyy-MM-dd">2013-12-31</ProbationDate>  
  <TerminationDate format="yyyy-MM-dd">2013-12-31</TerminationDate>  
  <Person> 
    <Person version="1.1.7"> 
      <OmniStatus>A</OmniStatus>  
      <OmniStatusReason>Active</OmniStatusReason>  
      <SourceName>TestSystem</SourceName>  
      <SourceInstanceId>Person:1431612249687</SourceInstanceId>  
      <SourceInstanceIdName>SID Name</SourceInstanceIdName>  
      <Publicity sourceCodeSet="PublicityCodes" sourceCode="N">No Publicity</Publicity>  
      <Protection sourceCodeSet="ProtectionCodes" sourceCode="UL">Unlisted</Protection>  
      <Gender sourceCodeSet="GenderCodes" sourceCode="F">Female</Gender>  
      <MaritalStatus sourceCodeSet="MaritalStatusCodes" sourceCode="D">Divorced</MaritalStatus>  
      <Language sourceCodeSet="LanguageCodes" sourceCode="E">English</Language>  
      <CareLanguage sourceCodeSet="LanguageCodes" sourceCode="S">Spanish</CareLanguage>  
      <WrittenLanguage sourceCodeSet="LanguageCodes" sourceCode="E">English</WrittenLanguage>  
      <EnglishFluency sourceCodeSet="YesNoCodes" sourceCode="Y">Yes</EnglishFluency>  
      <InterpreterRequired sourceCodeSet="YesNoCodes" sourceCode="Y">Yes</InterpreterRequired>  
      <Citizenship sourceCodeSet="CitizenshipCodes" sourceCode="USA">United States of America</Citizenship>  
      <EthnicGroup sourceCodeSet="EthincGroupCodes" sourceCode="H">Hispanic</EthnicGroup>  
      <Race sourceCodeSet="RaceCodes" sourceCode="WH">White</Race>  
      <Religion sourceCodeSet="ReligionCodes" sourceCode="AB">American Baptist</Religion>  
      <PlaceOfWorship>United Church of Christ, Sunnyvale</PlaceOfWorship>  
      <MotherMaidenName>Steele</MotherMaidenName>  
      <DateOfBirth format="yyyy-MM-dd">1965-02-21</DateOfBirth>  
      <Deceased sourceCodeSet="YesNoCodes" sourceCode="N">No</Deceased>  
      <DateOfDeath format="yyyy-MM-dd">2050-02-21</DateOfDeath>  
      <CauseOfDeath>Currently alive and well.</CauseOfDeath>  
      <Handicap sourceCodeSet="HandicapCodes" sourceCode="DV">Decreased Vision</Handicap>  
      <HearingImpaired sourceCodeSet="YesNoCodes" sourceCode="N">No</HearingImpaired>  
      <VisuallyImpaired sourceCodeSet="YesNoCodes" sourceCode="Y">Yes</VisuallyImpaired>  
      <Blind sourceCodeSet="YesNoCodes" sourceCode="N">No</Blind>  
      <Deaf sourceCodeSet="YesNoCodes" sourceCode="N">No</Deaf>  
      <AmbulatoryStatus sourceCodeSet="AmbulatoryStatusCodes" sourceCode="A5">Vision Impaired</AmbulatoryStatus>  
      <Military> 
        <VeteranStatus sourceCodeSet="VeteranStatusCodes" sourceCode="Reserves">Reserves</VeteranStatus>  
        <Branch sourceCodeSet="MilitaryBranchCodes" sourceCode="Army">United States Army</Branch>  
        <Category sourceCodeSet="MilitaryCategoryCodes" sourceCode="A14">A14</Category>  
        <Component sourceCodeSet="MilitaryComponentCodes" sourceCode="AR">Army Reserve</Component>  
        <PayGrade>E-7</PayGrade>  
        <Rank sourceName="OMNI" sourceCodeSet="0141" sourceCode="E7">Enlisted Level 7</Rank>  
        <UnitId>platoon</UnitId> 
      </Military>  
      <Names> 
        <PersonName> 
          <OmniStatus>A</OmniStatus>  
          <OmniStatusReason>Active</OmniStatusReason>  
          <SourceName>TestSystem</SourceName>  
          <SourceInstanceId>PersonName:1431612249707</SourceInstanceId>  
          <SourceInstanceIdName>SID Name</SourceInstanceIdName>  
          <Type sourceCodeSet="NameTypeCodes" sourceCode="L">Legal Name</Type>  
          <StartDate format="yyyy-MM-dd">1965-02-21</StartDate>  
          <EndDate format="yyyy-MM-dd">2050-01-01</EndDate>  
          <FullName>Jane E. Smith</FullName>  
          <Prefix>Ms</Prefix>  
          <FirstName>Jane</FirstName>  
          <LastName>Smith</LastName>  
          <MiddleName>E</MiddleName>  
          <Suffix>III</Suffix>  
          <Degree>Dr</Degree>  
          <Title>Senior Specialist</Title>  
          <ExtendedAttributes> 
            <ExtendedAttribute> 
              <SourceName>TestSystem</SourceName>  
              <SourceInstanceId>ExtendedAttribute:1431612249713</SourceInstanceId>  
              <Name>SampleExtendedAttribute</Name>  
              <Type>string</Type>  
              <Format/>  
              <Value>Sample Value</Value>  
              <SourceCreatedDate format="yyyy-MM-dd hh:mm:ss">2000-01-01 10:12:32</SourceCreatedDate>  
              <SourceCreatedBy>SourceCreatedBy</SourceCreatedBy>  
              <SourceModifiedDate format="yyyy-MM-dd">2013-01-01</SourceModifiedDate>  
              <SourceModifiedBy>SourceModifiedBy</SourceModifiedBy> 
            </ExtendedAttribute> 
          </ExtendedAttributes>  
          <SourceStatusCode sourceName="TestSystem" codeSet="SourceStatusCodes">A</SourceStatusCode>  
          <SourceCreatedDate format="yyyy-MM-dd hh:mm:ss">2000-01-01 10:12:32</SourceCreatedDate>  
          <SourceCreatedBy>UnitTest</SourceCreatedBy>  
          <SourceModifiedDate format="yyyy-MM-dd hh:mm:ss">2000-10-01 11:12:32</SourceModifiedDate>  
          <SourceModifiedBy>UnitTest</SourceModifiedBy> 
        </PersonName> 
      </Names>  
      <Addresses> 
        <PersonAddress> 
          <OmniStatus>A</OmniStatus>  
          <OmniStatusReason>Active</OmniStatusReason>  
          <SourceName>TestSystem</SourceName>  
          <SourceInstanceId>PersonAddress:1431612249723</SourceInstanceId>  
          <SourceInstanceIdName>SID Name</SourceInstanceIdName>  
          <Type sourceCodeSet="AddressTypeCodes" sourceCode="H">Home Address</Type>  
          <StartDate format="yyyy-MM-dd">2000-01-01</StartDate>  
          <EndDate format="yyyy-MM-dd">2000-01-01</EndDate>  
          <PreferenceOrder>1</PreferenceOrder>  
          <AddressLine1>4000 East Ave</AddressLine1>  
          <AddressLine2>Suite 555</AddressLine2>  
          <AddressLine3>ATTN: Jane Smith</AddressLine3>  
          <AddressLine4>Fragile</AddressLine4>  
          <City>Livonia</City>  
          <StateProvince sourceCodeSet="StateCodes" sourceCode="NY">New York</StateProvince>  
          <PostalCode>14488</PostalCode>  
          <Country sourceCodeSet="CountryCodes" sourceCode="USA">United States</Country>  
          <CountyRegion sourceCodeSet="CountyRegionCodes" sourceCode="LIV">Livingston</CountyRegion>  
          <UsageComment>Do not ring bell</UsageComment>  
          <ExtendedAttributes> 
            <ExtendedAttribute> 
              <SourceName>TestSystem</SourceName>  
              <SourceInstanceId>ExtendedAttribute:1431612249730</SourceInstanceId>  
              <Name>SampleExtendedAttribute</Name>  
              <Type>string</Type>  
              <Format/>  
              <Value>Sample Value</Value>  
              <SourceCreatedDate format="yyyy-MM-dd hh:mm:ss">2000-01-01 10:12:32</SourceCreatedDate>  
              <SourceCreatedBy>SourceCreatedBy</SourceCreatedBy>  
              <SourceModifiedDate format="yyyy-MM-dd">2013-01-01</SourceModifiedDate>  
              <SourceModifiedBy>SourceModifiedBy</SourceModifiedBy> 
            </ExtendedAttribute> 
          </ExtendedAttributes>  
          <SourceStatusCode sourceName="TestSystem" codeSet="SourceStatusCodes">A</SourceStatusCode>  
          <SourceCreatedDate format="yyyy-MM-dd hh:mm:ss">2000-01-01 10:12:32</SourceCreatedDate>  
          <SourceCreatedBy>UnitTest</SourceCreatedBy>  
          <SourceModifiedDate format="yyyy-MM-dd hh:mm:ss">2000-10-01 11:12:32</SourceModifiedDate>  
          <SourceModifiedBy>UnitTest</SourceModifiedBy> 
        </PersonAddress> 
      </Addresses>  
      <Identifiers> 
        <PersonIdentifier> 
          <OmniStatus>A</OmniStatus>  
          <OmniStatusReason>Active</OmniStatusReason>  
          <SourceName>TestSystem</SourceName>  
          <SourceInstanceId>PersonIdentifier:1431612249735</SourceInstanceId>  
          <SourceInstanceIdName>SID Name</SourceInstanceIdName>  
          <Type sourceCodeSet="IdentifierCodes" sourceCode="MRN">Medical Record Number</Type>  
          <StartDate format="yyyy-MM-dd">2000-01-01</StartDate>  
          <EndDate format="yyyy-MM-dd">2000-01-01</EndDate>  
          <Value>12345678</Value>  
          <IssuingAuthority> 
            <Organization> 
              <SourceName>TestSystem</SourceName>  
              <SourceInstanceId>HospitalA</SourceInstanceId>  
              <OrganizationType sourceCodeSet="organizationTypeCodes" sourceCode="H">Hospital</OrganizationType> 
            </Organization> 
          </IssuingAuthority>  
          <Comment>Comment about identifier.</Comment>  
          <ExtendedAttributes> 
            <ExtendedAttribute> 
              <SourceName>TestSystem</SourceName>  
              <SourceInstanceId>ExtendedAttribute:1431612249740</SourceInstanceId>  
              <Name>SampleExtendedAttribute</Name>  
              <Type>string</Type>  
              <Format/>  
              <Value>Sample Value</Value>  
              <SourceCreatedDate format="yyyy-MM-dd hh:mm:ss">2000-01-01 10:12:32</SourceCreatedDate>  
              <SourceCreatedBy>SourceCreatedBy</SourceCreatedBy>  
              <SourceModifiedDate format="yyyy-MM-dd">2013-01-01</SourceModifiedDate>  
              <SourceModifiedBy>SourceModifiedBy</SourceModifiedBy> 
            </ExtendedAttribute> 
          </ExtendedAttributes>  
          <SourceStatusCode sourceName="TestSystem" codeSet="SourceStatusCodes">A</SourceStatusCode>  
          <SourceCreatedDate format="yyyy-MM-dd hh:mm:ss">2000-01-01 10:12:32</SourceCreatedDate>  
          <SourceCreatedBy>UnitTest</SourceCreatedBy>  
          <SourceModifiedDate format="yyyy-MM-dd hh:mm:ss">2000-10-01 11:12:32</SourceModifiedDate>  
          <SourceModifiedBy>UnitTest</SourceModifiedBy> 
        </PersonIdentifier> 
      </Identifiers>  
      <ContactMethods> 
        <PersonContactMethod> 
          <OmniStatus>A</OmniStatus>  
          <OmniStatusReason>Active</OmniStatusReason>  
          <SourceName>TestSystem</SourceName>  
          <SourceInstanceId>PersonContactMethod:1431612249745</SourceInstanceId>  
          <SourceInstanceIdName>SID Name</SourceInstanceIdName>  
          <Type sourceName="OMNI" sourceCodeSet="0185" sourceCode="H">Home Phone Number</Type>  
          <StartDate format="yyyy-MM-dd">2000-01-01</StartDate>  
          <EndDate format="yyyy-MM-dd">2050-01-01</EndDate>  
          <PreferenceOrder>1</PreferenceOrder>  
          <Protection sourceCodeSet="ProtectionCodes" sourceCode="UP">Unpublished</Protection>  
          <Value>(222) 234-6879 x9808</Value>  
          <UsageComment>No calls after 5pm</UsageComment>  
          <ExtendedAttributes> 
            <ExtendedAttribute> 
              <SourceName>TestSystem</SourceName>  
              <SourceInstanceId>ExtendedAttribute:1431612249749</SourceInstanceId>  
              <Name>SampleExtendedAttribute</Name>  
              <Type>string</Type>  
              <Format/>  
              <Value>Sample Value</Value>  
              <SourceCreatedDate format="yyyy-MM-dd hh:mm:ss">2000-01-01 10:12:32</SourceCreatedDate>  
              <SourceCreatedBy>SourceCreatedBy</SourceCreatedBy>  
              <SourceModifiedDate format="yyyy-MM-dd">2013-01-01</SourceModifiedDate>  
              <SourceModifiedBy>SourceModifiedBy</SourceModifiedBy> 
            </ExtendedAttribute> 
          </ExtendedAttributes>  
          <SourceStatusCode sourceName="TestSystem" codeSet="SourceStatusCodes">A</SourceStatusCode>  
          <SourceCreatedDate format="yyyy-MM-dd hh:mm:ss">2000-01-01 10:12:32</SourceCreatedDate>  
          <SourceCreatedBy>UnitTest</SourceCreatedBy>  
          <SourceModifiedDate format="yyyy-MM-dd hh:mm:ss">2000-10-01 11:12:32</SourceModifiedDate>  
          <SourceModifiedBy>UnitTest</SourceModifiedBy> 
        </PersonContactMethod> 
      </ContactMethods>  
      <Relations> 
        <PersonRelation> 
          <OmniStatus>A</OmniStatus>  
          <OmniStatusReason>Active</OmniStatusReason>  
          <SourceName>TestSystem</SourceName>  
          <SourceInstanceId>PersonRelation:1431612249754</SourceInstanceId>  
          <SourceInstanceIdName>SID Name</SourceInstanceIdName>  
          <Type sourceCodeSet="PersonRelationCodes" sourceCode="SPO">Spouse</Type>  
          <StartDate format="yyyy-MM-dd">2000-01-01</StartDate>  
          <EndDate format="yyyy-MM-dd">2000-01-01</EndDate>  
          <Relation> 
            <Person> 
              <SourceName>UnitTest</SourceName>  
              <SourceInstanceId>RelatedSpouse</SourceInstanceId> 
            </Person> 
          </Relation>  
          <ExtendedAttributes> 
            <ExtendedAttribute> 
              <SourceName>TestSystem</SourceName>  
              <SourceInstanceId>ExtendedAttribute:1431612249759</SourceInstanceId>  
              <Name>SampleExtendedAttribute</Name>  
              <Type>string</Type>  
              <Format/>  
              <Value>Sample Value</Value>  
              <SourceCreatedDate format="yyyy-MM-dd hh:mm:ss">2000-01-01 10:12:32</SourceCreatedDate>  
              <SourceCreatedBy>SourceCreatedBy</SourceCreatedBy>  
              <SourceModifiedDate format="yyyy-MM-dd">2013-01-01</SourceModifiedDate>  
              <SourceModifiedBy>SourceModifiedBy</SourceModifiedBy> 
            </ExtendedAttribute> 
          </ExtendedAttributes>  
          <SourceStatusCode sourceName="TestSystem" codeSet="SourceStatusCodes">A</SourceStatusCode>  
          <SourceCreatedDate format="yyyy-MM-dd hh:mm:ss">2000-01-01 10:12:32</SourceCreatedDate>  
          <SourceCreatedBy>UnitTest</SourceCreatedBy>  
          <SourceModifiedDate format="yyyy-MM-dd hh:mm:ss">2000-10-01 11:12:32</SourceModifiedDate>  
          <SourceModifiedBy>UnitTest</SourceModifiedBy> 
        </PersonRelation> 
      </Relations>  
      <ExtendedAttributes> 
        <ExtendedAttribute> 
          <SourceName>TestSystem</SourceName>  
          <SourceInstanceId>ExtendedAttribute:1431612249764</SourceInstanceId>  
          <Name>SampleExtendedAttribute</Name>  
          <Type>string</Type>  
          <Format/>  
          <Value>Sample Value</Value>  
          <SourceCreatedDate format="yyyy-MM-dd hh:mm:ss">2000-01-01 10:12:32</SourceCreatedDate>  
          <SourceCreatedBy>SourceCreatedBy</SourceCreatedBy>  
          <SourceModifiedDate format="yyyy-MM-dd">2013-01-01</SourceModifiedDate>  
          <SourceModifiedBy>SourceModifiedBy</SourceModifiedBy> 
        </ExtendedAttribute> 
      </ExtendedAttributes>  
      <SourceStatusCode sourceName="TestSystem" codeSet="SourceStatusCodes">A</SourceStatusCode>  
      <SourceCreatedDate format="yyyy-MM-dd hh:mm:ss">2000-01-01 10:12:32</SourceCreatedDate>  
      <SourceCreatedBy>UnitTest</SourceCreatedBy>  
      <SourceModifiedDate format="yyyy-MM-dd hh:mm:ss">2000-10-01 11:12:32</SourceModifiedDate>  
      <SourceModifiedBy>UnitTest</SourceModifiedBy> 
    </Person> 
  </Person>  
  <Jobs> 
    <Job> 
      <OmniStatus>A</OmniStatus>  
      <OmniStatusReason>Active</OmniStatusReason>  
      <SourceName>TestSystem</SourceName>  
      <SourceInstanceId>Job:1431612249771</SourceInstanceId>  
      <SourceInstanceIdName>SID Name</SourceInstanceIdName>  
      <Title>Acting Vice President</Title>  
      <Job sourceCodeSet="JobCodes" sourceCode="1">Job Code 1</Job>  
      <Position sourceCodeSet="PositionCodes" sourceCode="1">Position 1</Position>  
      <ReportsToPosition sourceCodeSet="PositionCodes" sourceCode="1">Position 2</ReportsToPosition>  
      <Supervisor> 
        <Worker> 
          <SourceName>TestSystem</SourceName>  
          <SourceInstanceId>SupervisorWorkerId</SourceInstanceId> 
        </Worker> 
      </Supervisor>  
      <PayrollStatus sourceCodeSet="PayrollStatusCodes" sourceCode="1">Pay Status 1</PayrollStatus>  
      <RegularTemporary sourceCodeSet="RegularTemporaryCodes" sourceCode="R">Regular</RegularTemporary>  
      <FullPartTime sourceCodeSet="FullPartTimeCodes" sourceCode="F">Full Time</FullPartTime>  
      <StandardHours>40.00</StandardHours>  
      <StandardHoursFrequency sourceName="OMNI" sourceCodeSet="6025" sourceCode="wk">Week</StandardHoursFrequency>  
      <FullTimeEquivalent>1.00</FullTimeEquivalent>  
      <HireDate format="yyyy-MM-dd">2012-12-31</HireDate>  
      <LastHireDate format="yyyy-MM-dd">2012-12-31</LastHireDate>  
      <LastWorkedDate format="yyyy-MM-dd">2013-12-31</LastWorkedDate>  
      <ExpectedReturnDate format="yyyy-MM-dd">2013-12-31</ExpectedReturnDate>  
      <HRCompany sourceCodeSet="HRCompanyCodes" sourceCode="1">Company 1</HRCompany>  
      <HRBusinessUnit sourceCodeSet="HRBusinessUnitCodes" sourceCode="1">Business Unit 1</HRBusinessUnit>  
      <HRDepartment sourceCodeSet="HRDepartmentCodes" sourceCode="1">Department 1</HRDepartment>  
      <HRLocation sourceCodeSet="HRLocationCodes" sourceCode="1">HRLocation 1</HRLocation>  
      <HolidaySchedule sourceCodeSet="HolidayScheduleCodes" sourceCode="1">Holiday Schedule 1</HolidaySchedule>  
      <Compensation> 
        <PayGroup sourceCodeSet="PayrollGroupCodes" sourceCode="1">Pay Group 1</PayGroup>  
        <Rate>100.00</Rate>  
        <Frequency sourceName="OMNI" sourceCodeSet="6025" sourceCode="wk">Week</Frequency>  
        <Currency sourceName="OMNI" sourceCodeSet="4217" sourceCode="USD">US Dollars</Currency>  
        <Shift sourceCodeSet="ShiftCodes" sourceCode="1">Shift 1</Shift>  
        <ShiftDifferentialRate>1.00</ShiftDifferentialRate>  
        <ShiftDifferentialFactor>.03</ShiftDifferentialFactor> 
      </Compensation>  
      <Union> 
        <Union sourceCodeSet="UnionCodes" sourceCode="1">Union 1</Union>  
        <BargainingUnit sourceCodeSet="BargainingUnitCodes" sourceCode="1">Bargaining Unit 1</BargainingUnit>  
        <LaborAgreement sourceCodeSet="LaborAgreementCodes" sourceCode="1">Labor Agreement 1</LaborAgreement>  
        <EmployeeCategory sourceCodeSet="EmployeeCategoryCodes" sourceCode="1">Employee Category 1</EmployeeCategory>  
        <EmployeeSubCategory sourceCodeSet="EmployeeSubCategoryCodes" sourceCode="1">Employee Sub Category 1</EmployeeSubCategory>  
        <EmployeeSubCategory2 sourceCodeSet="EmployeeSubCategory2Codes" sourceCode="1">Employee Second Sub Category 1</EmployeeSubCategory2>  
        <PayUnionFee sourceCodeSet="PayUnionFeeCodes" sourceCode="Y">Yes</PayUnionFee>  
        <SeniorityDate format="yyyy-MM-dd">2013-12-31</SeniorityDate>  
        <CategoryEntryDate format="yyyy-MM-dd">2013-12-31</CategoryEntryDate> 
      </Union>  
      <ExtendedAttributes> 
        <ExtendedAttribute> 
          <SourceName>TestSystem</SourceName>  
          <SourceInstanceId>ExtendedAttribute:1431612249783</SourceInstanceId>  
          <Name>SampleExtendedAttribute</Name>  
          <Type>string</Type>  
          <Format/>  
          <Value>Sample Value</Value>  
          <SourceCreatedDate format="yyyy-MM-dd hh:mm:ss">2000-01-01 10:12:32</SourceCreatedDate>  
          <SourceCreatedBy>SourceCreatedBy</SourceCreatedBy>  
          <SourceModifiedDate format="yyyy-MM-dd">2013-01-01</SourceModifiedDate>  
          <SourceModifiedBy>SourceModifiedBy</SourceModifiedBy> 
        </ExtendedAttribute> 
      </ExtendedAttributes>  
      <SourceStatusCode sourceName="TestSystem" codeSet="SourceStatusCodes">A</SourceStatusCode>  
      <SourceCreatedDate format="yyyy-MM-dd hh:mm:ss">2000-01-01 10:12:32</SourceCreatedDate>  
      <SourceCreatedBy>UnitTest</SourceCreatedBy>  
      <SourceModifiedDate format="yyyy-MM-dd hh:mm:ss">2000-10-01 11:12:32</SourceModifiedDate>  
      <SourceModifiedBy>UnitTest</SourceModifiedBy> 
    </Job> 
  </Jobs>  
  <ExtendedAttributes> 
    <ExtendedAttribute> 
      <SourceName>TestSystem</SourceName>  
      <SourceInstanceId>ExtendedAttribute:1431612249786</SourceInstanceId>  
      <Name>SampleExtendedAttribute</Name>  
      <Type>string</Type>  
      <Format/>  
      <Value>Sample Value</Value>  
      <SourceCreatedDate format="yyyy-MM-dd hh:mm:ss">2000-01-01 10:12:32</SourceCreatedDate>  
      <SourceCreatedBy>SourceCreatedBy</SourceCreatedBy>  
      <SourceModifiedDate format="yyyy-MM-dd">2013-01-01</SourceModifiedDate>  
      <SourceModifiedBy>SourceModifiedBy</SourceModifiedBy> 
    </ExtendedAttribute> 
  </ExtendedAttributes>  
  <SourceStatusCode sourceName="TestSystem" codeSet="SourceStatusCodes">A</SourceStatusCode>  
  <SourceCreatedDate format="yyyy-MM-dd hh:mm:ss">2000-01-01 10:12:32</SourceCreatedDate>  
  <SourceCreatedBy>UnitTest</SourceCreatedBy>  
  <SourceModifiedDate format="yyyy-MM-dd hh:mm:ss">2000-10-01 11:12:32</SourceModifiedDate>  
  <SourceModifiedBy>UnitTest</SourceModifiedBy> 
</Worker></OmniInterface>