<?xml version="1.0" encoding="UTF-8"?><OmniInterface><DischargeEvent xmlns="http://www.ibi.com/2013/OP/Interface" version="1.2.3">  
  <OmniStatus>A</OmniStatus>  
  <OmniStatusReason>Active</OmniStatusReason>  
  <SourceName>TestSystem</SourceName>  
  <SourceInstanceId>DischargeEvent:1427471227298</SourceInstanceId>  
  <SourceInstanceIdName>SID Name</SourceInstanceIdName>  
  <ParentEvent> 
    <AdmissionEvent> 
      <SourceName>TestSystem</SourceName>  
      <SourceInstanceId>EventId</SourceInstanceId> 
    </AdmissionEvent> 
  </ParentEvent>  
  <Encounter> 
    <Encounter> 
      <SourceName>TestSystem</SourceName>  
      <SourceInstanceId>EncounterId</SourceInstanceId> 
    </Encounter> 
  </Encounter>  
  <CarePlanId>CarePlanId</CarePlanId>  
  <CarePlan> 
    <CarePlan> 
      <SourceName>TestSystem</SourceName>  
      <SourceInstanceId>CarePlanId</SourceInstanceId> 
    </CarePlan> 
  </CarePlan>  
  <EventDateTime format="yyyy-MM-dd hh:mm:ss">2000-10-01 11:12:32</EventDateTime>  
  <Location> 
    <FacilityLocation> 
      <SourceName>TestSystem</SourceName>  
      <SourceInstanceId>FacilityLocationId</SourceInstanceId> 
    </FacilityLocation> 
  </Location>  
  <DispositionCode sourceName="OMNI" sourceCodeSet="0112" sourceCode="01"/>  
  <DischargeToLocation>Specific Hospice Facility</DischargeToLocation>  
  <DischargeToLocationTypeCode sourceCodeSet="DischargeToLocationTypeCodes" sourceCode="hospice">Hospice</DischargeToLocationTypeCode>  
  <BabyDetainedIndicator sourceName="OMNI" sourceCodeSet="0136" sourceCode="Y"/>  
  <ElectronicDischargeInstructionsRequested sourceName="OMNI" sourceCodeSet="0136" sourceCode="Y"/>  
  <ElectronicCopyOfHealthInformationRequested sourceName="OMNI" sourceCodeSet="0136" sourceCode="Y"/>  
  <EventProviders> 
    <EventProvider> 
      <OmniStatus>A</OmniStatus>  
      <OmniStatusReason>Active</OmniStatusReason>  
      <SourceName>TestSystem</SourceName>  
      <SourceInstanceId>EventProvider:1427471227303</SourceInstanceId>  
      <SourceInstanceIdName>SID Name</SourceInstanceIdName>  
      <ProviderRoleCode sourceName="OMNI" sourceCodeSet="0443" sourceCode="pp"/>  
      <Provider> 
        <Provider> 
          <SourceName>TestSystem</SourceName>  
          <SourceInstanceId>SourceName:ProviderId</SourceInstanceId> 
        </Provider> 
      </Provider>  
      <ExtendedAttributes> 
        <ExtendedAttribute> 
          <SourceName>TestSystem</SourceName>  
          <SourceInstanceId>ExtendedAttribute:1427471227304</SourceInstanceId>  
          <Name>SampleExtendedAttribute</Name>  
          <Type>string</Type>  
          <Format/>  
          <Value>Sample Value</Value>  
          <SourceCreatedDate format="yyyy-MM-dd hh:mm:ss">2000-01-01 10:12:32</SourceCreatedDate>  
          <SourceCreatedBy>SourceCreatedBy</SourceCreatedBy>  
          <SourceModifiedDate format="yyyy-MM-dd">2013-01-01</SourceModifiedDate>  
          <SourceModifiedBy>SourceModifiedBy</SourceModifiedBy> 
        </ExtendedAttribute> 
      </ExtendedAttributes>  
      <SourceStatusCode sourceName="TestSystem" codeSet="SourceStatusCodes">A</SourceStatusCode>  
      <SourceCreatedDate format="yyyy-MM-dd hh:mm:ss">2000-01-01 10:12:32</SourceCreatedDate>  
      <SourceCreatedBy>UnitTest</SourceCreatedBy>  
      <SourceModifiedDate format="yyyy-MM-dd hh:mm:ss">2000-10-01 11:12:32</SourceModifiedDate>  
      <SourceModifiedBy>UnitTest</SourceModifiedBy> 
    </EventProvider> 
  </EventProviders>  
  <EventNotes> 
    <EventNote> 
      <OmniStatus>A</OmniStatus>  
      <OmniStatusReason>Active</OmniStatusReason>  
      <SourceName>TestSystem</SourceName>  
      <SourceInstanceId>EventNote:1427471227308</SourceInstanceId>  
      <SourceInstanceIdName>SID Name</SourceInstanceIdName>  
      <NoteTypeCode sourceCodeSet="NoteTypeCodes" sourceCode="noteType">Note Type</NoteTypeCode>  
      <NoteCode sourceCodeSet="NoteTypeCodes" sourceCode="noteType">Note Type</NoteCode>  
      <Note>Change Reason Note</Note>  
      <NoteDateTime format="yyyy-MM-dd hh:mm">2013-01-01 08:00</NoteDateTime>  
      <ExtendedAttributes> 
        <ExtendedAttribute> 
          <SourceName>TestSystem</SourceName>  
          <SourceInstanceId>ExtendedAttribute:1427471227309</SourceInstanceId>  
          <Name>SampleExtendedAttribute</Name>  
          <Type>string</Type>  
          <Format/>  
          <Value>Sample Value</Value>  
          <SourceCreatedDate format="yyyy-MM-dd hh:mm:ss">2000-01-01 10:12:32</SourceCreatedDate>  
          <SourceCreatedBy>SourceCreatedBy</SourceCreatedBy>  
          <SourceModifiedDate format="yyyy-MM-dd">2013-01-01</SourceModifiedDate>  
          <SourceModifiedBy>SourceModifiedBy</SourceModifiedBy> 
        </ExtendedAttribute> 
      </ExtendedAttributes>  
      <SourceStatusCode sourceName="TestSystem" codeSet="SourceStatusCodes">A</SourceStatusCode>  
      <SourceCreatedDate format="yyyy-MM-dd hh:mm:ss">2000-01-01 10:12:32</SourceCreatedDate>  
      <SourceCreatedBy>UnitTest</SourceCreatedBy>  
      <SourceModifiedDate format="yyyy-MM-dd hh:mm:ss">2000-10-01 11:12:32</SourceModifiedDate>  
      <SourceModifiedBy>UnitTest</SourceModifiedBy> 
    </EventNote> 
  </EventNotes>  
  <ExtendedAttributes> 
    <ExtendedAttribute> 
      <SourceName>TestSystem</SourceName>  
      <SourceInstanceId>ExtendedAttribute:1427471227311</SourceInstanceId>  
      <Name>SampleExtendedAttribute</Name>  
      <Type>string</Type>  
      <Format/>  
      <Value>Sample Value</Value>  
      <SourceCreatedDate format="yyyy-MM-dd hh:mm:ss">2000-01-01 10:12:32</SourceCreatedDate>  
      <SourceCreatedBy>SourceCreatedBy</SourceCreatedBy>  
      <SourceModifiedDate format="yyyy-MM-dd">2013-01-01</SourceModifiedDate>  
      <SourceModifiedBy>SourceModifiedBy</SourceModifiedBy> 
    </ExtendedAttribute> 
  </ExtendedAttributes>  
  <SourceStatusCode sourceName="TestSystem" codeSet="SourceStatusCodes">A</SourceStatusCode>  
  <SourceCreatedDate format="yyyy-MM-dd hh:mm:ss">2000-01-01 10:12:32</SourceCreatedDate>  
  <SourceCreatedBy>UnitTest</SourceCreatedBy>  
  <SourceModifiedDate format="yyyy-MM-dd hh:mm:ss">2000-10-01 11:12:32</SourceModifiedDate>  
  <SourceModifiedBy>UnitTest</SourceModifiedBy> 
</DischargeEvent></OmniInterface>