<?xml version="1.0" encoding="UTF-8"?><OmniInterface><Account xmlns="http://www.ibi.com/2013/OP/Interface" version="1.2.6">  
  <OmniStatus>A</OmniStatus>  
  <OmniStatusReason>Active</OmniStatusReason>  
  <SourceName>TestSystem</SourceName>  
  <SourceInstanceId>Account:1427925989637</SourceInstanceId>  
  <SourceInstanceIdName>SID Name</SourceInstanceIdName>  
  <AccountNumber>12345678</AccountNumber>  
  <AccountTypeCode sourceCodeSet="AccountTypeCodes" sourceCode="typeCode1">Type Code 1</AccountTypeCode>  
  <Patient> 
    <Patient> 
      <SourceName>TestSystem</SourceName>  
      <SourceInstanceId>PatientId</SourceInstanceId> 
    </Patient> 
  </Patient>  
  <FinancialClassCode sourceName="OMNI" sourceCodeSet="5000" sourceCode="1003"/>  
  <FinancialStatusCode sourceCodeSet="FinancialStatusCodes" sourceCode="open">Open</FinancialStatusCode>  
  <AccountBalanceAmount>0.0</AccountBalanceAmount>  
  <AccountBalanceCurrencyCode sourceName="OMNI" sourceCodeSet="4217" sourceCode="USD"/>  
  <AccountBalanceDateTime format="yyyy-MM-dd hh:mm">2013-01-01 08:00</AccountBalanceDateTime>  
  <HealthPlanCoverages> 
    <AccountHealthPlanCoverage> 
      <OmniStatus>A</OmniStatus>  
      <OmniStatusReason>Active</OmniStatusReason>  
      <SourceName>TestSystem</SourceName>  
      <SourceInstanceId>AccountHealthPlanCoverage:1427925989642</SourceInstanceId>  
      <SourceInstanceIdName>SID Name</SourceInstanceIdName>  
      <InsuranceCoverageTypeCode sourceCodeSet="InsuranceCoverageTypeCodes" sourceCode="primary">Primary Insurance</InsuranceCoverageTypeCode>  
      <Sequence>1.0</Sequence>  
      <HealthPlanCoverageId>HealthPlanCoverageId</HealthPlanCoverageId>  
      <PatientHealthPlan> 
        <PatientHealthPlan> 
          <SourceName>TestSystem</SourceName>  
          <SourceInstanceId>PatientHealthPlanId</SourceInstanceId> 
        </PatientHealthPlan> 
      </PatientHealthPlan>  
      <SourceStatusCode sourceName="TestSystem" codeSet="SourceStatusCodes">A</SourceStatusCode>  
      <SourceCreatedDate format="yyyy-MM-dd hh:mm:ss">2000-01-01 10:12:32</SourceCreatedDate>  
      <SourceCreatedBy>UnitTest</SourceCreatedBy>  
      <SourceModifiedDate format="yyyy-MM-dd hh:mm:ss">2000-10-01 11:12:32</SourceModifiedDate>  
      <SourceModifiedBy>UnitTest</SourceModifiedBy> 
    </AccountHealthPlanCoverage> 
  </HealthPlanCoverages>  
  <Guarantors> 
    <AccountGuarantor> 
      <OmniStatus>A</OmniStatus>  
      <OmniStatusReason>Active</OmniStatusReason>  
      <SourceName>TestSystem</SourceName>  
      <SourceInstanceId>AccountGuarantor:1427925989646</SourceInstanceId>  
      <SourceInstanceIdName>SID Name</SourceInstanceIdName>  
      <Sequence>1.0</Sequence>  
      <GuarantorAccount> 
        <GuarantorAccount> 
          <SourceName>TestSystem</SourceName>  
          <SourceInstanceId>GuarantorAccountId</SourceInstanceId> 
        </GuarantorAccount> 
      </GuarantorAccount>  
      <SourceStatusCode sourceName="TestSystem" codeSet="SourceStatusCodes">A</SourceStatusCode>  
      <SourceCreatedDate format="yyyy-MM-dd hh:mm:ss">2000-01-01 10:12:32</SourceCreatedDate>  
      <SourceCreatedBy>UnitTest</SourceCreatedBy>  
      <SourceModifiedDate format="yyyy-MM-dd hh:mm:ss">2000-10-01 11:12:32</SourceModifiedDate>  
      <SourceModifiedBy>UnitTest</SourceModifiedBy> 
    </AccountGuarantor> 
  </Guarantors>  
  <ExtendedAttributes> 
    <ExtendedAttribute> 
      <SourceName>TestSystem</SourceName>  
      <SourceInstanceId>ExtendedAttribute:1427925989648</SourceInstanceId>  
      <Name>SampleExtendedAttribute</Name>  
      <Type>string</Type>  
      <Format/>  
      <Value>Sample Value</Value>  
      <SourceCreatedDate format="yyyy-MM-dd hh:mm:ss">2000-01-01 10:12:32</SourceCreatedDate>  
      <SourceCreatedBy>SourceCreatedBy</SourceCreatedBy>  
      <SourceModifiedDate format="yyyy-MM-dd">2013-01-01</SourceModifiedDate>  
      <SourceModifiedBy>SourceModifiedBy</SourceModifiedBy> 
    </ExtendedAttribute> 
  </ExtendedAttributes>  
  <SourceStatusCode sourceName="TestSystem" codeSet="SourceStatusCodes">A</SourceStatusCode>  
  <SourceCreatedDate format="yyyy-MM-dd hh:mm:ss">2000-01-01 10:12:32</SourceCreatedDate>  
  <SourceCreatedBy>UnitTest</SourceCreatedBy>  
  <SourceModifiedDate format="yyyy-MM-dd hh:mm:ss">2000-10-01 11:12:32</SourceModifiedDate>  
  <SourceModifiedBy>UnitTest</SourceModifiedBy> 
</Account></OmniInterface>