<?xml version="1.0" encoding="UTF-8"?><OmniInterface><SourceCodeSet xmlns="http://www.ibi.com/2013/OP/Interface" version="1.1.7">  
  <SourceName>TestSystem</SourceName>  
  <CodeSetName>GenderCodes</CodeSetName>  
  <AllowCreate>N</AllowCreate>  
  <StandardSet>N</StandardSet>  
  <Description>This code set contains the list of Gender codes from the TestSystem source system.</Description>  
  <SourceCodes> 
    <SourceCode version="1.1.7"> 
      <SourceName>TestSystem</SourceName>  
      <SourceCode>Female</SourceCode>  
      <Description>Female Gender</Description>  
      <ParentCode> 
        <SourceCode> 
          <SourceName>COMMON</SourceName>  
          <CodeSetName>GenderCodes</CodeSetName>  
          <SourceCode>F</SourceCode> 
        </SourceCode> 
      </ParentCode>  
      <SourceCreatedDate format="yyyy-MM-dd hh:mm:ss">2000-01-01 10:12:32</SourceCreatedDate>  
      <SourceCreatedBy>UnitTest</SourceCreatedBy>  
      <SourceModifiedDate format="yyyy-MM-dd hh:mm:ss">2000-10-01 11:12:32</SourceModifiedDate>  
      <SourceModifiedBy>UnitTest</SourceModifiedBy> 
    </SourceCode> 
  </SourceCodes>  
  <DefaultCodeLink> 
    <SourceName>TestSystem</SourceName>  
    <CodeSetName>SystemCodes</CodeSetName>  
    <Code>U</Code> 
  </DefaultCodeLink>  
  <SourceCreatedDate format="yyyy-MM-dd hh:mm:ss">2000-01-01 10:12:32</SourceCreatedDate>  
  <SourceCreatedBy>UnitTest</SourceCreatedBy>  
  <SourceModifiedDate format="yyyy-MM-dd hh:mm:ss">2000-10-01 11:12:32</SourceModifiedDate>  
  <SourceModifiedBy>UnitTest</SourceModifiedBy> 
</SourceCodeSet></OmniInterface>