<?xml version="1.0" encoding="UTF-8"?><OmniInterface><FacilityLocation xmlns="http://www.ibi.com/2013/OP/Interface" version="1.1.7">  
  <OmniStatus>A</OmniStatus>  
  <OmniStatusReason>Active</OmniStatusReason>  
  <SourceName>TestSystem</SourceName>  
  <SourceInstanceId>FacilityLocation:1427471295252</SourceInstanceId>  
  <SourceInstanceIdName>SID Name</SourceInstanceIdName>  
  <PreMergeSurvivor> 
    <FacilityLocation> 
      <SourceName>TestSystem</SourceName>  
      <SourceInstanceId>TestSystem:FacilityLocationSurvivor</SourceInstanceId> 
    </FacilityLocation> 
  </PreMergeSurvivor>  
  <Facility> 
    <Facility> 
      <SourceName>TestSystem</SourceName>  
      <SourceInstanceId>OwningFacilityId</SourceInstanceId> 
    </Facility> 
  </Facility>  
  <Type sourceCodeSet="FacilityLocationTypeCodes" sourceCode="R">Room</Type>  
  <SubType sourceCodeSet="FacilityLocationSubTypeCodes" sourceCode="OR">Operating Room</SubType>  
  <Name>Primary Operating Room</Name>  
  <ParentLocation> 
    <FacilityLocation> 
      <SourceName>TestSystem</SourceName>  
      <SourceInstanceId>ParentFacilityLocationId</SourceInstanceId> 
    </FacilityLocation> 
  </ParentLocation>  
  <Addresses> 
    <FacilityLocationAddress> 
      <OmniStatus>A</OmniStatus>  
      <OmniStatusReason>Active</OmniStatusReason>  
      <SourceName>TestSystem</SourceName>  
      <SourceInstanceId>FacilityLocationAddress:1427471295254</SourceInstanceId>  
      <SourceInstanceIdName>SID Name</SourceInstanceIdName>  
      <Type sourceCodeSet="AddressTypeCodes" sourceCode="B">Business Address</Type>  
      <StartDate format="yyyy-MM-dd">2000-01-01</StartDate>  
      <EndDate format="yyyy-MM-dd">2000-01-01</EndDate>  
      <PreferenceOrder>1</PreferenceOrder>  
      <AddressLine1>4000 East Ave</AddressLine1>  
      <AddressLine2>Suite 555</AddressLine2>  
      <AddressLine3>ATTN: Jane Smith</AddressLine3>  
      <AddressLine4>Fragile</AddressLine4>  
      <City>Livonia</City>  
      <StateProvince sourceCodeSet="StateCodes" sourceCode="NY">New York</StateProvince>  
      <PostalCode>14488</PostalCode>  
      <Country sourceCodeSet="CountryCodes" sourceCode="USA">United States</Country>  
      <CountyRegion sourceCodeSet="CountyRegionCodes" sourceCode="LIV">Livingston</CountyRegion>  
      <UsageComment>Do not ring bell</UsageComment>  
      <ExtendedAttributes> 
        <ExtendedAttribute> 
          <SourceName>TestSystem</SourceName>  
          <SourceInstanceId>ExtendedAttribute:1427471295256</SourceInstanceId>  
          <Name>SampleExtendedAttribute</Name>  
          <Type>string</Type>  
          <Format/>  
          <Value>Sample Value</Value>  
          <SourceCreatedDate format="yyyy-MM-dd hh:mm:ss">2000-01-01 10:12:32</SourceCreatedDate>  
          <SourceCreatedBy>SourceCreatedBy</SourceCreatedBy>  
          <SourceModifiedDate format="yyyy-MM-dd">2013-01-01</SourceModifiedDate>  
          <SourceModifiedBy>SourceModifiedBy</SourceModifiedBy> 
        </ExtendedAttribute> 
      </ExtendedAttributes>  
      <SourceStatusCode sourceName="TestSystem" codeSet="SourceStatusCodes">A</SourceStatusCode>  
      <SourceCreatedDate format="yyyy-MM-dd hh:mm:ss">2000-01-01 10:12:32</SourceCreatedDate>  
      <SourceCreatedBy>UnitTest</SourceCreatedBy>  
      <SourceModifiedDate format="yyyy-MM-dd hh:mm:ss">2000-10-01 11:12:32</SourceModifiedDate>  
      <SourceModifiedBy>UnitTest</SourceModifiedBy> 
    </FacilityLocationAddress> 
  </Addresses>  
  <Identifiers> 
    <FacilityLocationIdentifier> 
      <OmniStatus>A</OmniStatus>  
      <OmniStatusReason>Active</OmniStatusReason>  
      <SourceName>TestSystem</SourceName>  
      <SourceInstanceId>FacilityLocationIdentifier:1427471295258</SourceInstanceId>  
      <SourceInstanceIdName>SID Name</SourceInstanceIdName>  
      <Type sourceCodeSet="IdentifierCodes" sourceCode="B">Block Number</Type>  
      <StartDate format="yyyy-MM-dd">2000-01-01</StartDate>  
      <EndDate format="yyyy-MM-dd">2000-01-01</EndDate>  
      <Value>12345678</Value>  
      <IssuingAuthority> 
        <Organization> 
          <SourceName>TestSystem</SourceName>  
          <SourceInstanceId>State of New York</SourceInstanceId> 
        </Organization> 
      </IssuingAuthority>  
      <Comment>Comment about identifier.</Comment>  
      <ExtendedAttributes> 
        <ExtendedAttribute> 
          <SourceName>TestSystem</SourceName>  
          <SourceInstanceId>ExtendedAttribute:1427471295260</SourceInstanceId>  
          <Name>SampleExtendedAttribute</Name>  
          <Type>string</Type>  
          <Format/>  
          <Value>Sample Value</Value>  
          <SourceCreatedDate format="yyyy-MM-dd hh:mm:ss">2000-01-01 10:12:32</SourceCreatedDate>  
          <SourceCreatedBy>SourceCreatedBy</SourceCreatedBy>  
          <SourceModifiedDate format="yyyy-MM-dd">2013-01-01</SourceModifiedDate>  
          <SourceModifiedBy>SourceModifiedBy</SourceModifiedBy> 
        </ExtendedAttribute> 
      </ExtendedAttributes>  
      <SourceStatusCode sourceName="TestSystem" codeSet="SourceStatusCodes">A</SourceStatusCode>  
      <SourceCreatedDate format="yyyy-MM-dd hh:mm:ss">2000-01-01 10:12:32</SourceCreatedDate>  
      <SourceCreatedBy>UnitTest</SourceCreatedBy>  
      <SourceModifiedDate format="yyyy-MM-dd hh:mm:ss">2000-10-01 11:12:32</SourceModifiedDate>  
      <SourceModifiedBy>UnitTest</SourceModifiedBy> 
    </FacilityLocationIdentifier> 
  </Identifiers>  
  <ContactMethods> 
    <FacilityLocationContactMethod> 
      <OmniStatus>A</OmniStatus>  
      <OmniStatusReason>Active</OmniStatusReason>  
      <SourceName>TestSystem</SourceName>  
      <SourceInstanceId>FacilityLocationContactMethod:1427471295261</SourceInstanceId>  
      <SourceInstanceIdName>SID Name</SourceInstanceIdName>  
      <Type sourceName="OMNI" sourceCodeSet="0185" sourceCode="F"/>  
      <StartDate format="yyyy-MM-dd">2000-01-01</StartDate>  
      <EndDate format="yyyy-MM-dd">2050-01-01</EndDate>  
      <Value>(222) 234-6879 x9808</Value>  
      <UsageComment>No calls after 5pm</UsageComment>  
      <ExtendedAttributes> 
        <ExtendedAttribute> 
          <SourceName>TestSystem</SourceName>  
          <SourceInstanceId>ExtendedAttribute:1427471295262</SourceInstanceId>  
          <Name>SampleExtendedAttribute</Name>  
          <Type>string</Type>  
          <Format/>  
          <Value>Sample Value</Value>  
          <SourceCreatedDate format="yyyy-MM-dd hh:mm:ss">2000-01-01 10:12:32</SourceCreatedDate>  
          <SourceCreatedBy>SourceCreatedBy</SourceCreatedBy>  
          <SourceModifiedDate format="yyyy-MM-dd">2013-01-01</SourceModifiedDate>  
          <SourceModifiedBy>SourceModifiedBy</SourceModifiedBy> 
        </ExtendedAttribute> 
      </ExtendedAttributes>  
      <SourceStatusCode sourceName="TestSystem" codeSet="SourceStatusCodes">A</SourceStatusCode>  
      <SourceCreatedDate format="yyyy-MM-dd hh:mm:ss">2000-01-01 10:12:32</SourceCreatedDate>  
      <SourceCreatedBy>UnitTest</SourceCreatedBy>  
      <SourceModifiedDate format="yyyy-MM-dd hh:mm:ss">2000-10-01 11:12:32</SourceModifiedDate>  
      <SourceModifiedBy>UnitTest</SourceModifiedBy> 
    </FacilityLocationContactMethod> 
  </ContactMethods>  
  <Relations> 
    <FacilityLocationRelation> 
      <OmniStatus>A</OmniStatus>  
      <OmniStatusReason>Active</OmniStatusReason>  
      <SourceName>TestSystem</SourceName>  
      <SourceInstanceId>FacilityLocationRelation:1427471295264</SourceInstanceId>  
      <SourceInstanceIdName>SID Name</SourceInstanceIdName>  
      <Type sourceCodeSet="FacilityRelationCodes" sourceCode="O">Owner</Type>  
      <StartDate format="yyyy-MM-dd">2000-01-01</StartDate>  
      <EndDate format="yyyy-MM-dd">2000-01-01</EndDate>  
      <Relation> 
        <Organization> 
          <SourceName>UnitTest</SourceName>  
          <SourceInstanceId>Owner</SourceInstanceId> 
        </Organization> 
      </Relation>  
      <ExtendedAttributes> 
        <ExtendedAttribute> 
          <SourceName>TestSystem</SourceName>  
          <SourceInstanceId>ExtendedAttribute:1427471295265</SourceInstanceId>  
          <Name>SampleExtendedAttribute</Name>  
          <Type>string</Type>  
          <Format/>  
          <Value>Sample Value</Value>  
          <SourceCreatedDate format="yyyy-MM-dd hh:mm:ss">2000-01-01 10:12:32</SourceCreatedDate>  
          <SourceCreatedBy>SourceCreatedBy</SourceCreatedBy>  
          <SourceModifiedDate format="yyyy-MM-dd">2013-01-01</SourceModifiedDate>  
          <SourceModifiedBy>SourceModifiedBy</SourceModifiedBy> 
        </ExtendedAttribute> 
      </ExtendedAttributes>  
      <SourceStatusCode sourceName="TestSystem" codeSet="SourceStatusCodes">A</SourceStatusCode>  
      <SourceCreatedDate format="yyyy-MM-dd hh:mm:ss">2000-01-01 10:12:32</SourceCreatedDate>  
      <SourceCreatedBy>UnitTest</SourceCreatedBy>  
      <SourceModifiedDate format="yyyy-MM-dd hh:mm:ss">2000-10-01 11:12:32</SourceModifiedDate>  
      <SourceModifiedBy>UnitTest</SourceModifiedBy> 
    </FacilityLocationRelation> 
  </Relations>  
  <ExtendedAttributes> 
    <ExtendedAttribute> 
      <SourceName>TestSystem</SourceName>  
      <SourceInstanceId>ExtendedAttribute:1427471295267</SourceInstanceId>  
      <Name>SampleExtendedAttribute</Name>  
      <Type>string</Type>  
      <Format/>  
      <Value>Sample Value</Value>  
      <SourceCreatedDate format="yyyy-MM-dd hh:mm:ss">2000-01-01 10:12:32</SourceCreatedDate>  
      <SourceCreatedBy>SourceCreatedBy</SourceCreatedBy>  
      <SourceModifiedDate format="yyyy-MM-dd">2013-01-01</SourceModifiedDate>  
      <SourceModifiedBy>SourceModifiedBy</SourceModifiedBy> 
    </ExtendedAttribute> 
  </ExtendedAttributes>  
  <SourceStatusCode sourceName="TestSystem" codeSet="SourceStatusCodes">A</SourceStatusCode>  
  <SourceCreatedDate format="yyyy-MM-dd hh:mm:ss">2000-01-01 10:12:32</SourceCreatedDate>  
  <SourceCreatedBy>UnitTest</SourceCreatedBy>  
  <SourceModifiedDate format="yyyy-MM-dd hh:mm:ss">2000-10-01 11:12:32</SourceModifiedDate>  
  <SourceModifiedBy>UnitTest</SourceModifiedBy> 
</FacilityLocation></OmniInterface>