<?xml version="1.0" encoding="UTF-8"?><OmniInterface><BenefitPlan xmlns="http://www.ibi.com/2013/OP/Interface" version="1.1.7">  
  <OmniStatus>A</OmniStatus>  
  <OmniStatusReason>Active</OmniStatusReason>  
  <SourceName>TestSystem</SourceName>  
  <SourceInstanceId>BenefitPlan:1429901448261</SourceInstanceId>  
  <SourceInstanceIdName>SID Name</SourceInstanceIdName>  
  <Payer> 
    <Payer> 
      <SourceName>TestSystem</SourceName>  
      <SourceInstanceId>Payer1234</SourceInstanceId> 
    </Payer> 
  </Payer>  
  <PlanName>PlanName</PlanName>  
  <PlanType sourceName="Example" sourceCodeSet="XX" sourceCode="YY">Source Code Description</PlanType>  
  <ProductType sourceName="Example" sourceCodeSet="XX" sourceCode="YY">Source Code Description</ProductType>  
  <BucketOptions sourceName="Example" sourceCodeSet="XX" sourceCode="YY">Source Code Description</BucketOptions>  
  <InOutNetworkDetermination sourceName="Example" sourceCodeSet="XX" sourceCode="YY">Source Code Description</InOutNetworkDetermination>  
  <PremiumBillingGL sourceName="Example" sourceCodeSet="XX" sourceCode="YY">Source Code Description</PremiumBillingGL>  
  <ClaimsAccountsPayableGL sourceName="Example" sourceCodeSet="XX" sourceCode="YY">Source Code Description</ClaimsAccountsPayableGL>  
  <CapitationAccountsPayableGL sourceName="Example" sourceCodeSet="XX" sourceCode="YY">Source Code Description</CapitationAccountsPayableGL>  
  <CapitationReceiptAndReconciliationGL sourceName="Example" sourceCodeSet="XX" sourceCode="YY">Source Code Description</CapitationReceiptAndReconciliationGL>  
  <CoverageType sourceName="Example" sourceCodeSet="XX" sourceCode="YY">Source Code Description</CoverageType>  
  <BillType sourceName="Example" sourceCodeSet="XX" sourceCode="YY">Source Code Description</BillType>  
  <DeductibleToMoop sourceName="Example" sourceCodeSet="XX" sourceCode="YY">Source Code Description</DeductibleToMoop>  
  <AllEncountersToMoop sourceName="Example" sourceCodeSet="XX" sourceCode="YY">Source Code Description</AllEncountersToMoop>  
  <CarryoverClass sourceName="Example" sourceCodeSet="XX" sourceCode="YY">Source Code Description</CarryoverClass>  
  <PremiumPaymentsSavingsPercentage>0.0</PremiumPaymentsSavingsPercentage>  
  <PhoneNumber>PhoneNumber</PhoneNumber>  
  <FaxNumber>FaxNumber</FaxNumber>  
  <PlanAddress> 
    <AddressLine1>AddressLine1</AddressLine1>  
    <AddressLine2>AddressLine2</AddressLine2>  
    <AddressLine3>AddressLine3</AddressLine3>  
    <AddressLine4>AddressLine4</AddressLine4>  
    <City>City</City>  
    <StateProvince sourceName="Example" sourceCodeSet="XX" sourceCode="YY">Source Code Description</StateProvince>  
    <PostalCode>PostalCode</PostalCode>  
    <Country sourceName="Example" sourceCodeSet="XX" sourceCode="YY">Source Code Description</Country>  
    <CountyRegion sourceName="Example" sourceCodeSet="XX" sourceCode="YY">Source Code Description</CountyRegion>  
    <District sourceName="Example" sourceCodeSet="XX" sourceCode="YY">Source Code Description</District> 
  </PlanAddress>  
  <AlternateClaimAddress> 
    <City>City</City>  
    <StateProvince sourceName="Example" sourceCodeSet="XX" sourceCode="YY">Source Code Description</StateProvince>  
    <PostalCode>PostalCode</PostalCode> 
  </AlternateClaimAddress>  
  <PlanShortName>PlanShortName</PlanShortName>  
  <RecordStatus sourceName="Example" sourceCodeSet="XX" sourceCode="YY">Source Code Description</RecordStatus>  
  <GenerateExplanationOfBenefits sourceName="Example" sourceCodeSet="XX" sourceCode="YY">Source Code Description</GenerateExplanationOfBenefits>  
  <MedicareSecondaryPayerType sourceName="Example" sourceCodeSet="XX" sourceCode="YY">Source Code Description</MedicareSecondaryPayerType>  
  <OverridePayer>OverridePayer</OverridePayer>  
  <CarrierId>CarrierId</CarrierId>  
  <AllowPcpEditing sourceName="Example" sourceCodeSet="XX" sourceCode="YY">Source Code Description</AllowPcpEditing>  
  <DefaultCopay>0.0</DefaultCopay>  
  <AlternatePlanIdForRevenue sourceName="Example" sourceCodeSet="XX" sourceCode="YY">Source Code Description</AlternatePlanIdForRevenue>  
  <IsPlanGeneric sourceName="Example" sourceCodeSet="XX" sourceCode="YY">Source Code Description</IsPlanGeneric>  
  <NameOptions sourceName="Example" sourceCodeSet="XX" sourceCode="YY">Source Code Description</NameOptions>  
  <ClaimMail sourceName="Example" sourceCodeSet="XX" sourceCode="YY">Source Code Description</ClaimMail>  
  <CodeOnPaperClaims>CodeOnPaperClaims</CodeOnPaperClaims>  
  <CodeOnElectronicClaims>CodeOnElectronicClaims</CodeOnElectronicClaims>  
  <PayerOrgId>PayerOrgId</PayerOrgId>  
  <MedigapNumber>MedigapNumber</MedigapNumber>  
  <MedigapPlan sourceName="Example" sourceCodeSet="XX" sourceCode="YY">Source Code Description</MedigapPlan>  
  <CrossoverApplication sourceName="Example" sourceCodeSet="XX" sourceCode="YY">Source Code Description</CrossoverApplication>  
  <VoidedDemandReprint sourceName="Example" sourceCodeSet="XX" sourceCode="YY">Source Code Description</VoidedDemandReprint>  
  <PaperClaims sourceName="Example" sourceCodeSet="XX" sourceCode="YY">Source Code Description</PaperClaims>  
  <FinancialClass sourceName="Example" sourceCodeSet="XX" sourceCode="YY">Source Code Description</FinancialClass>  
  <AlternateClaimPhoneNumber>AlternateClaimPhoneNumber</AlternateClaimPhoneNumber>  
  <ExcludeProfessionalBillingFilingOrder sourceName="Example" sourceCodeSet="XX" sourceCode="YY">Source Code Description</ExcludeProfessionalBillingFilingOrder>  
  <ClaimDefaultPlanId>ClaimDefaultPlanId</ClaimDefaultPlanId>  
  <ClaimResubmissionZeroBalance sourceName="Example" sourceCodeSet="XX" sourceCode="YY">Source Code Description</ClaimResubmissionZeroBalance>  
  <SubmittedOnDemandClaimZero sourceName="Example" sourceCodeSet="XX" sourceCode="YY">Source Code Description</SubmittedOnDemandClaimZero>  
  <PaidDemandClaim sourceName="Example" sourceCodeSet="XX" sourceCode="YY">Source Code Description</PaidDemandClaim>  
  <ClaimGroupingPointerId>ClaimGroupingPointerId</ClaimGroupingPointerId>  
  <ResubmitZeroDollarClaims>ResubmitZeroDollarClaims</ResubmitZeroDollarClaims>  
  <SubmitZeroDollarInsuranceClaims>SubmitZeroDollarInsuranceClaims</SubmitZeroDollarInsuranceClaims>  
  <DemandZeroComponentGroupId>DemandZeroComponentGroupId</DemandZeroComponentGroupId>  
  <PaperClaimsReconciliation sourceName="Example" sourceCodeSet="XX" sourceCode="YY">Source Code Description</PaperClaimsReconciliation>  
  <ElectronicClaimsReconciliation sourceName="Example" sourceCodeSet="XX" sourceCode="YY">Source Code Description</ElectronicClaimsReconciliation>  
  <PrintedTaxonomy sourceName="Example" sourceCodeSet="XX" sourceCode="YY">Source Code Description</PrintedTaxonomy>  
  <InpatientPartBClaims sourceName="Example" sourceCodeSet="XX" sourceCode="YY">Source Code Description</InpatientPartBClaims>  
  <SupplementalPaymentPayerId>SupplementalPaymentPayerId</SupplementalPaymentPayerId>  
  <SupplementalPaymentPlanId>SupplementalPaymentPlanId</SupplementalPaymentPlanId>  
  <MaximumServiceLinesCmsClaim>0.0</MaximumServiceLinesCmsClaim>  
  <AdjustmentsGroupSecondaryClaims>AdjustmentsGroupSecondaryClaims</AdjustmentsGroupSecondaryClaims>  
  <BenefitAdjustment sourceName="Example" sourceCodeSet="XX" sourceCode="YY">Source Code Description</BenefitAdjustment>  
  <DefaultChargeTableId>DefaultChargeTableId</DefaultChargeTableId>  
  <ChargeTableMedicationChargeId>ChargeTableMedicationChargeId</ChargeTableMedicationChargeId>  
  <AdjudicatesChargeVia sourceName="Example" sourceCodeSet="XX" sourceCode="YY">Source Code Description</AdjudicatesChargeVia>  
  <CoveredPercentage>0.0</CoveredPercentage>  
  <AdjudicatesPayerAndPatient>0.0</AdjudicatesPayerAndPatient>  
  <CopyImeLines sourceName="Example" sourceCodeSet="XX" sourceCode="YY">Source Code Description</CopyImeLines>  
  <UseInSharedCoverages sourceName="Example" sourceCodeSet="XX" sourceCode="YY">Source Code Description</UseInSharedCoverages>  
  <AdmissionBilling sourceName="Example" sourceCodeSet="XX" sourceCode="YY">Source Code Description</AdmissionBilling>  
  <CreatingSecondCoverageId>CreatingSecondCoverageId</CreatingSecondCoverageId>  
  <PreventSecondCoveragePlan sourceName="Example" sourceCodeSet="XX" sourceCode="YY">Source Code Description</PreventSecondCoveragePlan>  
  <LifetimeInformation> 
    <BenefitPlanLifetime> 
      <OmniStatus>A</OmniStatus>  
      <OmniStatusReason>Active</OmniStatusReason>  
      <SourceName>TestSystem</SourceName>  
      <SourceInstanceId>BenefitPlanLifetime:1429901448274</SourceInstanceId>  
      <SourceInstanceIdName>SID Name</SourceInstanceIdName>  
      <MaximumLimitInPlan>0.0</MaximumLimitInPlan>  
      <MaximumLimitOutOfPlan>0.0</MaximumLimitOutOfPlan>  
      <MaximumLimitForTotalAccumulation>0.0</MaximumLimitForTotalAccumulation>  
      <MaximumDollarAmountInPlan>0.0</MaximumDollarAmountInPlan>  
      <MaximumDollarAmountOutOfPlan>0.0</MaximumDollarAmountOutOfPlan>  
      <MaximumDollarAmountTotalAccumulation>0.0</MaximumDollarAmountTotalAccumulation>  
      <MaximumPercentageOfTotalInPlan>0.0</MaximumPercentageOfTotalInPlan>  
      <MaximumPercentageOfTotalForOutOfPlan>0.0</MaximumPercentageOfTotalForOutOfPlan>  
      <MaximumPercentageOfTotalForAccumulation>0.0</MaximumPercentageOfTotalForAccumulation>  
      <ExtendedAttributes> 
        <ExtendedAttribute> 
          <SourceName>TestSystem</SourceName>  
          <SourceInstanceId>ExtendedAttribute:1429901448276</SourceInstanceId>  
          <Name>SampleExtendedAttribute</Name>  
          <Type>string</Type>  
          <Format/>  
          <Value>Sample Value</Value>  
          <SourceCreatedDate format="yyyy-MM-dd hh:mm:ss">2000-01-01 10:12:32</SourceCreatedDate>  
          <SourceCreatedBy>SourceCreatedBy</SourceCreatedBy>  
          <SourceModifiedDate format="yyyy-MM-dd">2013-01-01</SourceModifiedDate>  
          <SourceModifiedBy>SourceModifiedBy</SourceModifiedBy> 
        </ExtendedAttribute> 
      </ExtendedAttributes>  
      <SourceStatusCode sourceName="TestSystem" codeSet="SourceStatusCodes">A</SourceStatusCode>  
      <SourceCreatedDate format="yyyy-MM-dd hh:mm:ss">2000-01-01 10:12:32</SourceCreatedDate>  
      <SourceCreatedBy>UnitTest</SourceCreatedBy>  
      <SourceModifiedDate format="yyyy-MM-dd hh:mm:ss">2000-10-01 11:12:32</SourceModifiedDate>  
      <SourceModifiedBy>UnitTest</SourceModifiedBy> 
    </BenefitPlanLifetime> 
  </LifetimeInformation>  
  <AnesthesiaInformation> 
    <BenefitPlanProviderAnesthesia> 
      <OmniStatus>A</OmniStatus>  
      <OmniStatusReason>Active</OmniStatusReason>  
      <SourceName>TestSystem</SourceName>  
      <SourceInstanceId>BenefitPlanProviderAnesthesia:1429901448279</SourceInstanceId>  
      <SourceInstanceIdName>SID Name</SourceInstanceIdName>  
      <ApcGrouperDisplayPpId>ApcGrouperDisplayPpId</ApcGrouperDisplayPpId>  
      <SaveApcGrouperPlusResponses sourceName="Example" sourceCodeSet="XX" sourceCode="YY">Source Code Description</SaveApcGrouperPlusResponses>  
      <ShowAsaCode sourceName="Example" sourceCodeSet="XX" sourceCode="YY">Source Code Description</ShowAsaCode>  
      <AnesthesiaUnitsTimedProcedures sourceName="Example" sourceCodeSet="XX" sourceCode="YY">Source Code Description</AnesthesiaUnitsTimedProcedures>  
      <AnesthesiaPhysicalStatusModifiers sourceName="Example" sourceCodeSet="XX" sourceCode="YY">Source Code Description</AnesthesiaPhysicalStatusModifiers>  
      <ExtendedAttributes> 
        <ExtendedAttribute> 
          <SourceName>TestSystem</SourceName>  
          <SourceInstanceId>ExtendedAttribute:1429901448280</SourceInstanceId>  
          <Name>SampleExtendedAttribute</Name>  
          <Type>string</Type>  
          <Format/>  
          <Value>Sample Value</Value>  
          <SourceCreatedDate format="yyyy-MM-dd hh:mm:ss">2000-01-01 10:12:32</SourceCreatedDate>  
          <SourceCreatedBy>SourceCreatedBy</SourceCreatedBy>  
          <SourceModifiedDate format="yyyy-MM-dd">2013-01-01</SourceModifiedDate>  
          <SourceModifiedBy>SourceModifiedBy</SourceModifiedBy> 
        </ExtendedAttribute> 
      </ExtendedAttributes>  
      <SourceStatusCode sourceName="TestSystem" codeSet="SourceStatusCodes">A</SourceStatusCode>  
      <SourceCreatedDate format="yyyy-MM-dd hh:mm:ss">2000-01-01 10:12:32</SourceCreatedDate>  
      <SourceCreatedBy>UnitTest</SourceCreatedBy>  
      <SourceModifiedDate format="yyyy-MM-dd hh:mm:ss">2000-10-01 11:12:32</SourceModifiedDate>  
      <SourceModifiedBy>UnitTest</SourceModifiedBy> 
    </BenefitPlanProviderAnesthesia> 
  </AnesthesiaInformation>  
  <FinancialClassInformation> 
    <BenefitPlanFinancialClass> 
      <OmniStatus>A</OmniStatus>  
      <OmniStatusReason>Active</OmniStatusReason>  
      <SourceName>TestSystem</SourceName>  
      <SourceInstanceId>BenefitPlanFinancialClass:1429901448282</SourceInstanceId>  
      <SourceInstanceIdName>SID Name</SourceInstanceIdName>  
      <ClassCode>ClassCode</ClassCode>  
      <ClassName>ClassName</ClassName>  
      <ClassTitle>ClassTitle</ClassTitle>  
      <ClassAbbreviated>ClassAbbreviated</ClassAbbreviated>  
      <ExtendedAttributes> 
        <ExtendedAttribute> 
          <SourceName>TestSystem</SourceName>  
          <SourceInstanceId>ExtendedAttribute:1429901448283</SourceInstanceId>  
          <Name>SampleExtendedAttribute</Name>  
          <Type>string</Type>  
          <Format/>  
          <Value>Sample Value</Value>  
          <SourceCreatedDate format="yyyy-MM-dd hh:mm:ss">2000-01-01 10:12:32</SourceCreatedDate>  
          <SourceCreatedBy>SourceCreatedBy</SourceCreatedBy>  
          <SourceModifiedDate format="yyyy-MM-dd">2013-01-01</SourceModifiedDate>  
          <SourceModifiedBy>SourceModifiedBy</SourceModifiedBy> 
        </ExtendedAttribute> 
      </ExtendedAttributes>  
      <SourceStatusCode sourceName="TestSystem" codeSet="SourceStatusCodes">A</SourceStatusCode>  
      <SourceCreatedDate format="yyyy-MM-dd hh:mm:ss">2000-01-01 10:12:32</SourceCreatedDate>  
      <SourceCreatedBy>UnitTest</SourceCreatedBy>  
      <SourceModifiedDate format="yyyy-MM-dd hh:mm:ss">2000-10-01 11:12:32</SourceModifiedDate>  
      <SourceModifiedBy>UnitTest</SourceModifiedBy> 
    </BenefitPlanFinancialClass> 
  </FinancialClassInformation>  
  <ExtraInformation> 
    <BenefitPlanExtraInformation> 
      <OmniStatus>A</OmniStatus>  
      <OmniStatusReason>Active</OmniStatusReason>  
      <SourceName>TestSystem</SourceName>  
      <SourceInstanceId>BenefitPlanExtraInformation:1429901448285</SourceInstanceId>  
      <SourceInstanceIdName>SID Name</SourceInstanceIdName>  
      <UserAcceleratedSelfPay sourceName="Example" sourceCodeSet="XX" sourceCode="YY">Source Code Description</UserAcceleratedSelfPay>  
      <DefaultDiagnosticRelatedGroupTypeId>DefaultDiagnosticRelatedGroupTypeId</DefaultDiagnosticRelatedGroupTypeId>  
      <BillingDrgTypeReferenceDateNumber>1</BillingDrgTypeReferenceDateNumber>  
      <MixtureDispensingFee>0.0</MixtureDispensingFee>  
      <BankInformationNumber>BankInformationNumber</BankInformationNumber>  
      <NonPrimaryBankInformationNumber>NonPrimaryBankInformationNumber</NonPrimaryBankInformationNumber>  
      <ProcessorControlNumber>ProcessorControlNumber</ProcessorControlNumber>  
      <NonPrimaryProcessorControlNumber>NonPrimaryProcessorControlNumber</NonPrimaryProcessorControlNumber>  
      <PayerSheetPpId>0.0</PayerSheetPpId>  
      <SupportsPartialPrescriptionFillsCode sourceName="Example" sourceCodeSet="XX" sourceCode="YY">Source Code Description</SupportsPartialPrescriptionFillsCode>  
      <AlternateIdentifierForProcedureCode>AlternateIdentifierForProcedureCode</AlternateIdentifierForProcedureCode>  
      <ProductTypeCategory sourceName="Example" sourceCodeSet="XX" sourceCode="YY">Source Code Description</ProductTypeCategory>  
      <InclusionOfBadDebt sourceName="Example" sourceCodeSet="XX" sourceCode="YY">Source Code Description</InclusionOfBadDebt>  
      <CapitationReconciliationRateTolerance>0.0</CapitationReconciliationRateTolerance>  
      <ManagedCareCoverageClass>ManagedCareCoverageClass</ManagedCareCoverageClass>  
      <TierBenefitPlan sourceName="Example" sourceCodeSet="XX" sourceCode="YY">Source Code Description</TierBenefitPlan>  
      <AuthorizationContactPhoneNumber>AuthorizationContactPhoneNumber</AuthorizationContactPhoneNumber>  
      <ClaimMaxFileDays>1</ClaimMaxFileDays>  
      <PmtTypology sourceName="Example" sourceCodeSet="XX" sourceCode="YY">Source Code Description</PmtTypology>  
      <CheckingCrossoverRemit sourceName="Example" sourceCodeSet="XX" sourceCode="YY">Source Code Description</CheckingCrossoverRemit>  
      <CaseInsuranceWriteOff sourceName="Example" sourceCodeSet="XX" sourceCode="YY">Source Code Description</CaseInsuranceWriteOff>  
      <CaseDebitAdjustment sourceName="Example" sourceCodeSet="XX" sourceCode="YY">Source Code Description</CaseDebitAdjustment>  
      <AllowPrimaryCareProvidersAdding sourceName="Example" sourceCodeSet="XX" sourceCode="YY">Source Code Description</AllowPrimaryCareProvidersAdding>  
      <CompareMembershipIdSubscriber5010 sourceName="Example" sourceCodeSet="XX" sourceCode="YY">Source Code Description</CompareMembershipIdSubscriber5010>  
      <AllowPrimaryCareProvidersEditing sourceName="Example" sourceCodeSet="XX" sourceCode="YY">Source Code Description</AllowPrimaryCareProvidersEditing>  
      <SurchargeGroup sourceName="Example" sourceCodeSet="XX" sourceCode="YY">Source Code Description</SurchargeGroup>  
      <PlanAppealWindow>1</PlanAppealWindow>  
      <AllowPrescriptionMedicationDefaults sourceName="Example" sourceCodeSet="XX" sourceCode="YY">Source Code Description</AllowPrescriptionMedicationDefaults>  
      <SecondaryPlanClaimWindow>1</SecondaryPlanClaimWindow>  
      <UniformDataType sourceName="Example" sourceCodeSet="XX" sourceCode="YY">Source Code Description</UniformDataType>  
      <OvertimeInformation> 
        <BenefitPlanOvertimeInformation> 
          <OmniStatus>A</OmniStatus>  
          <OmniStatusReason>Active</OmniStatusReason>  
          <SourceName>TestSystem</SourceName>  
          <SourceInstanceId>BenefitPlanOvertimeInformation:1429901448289</SourceInstanceId>  
          <SourceInstanceIdName>SID Name</SourceInstanceIdName>  
          <ContactUpdateDate format="yyyy-MM-dd">2013-01-01</ContactUpdateDate>  
          <ContactUpdateType sourceName="Example" sourceCodeSet="XX" sourceCode="YY">Source Code Description</ContactUpdateType>  
          <ContactUpdateComment>ContactUpdateComment</ContactUpdateComment>  
          <BenefitPlanPackageName>BenefitPlanPackageName</BenefitPlanPackageName>  
          <IsBenefitPackageReal sourceName="Example" sourceCodeSet="XX" sourceCode="YY">Source Code Description</IsBenefitPackageReal>  
          <TieredBenefitsContact sourceName="Example" sourceCodeSet="XX" sourceCode="YY">Source Code Description</TieredBenefitsContact>  
          <BenefitPackageId>BenefitPackageId</BenefitPackageId>  
          <DiagnosisCodeSet sourceName="Example" sourceCodeSet="XX" sourceCode="YY">Source Code Description</DiagnosisCodeSet>  
          <IcdPreferredProcedureCodeSet sourceName="Example" sourceCodeSet="XX" sourceCode="YY">Source Code Description</IcdPreferredProcedureCodeSet>  
          <ExtendedAttributes> 
            <ExtendedAttribute> 
              <SourceName>TestSystem</SourceName>  
              <SourceInstanceId>ExtendedAttribute:1429901448291</SourceInstanceId>  
              <Name>SampleExtendedAttribute</Name>  
              <Type>string</Type>  
              <Format/>  
              <Value>Sample Value</Value>  
              <SourceCreatedDate format="yyyy-MM-dd hh:mm:ss">2000-01-01 10:12:32</SourceCreatedDate>  
              <SourceCreatedBy>SourceCreatedBy</SourceCreatedBy>  
              <SourceModifiedDate format="yyyy-MM-dd">2013-01-01</SourceModifiedDate>  
              <SourceModifiedBy>SourceModifiedBy</SourceModifiedBy> 
            </ExtendedAttribute> 
          </ExtendedAttributes>  
          <SourceStatusCode sourceName="TestSystem" codeSet="SourceStatusCodes">A</SourceStatusCode>  
          <SourceCreatedDate format="yyyy-MM-dd hh:mm:ss">2000-01-01 10:12:32</SourceCreatedDate>  
          <SourceCreatedBy>UnitTest</SourceCreatedBy>  
          <SourceModifiedDate format="yyyy-MM-dd hh:mm:ss">2000-10-01 11:12:32</SourceModifiedDate>  
          <SourceModifiedBy>UnitTest</SourceModifiedBy> 
        </BenefitPlanOvertimeInformation> 
      </OvertimeInformation>  
      <ExtendedAttributes> 
        <ExtendedAttribute> 
          <SourceName>TestSystem</SourceName>  
          <SourceInstanceId>ExtendedAttribute:1429901448292</SourceInstanceId>  
          <Name>SampleExtendedAttribute</Name>  
          <Type>string</Type>  
          <Format/>  
          <Value>Sample Value</Value>  
          <SourceCreatedDate format="yyyy-MM-dd hh:mm:ss">2000-01-01 10:12:32</SourceCreatedDate>  
          <SourceCreatedBy>SourceCreatedBy</SourceCreatedBy>  
          <SourceModifiedDate format="yyyy-MM-dd">2013-01-01</SourceModifiedDate>  
          <SourceModifiedBy>SourceModifiedBy</SourceModifiedBy> 
        </ExtendedAttribute> 
      </ExtendedAttributes>  
      <SourceStatusCode sourceName="TestSystem" codeSet="SourceStatusCodes">A</SourceStatusCode>  
      <SourceCreatedDate format="yyyy-MM-dd hh:mm:ss">2000-01-01 10:12:32</SourceCreatedDate>  
      <SourceCreatedBy>UnitTest</SourceCreatedBy>  
      <SourceModifiedDate format="yyyy-MM-dd hh:mm:ss">2000-10-01 11:12:32</SourceModifiedDate>  
      <SourceModifiedBy>UnitTest</SourceModifiedBy> 
    </BenefitPlanExtraInformation> 
  </ExtraInformation>  
  <Subscribers> 
    <SubscriberForCoverage> 
      <SourceName>TestSystem</SourceName>  
      <SourceInstanceId>SubscriberForCoverage</SourceInstanceId> 
    </SubscriberForCoverage> 
  </Subscribers>  
  <ExtendedAttributes> 
    <ExtendedAttribute> 
      <SourceName>TestSystem</SourceName>  
      <SourceInstanceId>ExtendedAttribute:1429901448295</SourceInstanceId>  
      <Name>SampleExtendedAttribute</Name>  
      <Type>string</Type>  
      <Format/>  
      <Value>Sample Value</Value>  
      <SourceCreatedDate format="yyyy-MM-dd hh:mm:ss">2000-01-01 10:12:32</SourceCreatedDate>  
      <SourceCreatedBy>SourceCreatedBy</SourceCreatedBy>  
      <SourceModifiedDate format="yyyy-MM-dd">2013-01-01</SourceModifiedDate>  
      <SourceModifiedBy>SourceModifiedBy</SourceModifiedBy> 
    </ExtendedAttribute> 
  </ExtendedAttributes>  
  <SourceStatusCode sourceName="TestSystem" codeSet="SourceStatusCodes">A</SourceStatusCode>  
  <SourceCreatedDate format="yyyy-MM-dd hh:mm:ss">2000-01-01 10:12:32</SourceCreatedDate>  
  <SourceCreatedBy>UnitTest</SourceCreatedBy>  
  <SourceModifiedDate format="yyyy-MM-dd hh:mm:ss">2000-10-01 11:12:32</SourceModifiedDate>  
  <SourceModifiedBy>UnitTest</SourceModifiedBy> 
</BenefitPlan></OmniInterface>