<?xml version="1.0" encoding="UTF-8"?><OmniInterface><Provider xmlns="http://www.ibi.com/2013/OP/Interface" version="1.1.7">  
  <OmniStatus>A</OmniStatus>  
  <OmniStatusReason>Active</OmniStatusReason>  
  <SourceName>TestSystem</SourceName>  
  <SourceInstanceId>Provider:1427471512936</SourceInstanceId>  
  <SourceInstanceIdName>SID Name</SourceInstanceIdName>  
  <PreMergeSurvivor> 
    <Provider> 
      <SourceName>TestSystem</SourceName>  
      <SourceInstanceId>TestSystem:ProviderSurvivor</SourceInstanceId> 
    </Provider> 
  </PreMergeSurvivor>  
  <Type sourceCodeSet="ProviderTypes" sourceCode="C">Cardiologist</Type>  
  <ActiveFlag sourceCodeSet="StaffStatuses" sourceCode="I">Inactive</ActiveFlag>  
  <InactiveReason sourceCodeSet="InactiveReasons" sourceCode="L">Leave of Absence</InactiveReason>  
  <ExpectedReturnDate format="yyyy-MM-dd">2013-12-31</ExpectedReturnDate>  
  <PractitionerCategory sourceCodeSet="PractitionerCategoryCodes" sourceCode="RESIDENT">Resident</PractitionerCategory>  
  <PhotoURL>http://hospital.com/photo/234567</PhotoURL>  
  <Person> 
    <Person version="1.1.7"> 
      <OmniStatus>A</OmniStatus>  
      <OmniStatusReason>Active</OmniStatusReason>  
      <SourceName>TestSystem</SourceName>  
      <SourceInstanceId>Person:1427471512944</SourceInstanceId>  
      <SourceInstanceIdName>SID Name</SourceInstanceIdName>  
      <Publicity sourceCodeSet="PublicityCodes" sourceCode="N">No Publicity</Publicity>  
      <Protection sourceCodeSet="ProtectionCodes" sourceCode="UL">Unlisted</Protection>  
      <Gender sourceCodeSet="GenderCodes" sourceCode="F">Female</Gender>  
      <MaritalStatus sourceCodeSet="MaritalStatusCodes" sourceCode="D">Divorced</MaritalStatus>  
      <Language sourceCodeSet="LanguageCodes" sourceCode="E">English</Language>  
      <CareLanguage sourceCodeSet="LanguageCodes" sourceCode="S">Spanish</CareLanguage>  
      <WrittenLanguage sourceCodeSet="LanguageCodes" sourceCode="E">English</WrittenLanguage>  
      <EnglishFluency sourceCodeSet="YesNoCodes" sourceCode="Y">Yes</EnglishFluency>  
      <InterpreterRequired sourceCodeSet="YesNoCodes" sourceCode="Y">Yes</InterpreterRequired>  
      <Citizenship sourceCodeSet="CitizenshipCodes" sourceCode="USA">United States of America</Citizenship>  
      <EthnicGroup sourceCodeSet="EthincGroupCodes" sourceCode="H">Hispanic</EthnicGroup>  
      <Race sourceCodeSet="RaceCodes" sourceCode="WH">White</Race>  
      <Religion sourceCodeSet="ReligionCodes" sourceCode="AB">American Baptist</Religion>  
      <PlaceOfWorship>United Church of Christ, Sunnyvale</PlaceOfWorship>  
      <MotherMaidenName>Steele</MotherMaidenName>  
      <DateOfBirth format="yyyy-MM-dd">1965-02-21</DateOfBirth>  
      <Deceased sourceCodeSet="YesNoCodes" sourceCode="N">No</Deceased>  
      <DateOfDeath format="yyyy-MM-dd">2050-02-21</DateOfDeath>  
      <CauseOfDeath>Currently alive and well.</CauseOfDeath>  
      <Handicap sourceCodeSet="HandicapCodes" sourceCode="DV">Decreased Vision</Handicap>  
      <HearingImpaired sourceCodeSet="YesNoCodes" sourceCode="N">No</HearingImpaired>  
      <VisuallyImpaired sourceCodeSet="YesNoCodes" sourceCode="Y">Yes</VisuallyImpaired>  
      <Blind sourceCodeSet="YesNoCodes" sourceCode="N">No</Blind>  
      <Deaf sourceCodeSet="YesNoCodes" sourceCode="N">No</Deaf>  
      <AmbulatoryStatus sourceCodeSet="AmbulatoryStatusCodes" sourceCode="A5">Vision Impaired</AmbulatoryStatus>  
      <Military> 
        <VeteranStatus sourceCodeSet="VeteranStatusCodes" sourceCode="Reserves">Reserves</VeteranStatus>  
        <Branch sourceCodeSet="MilitaryBranchCodes" sourceCode="Army">United States Army</Branch>  
        <Category sourceCodeSet="MilitaryCategoryCodes" sourceCode="A14">A14</Category>  
        <Component sourceCodeSet="MilitaryComponentCodes" sourceCode="AR">Army Reserve</Component>  
        <PayGrade>E-7</PayGrade>  
        <Rank sourceName="OMNI" sourceCodeSet="0141" sourceCode="E7">Enlisted Level 7</Rank>  
        <UnitId>platoon</UnitId> 
      </Military>  
      <Names> 
        <PersonName> 
          <OmniStatus>A</OmniStatus>  
          <OmniStatusReason>Active</OmniStatusReason>  
          <SourceName>TestSystem</SourceName>  
          <SourceInstanceId>PersonName:1427471512954</SourceInstanceId>  
          <SourceInstanceIdName>SID Name</SourceInstanceIdName>  
          <Type sourceCodeSet="NameTypeCodes" sourceCode="L">Legal Name</Type>  
          <StartDate format="yyyy-MM-dd">1965-02-21</StartDate>  
          <EndDate format="yyyy-MM-dd">2050-01-01</EndDate>  
          <FullName>Jane E. Smith</FullName>  
          <Prefix>Ms</Prefix>  
          <FirstName>Jane</FirstName>  
          <LastName>Smith</LastName>  
          <MiddleName>E</MiddleName>  
          <Suffix>III</Suffix>  
          <Degree>Dr</Degree>  
          <Title>Senior Specialist</Title>  
          <ExtendedAttributes> 
            <ExtendedAttribute> 
              <SourceName>TestSystem</SourceName>  
              <SourceInstanceId>ExtendedAttribute:1427471512957</SourceInstanceId>  
              <Name>SampleExtendedAttribute</Name>  
              <Type>string</Type>  
              <Format/>  
              <Value>Sample Value</Value>  
              <SourceCreatedDate format="yyyy-MM-dd hh:mm:ss">2000-01-01 10:12:32</SourceCreatedDate>  
              <SourceCreatedBy>SourceCreatedBy</SourceCreatedBy>  
              <SourceModifiedDate format="yyyy-MM-dd">2013-01-01</SourceModifiedDate>  
              <SourceModifiedBy>SourceModifiedBy</SourceModifiedBy> 
            </ExtendedAttribute> 
          </ExtendedAttributes>  
          <SourceStatusCode sourceName="TestSystem" codeSet="SourceStatusCodes">A</SourceStatusCode>  
          <SourceCreatedDate format="yyyy-MM-dd hh:mm:ss">2000-01-01 10:12:32</SourceCreatedDate>  
          <SourceCreatedBy>UnitTest</SourceCreatedBy>  
          <SourceModifiedDate format="yyyy-MM-dd hh:mm:ss">2000-10-01 11:12:32</SourceModifiedDate>  
          <SourceModifiedBy>UnitTest</SourceModifiedBy> 
        </PersonName> 
      </Names>  
      <Addresses> 
        <PersonAddress> 
          <OmniStatus>A</OmniStatus>  
          <OmniStatusReason>Active</OmniStatusReason>  
          <SourceName>TestSystem</SourceName>  
          <SourceInstanceId>PersonAddress:1427471512961</SourceInstanceId>  
          <SourceInstanceIdName>SID Name</SourceInstanceIdName>  
          <Type sourceCodeSet="AddressTypeCodes" sourceCode="H">Home Address</Type>  
          <StartDate format="yyyy-MM-dd">2000-01-01</StartDate>  
          <EndDate format="yyyy-MM-dd">2000-01-01</EndDate>  
          <PreferenceOrder>1</PreferenceOrder>  
          <AddressLine1>4000 East Ave</AddressLine1>  
          <AddressLine2>Suite 555</AddressLine2>  
          <AddressLine3>ATTN: Jane Smith</AddressLine3>  
          <AddressLine4>Fragile</AddressLine4>  
          <City>Livonia</City>  
          <StateProvince sourceCodeSet="StateCodes" sourceCode="NY">New York</StateProvince>  
          <PostalCode>14488</PostalCode>  
          <Country sourceCodeSet="CountryCodes" sourceCode="USA">United States</Country>  
          <CountyRegion sourceCodeSet="CountyRegionCodes" sourceCode="LIV">Livingston</CountyRegion>  
          <UsageComment>Do not ring bell</UsageComment>  
          <ExtendedAttributes> 
            <ExtendedAttribute> 
              <SourceName>TestSystem</SourceName>  
              <SourceInstanceId>ExtendedAttribute:1427471512966</SourceInstanceId>  
              <Name>SampleExtendedAttribute</Name>  
              <Type>string</Type>  
              <Format/>  
              <Value>Sample Value</Value>  
              <SourceCreatedDate format="yyyy-MM-dd hh:mm:ss">2000-01-01 10:12:32</SourceCreatedDate>  
              <SourceCreatedBy>SourceCreatedBy</SourceCreatedBy>  
              <SourceModifiedDate format="yyyy-MM-dd">2013-01-01</SourceModifiedDate>  
              <SourceModifiedBy>SourceModifiedBy</SourceModifiedBy> 
            </ExtendedAttribute> 
          </ExtendedAttributes>  
          <SourceStatusCode sourceName="TestSystem" codeSet="SourceStatusCodes">A</SourceStatusCode>  
          <SourceCreatedDate format="yyyy-MM-dd hh:mm:ss">2000-01-01 10:12:32</SourceCreatedDate>  
          <SourceCreatedBy>UnitTest</SourceCreatedBy>  
          <SourceModifiedDate format="yyyy-MM-dd hh:mm:ss">2000-10-01 11:12:32</SourceModifiedDate>  
          <SourceModifiedBy>UnitTest</SourceModifiedBy> 
        </PersonAddress> 
      </Addresses>  
      <Identifiers> 
        <PersonIdentifier> 
          <OmniStatus>A</OmniStatus>  
          <OmniStatusReason>Active</OmniStatusReason>  
          <SourceName>TestSystem</SourceName>  
          <SourceInstanceId>PersonIdentifier:1427471512970</SourceInstanceId>  
          <SourceInstanceIdName>SID Name</SourceInstanceIdName>  
          <Type sourceCodeSet="IdentifierCodes" sourceCode="MRN">Medical Record Number</Type>  
          <StartDate format="yyyy-MM-dd">2000-01-01</StartDate>  
          <EndDate format="yyyy-MM-dd">2000-01-01</EndDate>  
          <Value>12345678</Value>  
          <IssuingAuthority> 
            <Organization> 
              <SourceName>TestSystem</SourceName>  
              <SourceInstanceId>HospitalA</SourceInstanceId>  
              <OrganizationType sourceCodeSet="organizationTypeCodes" sourceCode="H">Hospital</OrganizationType> 
            </Organization> 
          </IssuingAuthority>  
          <Comment>Comment about identifier.</Comment>  
          <ExtendedAttributes> 
            <ExtendedAttribute> 
              <SourceName>TestSystem</SourceName>  
              <SourceInstanceId>ExtendedAttribute:1427471512974</SourceInstanceId>  
              <Name>SampleExtendedAttribute</Name>  
              <Type>string</Type>  
              <Format/>  
              <Value>Sample Value</Value>  
              <SourceCreatedDate format="yyyy-MM-dd hh:mm:ss">2000-01-01 10:12:32</SourceCreatedDate>  
              <SourceCreatedBy>SourceCreatedBy</SourceCreatedBy>  
              <SourceModifiedDate format="yyyy-MM-dd">2013-01-01</SourceModifiedDate>  
              <SourceModifiedBy>SourceModifiedBy</SourceModifiedBy> 
            </ExtendedAttribute> 
          </ExtendedAttributes>  
          <SourceStatusCode sourceName="TestSystem" codeSet="SourceStatusCodes">A</SourceStatusCode>  
          <SourceCreatedDate format="yyyy-MM-dd hh:mm:ss">2000-01-01 10:12:32</SourceCreatedDate>  
          <SourceCreatedBy>UnitTest</SourceCreatedBy>  
          <SourceModifiedDate format="yyyy-MM-dd hh:mm:ss">2000-10-01 11:12:32</SourceModifiedDate>  
          <SourceModifiedBy>UnitTest</SourceModifiedBy> 
        </PersonIdentifier> 
      </Identifiers>  
      <ContactMethods> 
        <PersonContactMethod> 
          <OmniStatus>A</OmniStatus>  
          <OmniStatusReason>Active</OmniStatusReason>  
          <SourceName>TestSystem</SourceName>  
          <SourceInstanceId>PersonContactMethod:1427471512978</SourceInstanceId>  
          <SourceInstanceIdName>SID Name</SourceInstanceIdName>  
          <Type sourceName="OMNI" sourceCodeSet="0185" sourceCode="H">Home Phone Number</Type>  
          <StartDate format="yyyy-MM-dd">2000-01-01</StartDate>  
          <EndDate format="yyyy-MM-dd">2050-01-01</EndDate>  
          <PreferenceOrder>1</PreferenceOrder>  
          <Protection sourceCodeSet="ProtectionCodes" sourceCode="UP">Unpublished</Protection>  
          <Value>(222) 234-6879 x9808</Value>  
          <UsageComment>No calls after 5pm</UsageComment>  
          <ExtendedAttributes> 
            <ExtendedAttribute> 
              <SourceName>TestSystem</SourceName>  
              <SourceInstanceId>ExtendedAttribute:1427471512981</SourceInstanceId>  
              <Name>SampleExtendedAttribute</Name>  
              <Type>string</Type>  
              <Format/>  
              <Value>Sample Value</Value>  
              <SourceCreatedDate format="yyyy-MM-dd hh:mm:ss">2000-01-01 10:12:32</SourceCreatedDate>  
              <SourceCreatedBy>SourceCreatedBy</SourceCreatedBy>  
              <SourceModifiedDate format="yyyy-MM-dd">2013-01-01</SourceModifiedDate>  
              <SourceModifiedBy>SourceModifiedBy</SourceModifiedBy> 
            </ExtendedAttribute> 
          </ExtendedAttributes>  
          <SourceStatusCode sourceName="TestSystem" codeSet="SourceStatusCodes">A</SourceStatusCode>  
          <SourceCreatedDate format="yyyy-MM-dd hh:mm:ss">2000-01-01 10:12:32</SourceCreatedDate>  
          <SourceCreatedBy>UnitTest</SourceCreatedBy>  
          <SourceModifiedDate format="yyyy-MM-dd hh:mm:ss">2000-10-01 11:12:32</SourceModifiedDate>  
          <SourceModifiedBy>UnitTest</SourceModifiedBy> 
        </PersonContactMethod> 
      </ContactMethods>  
      <Relations> 
        <PersonRelation> 
          <OmniStatus>A</OmniStatus>  
          <OmniStatusReason>Active</OmniStatusReason>  
          <SourceName>TestSystem</SourceName>  
          <SourceInstanceId>PersonRelation:1427471512985</SourceInstanceId>  
          <SourceInstanceIdName>SID Name</SourceInstanceIdName>  
          <Type sourceCodeSet="PersonRelationCodes" sourceCode="SPO">Spouse</Type>  
          <StartDate format="yyyy-MM-dd">2000-01-01</StartDate>  
          <EndDate format="yyyy-MM-dd">2000-01-01</EndDate>  
          <Relation> 
            <Person> 
              <SourceName>UnitTest</SourceName>  
              <SourceInstanceId>RelatedSpouse</SourceInstanceId> 
            </Person> 
          </Relation>  
          <ExtendedAttributes> 
            <ExtendedAttribute> 
              <SourceName>TestSystem</SourceName>  
              <SourceInstanceId>ExtendedAttribute:1427471512989</SourceInstanceId>  
              <Name>SampleExtendedAttribute</Name>  
              <Type>string</Type>  
              <Format/>  
              <Value>Sample Value</Value>  
              <SourceCreatedDate format="yyyy-MM-dd hh:mm:ss">2000-01-01 10:12:32</SourceCreatedDate>  
              <SourceCreatedBy>SourceCreatedBy</SourceCreatedBy>  
              <SourceModifiedDate format="yyyy-MM-dd">2013-01-01</SourceModifiedDate>  
              <SourceModifiedBy>SourceModifiedBy</SourceModifiedBy> 
            </ExtendedAttribute> 
          </ExtendedAttributes>  
          <SourceStatusCode sourceName="TestSystem" codeSet="SourceStatusCodes">A</SourceStatusCode>  
          <SourceCreatedDate format="yyyy-MM-dd hh:mm:ss">2000-01-01 10:12:32</SourceCreatedDate>  
          <SourceCreatedBy>UnitTest</SourceCreatedBy>  
          <SourceModifiedDate format="yyyy-MM-dd hh:mm:ss">2000-10-01 11:12:32</SourceModifiedDate>  
          <SourceModifiedBy>UnitTest</SourceModifiedBy> 
        </PersonRelation> 
      </Relations>  
      <ExtendedAttributes> 
        <ExtendedAttribute> 
          <SourceName>TestSystem</SourceName>  
          <SourceInstanceId>ExtendedAttribute:1427471512992</SourceInstanceId>  
          <Name>SampleExtendedAttribute</Name>  
          <Type>string</Type>  
          <Format/>  
          <Value>Sample Value</Value>  
          <SourceCreatedDate format="yyyy-MM-dd hh:mm:ss">2000-01-01 10:12:32</SourceCreatedDate>  
          <SourceCreatedBy>SourceCreatedBy</SourceCreatedBy>  
          <SourceModifiedDate format="yyyy-MM-dd">2013-01-01</SourceModifiedDate>  
          <SourceModifiedBy>SourceModifiedBy</SourceModifiedBy> 
        </ExtendedAttribute> 
      </ExtendedAttributes>  
      <SourceStatusCode sourceName="TestSystem" codeSet="SourceStatusCodes">A</SourceStatusCode>  
      <SourceCreatedDate format="yyyy-MM-dd hh:mm:ss">2000-01-01 10:12:32</SourceCreatedDate>  
      <SourceCreatedBy>UnitTest</SourceCreatedBy>  
      <SourceModifiedDate format="yyyy-MM-dd hh:mm:ss">2000-10-01 11:12:32</SourceModifiedDate>  
      <SourceModifiedBy>UnitTest</SourceModifiedBy> 
    </Person> 
  </Person>  
  <Educations> 
    <ProviderEducation> 
      <OmniStatus>A</OmniStatus>  
      <OmniStatusReason>Active</OmniStatusReason>  
      <SourceName>TestSystem</SourceName>  
      <SourceInstanceId>ProviderEducation:1427471512996</SourceInstanceId>  
      <SourceInstanceIdName>SID Name</SourceInstanceIdName>  
      <Type sourceCodeSet="InsitutionTypeCodes" sourceCode="G">Graduate</Type>  
      <DegreeGranted sourceCodeSet="DegreeGrantedCodes" sourceCode="PA">Physician Assistant</DegreeGranted>  
      <DegreeGrantedDate format="yyyy-MM-dd">2000-01-01</DegreeGrantedDate>  
      <DegreeStartDate format="yyyy-MM-dd">1995-01-01</DegreeStartDate>  
      <DegreeEndDate format="yyyy-MM-dd">2000-01-01</DegreeEndDate>  
      <InstitutionName>Clarkson University</InstitutionName>  
      <Institution> 
        <Organization version="1.1.7"> 
          <OmniStatus>A</OmniStatus>  
          <OmniStatusReason>Active</OmniStatusReason>  
          <SourceName>TestSystem</SourceName>  
          <SourceInstanceId>TestOrganization</SourceInstanceId>  
          <SourceInstanceIdName>SID Name</SourceInstanceIdName>  
          <PreMergeSurvivor> 
            <Organization> 
              <SourceName>TestSystem</SourceName>  
              <SourceInstanceId>TestSystem:OrganizationSurvivor</SourceInstanceId> 
            </Organization> 
          </PreMergeSurvivor>  
          <OrganizationType sourceCodeSet="OrganizationTypeCodes" sourceCode="Insurance">Insurance Company</OrganizationType>  
          <Names> 
            <OrganizationName> 
              <OmniStatus>A</OmniStatus>  
              <OmniStatusReason>Active</OmniStatusReason>  
              <SourceName>TestSystem</SourceName>  
              <SourceInstanceId>OrganizationName:1427471513001</SourceInstanceId>  
              <SourceInstanceIdName>SID Name</SourceInstanceIdName>  
              <Type sourceCodeSet="OrgNameTypeCodes" sourceCode="D">Display Name</Type>  
              <StartDate format="yyyy-MM-dd">1965-02-21</StartDate>  
              <EndDate format="yyyy-MM-dd">2050-01-01</EndDate>  
              <FullName>Medical Supply Company, Inc.</FullName>  
              <ExtendedAttributes> 
                <ExtendedAttribute> 
                  <SourceName>TestSystem</SourceName>  
                  <SourceInstanceId>ExtendedAttribute:1427471513003</SourceInstanceId>  
                  <Name>SampleExtendedAttribute</Name>  
                  <Type>string</Type>  
                  <Format/>  
                  <Value>Sample Value</Value>  
                  <SourceCreatedDate format="yyyy-MM-dd hh:mm:ss">2000-01-01 10:12:32</SourceCreatedDate>  
                  <SourceCreatedBy>SourceCreatedBy</SourceCreatedBy>  
                  <SourceModifiedDate format="yyyy-MM-dd">2013-01-01</SourceModifiedDate>  
                  <SourceModifiedBy>SourceModifiedBy</SourceModifiedBy> 
                </ExtendedAttribute> 
              </ExtendedAttributes>  
              <SourceStatusCode sourceName="TestSystem" codeSet="SourceStatusCodes">A</SourceStatusCode>  
              <SourceCreatedDate format="yyyy-MM-dd hh:mm:ss">2000-01-01 10:12:32</SourceCreatedDate>  
              <SourceCreatedBy>UnitTest</SourceCreatedBy>  
              <SourceModifiedDate format="yyyy-MM-dd hh:mm:ss">2000-10-01 11:12:32</SourceModifiedDate>  
              <SourceModifiedBy>UnitTest</SourceModifiedBy> 
            </OrganizationName> 
          </Names>  
          <Addresses> 
            <OrganizationAddress> 
              <OmniStatus>A</OmniStatus>  
              <OmniStatusReason>Active</OmniStatusReason>  
              <SourceName>TestSystem</SourceName>  
              <SourceInstanceId>OrganizationAddress:1427471513006</SourceInstanceId>  
              <SourceInstanceIdName>SID Name</SourceInstanceIdName>  
              <Type sourceCodeSet="AddressTypeCodes" sourceCode="B">Business Address</Type>  
              <StartDate format="yyyy-MM-dd">2000-01-01</StartDate>  
              <EndDate format="yyyy-MM-dd">2000-01-01</EndDate>  
              <AddressLine1>4000 East Ave</AddressLine1>  
              <AddressLine2>Suite 555</AddressLine2>  
              <AddressLine3>ATTN: Jane Smith</AddressLine3>  
              <AddressLine4>Fragile</AddressLine4>  
              <City>Livonia</City>  
              <StateProvince sourceCodeSet="StateCodes" sourceCode="NY">New York</StateProvince>  
              <PostalCode>14488</PostalCode>  
              <Country sourceCodeSet="CountryCodes" sourceCode="USA">United States</Country>  
              <CountyRegion sourceCodeSet="CountyRegionCodes" sourceCode="LIV">Livingston</CountyRegion>  
              <UsageComment>Do not ring bell</UsageComment>  
              <ExtendedAttributes> 
                <ExtendedAttribute> 
                  <SourceName>TestSystem</SourceName>  
                  <SourceInstanceId>ExtendedAttribute:1427471513010</SourceInstanceId>  
                  <Name>SampleExtendedAttribute</Name>  
                  <Type>string</Type>  
                  <Format/>  
                  <Value>Sample Value</Value>  
                  <SourceCreatedDate format="yyyy-MM-dd hh:mm:ss">2000-01-01 10:12:32</SourceCreatedDate>  
                  <SourceCreatedBy>SourceCreatedBy</SourceCreatedBy>  
                  <SourceModifiedDate format="yyyy-MM-dd">2013-01-01</SourceModifiedDate>  
                  <SourceModifiedBy>SourceModifiedBy</SourceModifiedBy> 
                </ExtendedAttribute> 
              </ExtendedAttributes>  
              <SourceStatusCode sourceName="TestSystem" codeSet="SourceStatusCodes">A</SourceStatusCode>  
              <SourceCreatedDate format="yyyy-MM-dd hh:mm:ss">2000-01-01 10:12:32</SourceCreatedDate>  
              <SourceCreatedBy>UnitTest</SourceCreatedBy>  
              <SourceModifiedDate format="yyyy-MM-dd hh:mm:ss">2000-10-01 11:12:32</SourceModifiedDate>  
              <SourceModifiedBy>UnitTest</SourceModifiedBy> 
            </OrganizationAddress> 
          </Addresses>  
          <Identifiers> 
            <OrganizationIdentifier> 
              <OmniStatus>A</OmniStatus>  
              <OmniStatusReason>Active</OmniStatusReason>  
              <SourceName>TestSystem</SourceName>  
              <SourceInstanceId>OrganizationIdentifier:1427471513013</SourceInstanceId>  
              <SourceInstanceIdName>SID Name</SourceInstanceIdName>  
              <Type sourceCodeSet="OrganizationIdentifierCodes" sourceCode="CC">Cost Center Number</Type>  
              <StartDate format="yyyy-MM-dd">2000-01-01</StartDate>  
              <EndDate format="yyyy-MM-dd">2000-01-01</EndDate>  
              <Value>12345678</Value>  
              <IssuingAuthority> 
                <Organization> 
                  <SourceName>TestSystem</SourceName>  
                  <SourceInstanceId>OrganizationA</SourceInstanceId> 
                </Organization> 
              </IssuingAuthority>  
              <Comment>Comment about identifier.</Comment>  
              <ExtendedAttributes> 
                <ExtendedAttribute> 
                  <SourceName>TestSystem</SourceName>  
                  <SourceInstanceId>ExtendedAttribute:1427471513017</SourceInstanceId>  
                  <Name>SampleExtendedAttribute</Name>  
                  <Type>string</Type>  
                  <Format/>  
                  <Value>Sample Value</Value>  
                  <SourceCreatedDate format="yyyy-MM-dd hh:mm:ss">2000-01-01 10:12:32</SourceCreatedDate>  
                  <SourceCreatedBy>SourceCreatedBy</SourceCreatedBy>  
                  <SourceModifiedDate format="yyyy-MM-dd">2013-01-01</SourceModifiedDate>  
                  <SourceModifiedBy>SourceModifiedBy</SourceModifiedBy> 
                </ExtendedAttribute> 
              </ExtendedAttributes>  
              <SourceStatusCode sourceName="TestSystem" codeSet="SourceStatusCodes">A</SourceStatusCode>  
              <SourceCreatedDate format="yyyy-MM-dd hh:mm:ss">2000-01-01 10:12:32</SourceCreatedDate>  
              <SourceCreatedBy>UnitTest</SourceCreatedBy>  
              <SourceModifiedDate format="yyyy-MM-dd hh:mm:ss">2000-10-01 11:12:32</SourceModifiedDate>  
              <SourceModifiedBy>UnitTest</SourceModifiedBy> 
            </OrganizationIdentifier> 
          </Identifiers>  
          <ContactMethods> 
            <OrganizationContactMethod> 
              <OmniStatus>A</OmniStatus>  
              <OmniStatusReason>Active</OmniStatusReason>  
              <SourceName>TestSystem</SourceName>  
              <SourceInstanceId>OrganizationContactMethod:1427471513020</SourceInstanceId>  
              <SourceInstanceIdName>SID Name</SourceInstanceIdName>  
              <Type sourceName="OMNI" sourceCodeSet="0185" sourceCode="F"/>  
              <StartDate format="yyyy-MM-dd">2000-01-01</StartDate>  
              <EndDate format="yyyy-MM-dd">2050-01-01</EndDate>  
              <Value>(222) 234-6879 x9808</Value>  
              <UsageComment>No calls after 5pm</UsageComment>  
              <ExtendedAttributes> 
                <ExtendedAttribute> 
                  <SourceName>TestSystem</SourceName>  
                  <SourceInstanceId>ExtendedAttribute:1427471513022</SourceInstanceId>  
                  <Name>SampleExtendedAttribute</Name>  
                  <Type>string</Type>  
                  <Format/>  
                  <Value>Sample Value</Value>  
                  <SourceCreatedDate format="yyyy-MM-dd hh:mm:ss">2000-01-01 10:12:32</SourceCreatedDate>  
                  <SourceCreatedBy>SourceCreatedBy</SourceCreatedBy>  
                  <SourceModifiedDate format="yyyy-MM-dd">2013-01-01</SourceModifiedDate>  
                  <SourceModifiedBy>SourceModifiedBy</SourceModifiedBy> 
                </ExtendedAttribute> 
              </ExtendedAttributes>  
              <SourceStatusCode sourceName="TestSystem" codeSet="SourceStatusCodes">A</SourceStatusCode>  
              <SourceCreatedDate format="yyyy-MM-dd hh:mm:ss">2000-01-01 10:12:32</SourceCreatedDate>  
              <SourceCreatedBy>UnitTest</SourceCreatedBy>  
              <SourceModifiedDate format="yyyy-MM-dd hh:mm:ss">2000-10-01 11:12:32</SourceModifiedDate>  
              <SourceModifiedBy>UnitTest</SourceModifiedBy> 
            </OrganizationContactMethod> 
          </ContactMethods>  
          <Relations> 
            <OrganizationRelation> 
              <OmniStatus>A</OmniStatus>  
              <OmniStatusReason>Active</OmniStatusReason>  
              <SourceName>TestSystem</SourceName>  
              <SourceInstanceId>OrganizationRelation:1427471513026</SourceInstanceId>  
              <SourceInstanceIdName>SID Name</SourceInstanceIdName>  
              <Type sourceCodeSet="OrganizationRelationCodes" sourceCode="Owner">Company Owner</Type>  
              <StartDate format="yyyy-MM-dd">2000-01-01</StartDate>  
              <EndDate format="yyyy-MM-dd">2000-01-01</EndDate>  
              <Relation> 
                <Person> 
                  <SourceName>UnitTest</SourceName>  
                  <SourceInstanceId>BusinessOwner</SourceInstanceId> 
                </Person> 
              </Relation>  
              <ExtendedAttributes> 
                <ExtendedAttribute> 
                  <SourceName>TestSystem</SourceName>  
                  <SourceInstanceId>ExtendedAttribute:1427471513029</SourceInstanceId>  
                  <Name>SampleExtendedAttribute</Name>  
                  <Type>string</Type>  
                  <Format/>  
                  <Value>Sample Value</Value>  
                  <SourceCreatedDate format="yyyy-MM-dd hh:mm:ss">2000-01-01 10:12:32</SourceCreatedDate>  
                  <SourceCreatedBy>SourceCreatedBy</SourceCreatedBy>  
                  <SourceModifiedDate format="yyyy-MM-dd">2013-01-01</SourceModifiedDate>  
                  <SourceModifiedBy>SourceModifiedBy</SourceModifiedBy> 
                </ExtendedAttribute> 
              </ExtendedAttributes>  
              <SourceStatusCode sourceName="TestSystem" codeSet="SourceStatusCodes">A</SourceStatusCode>  
              <SourceCreatedDate format="yyyy-MM-dd hh:mm:ss">2000-01-01 10:12:32</SourceCreatedDate>  
              <SourceCreatedBy>UnitTest</SourceCreatedBy>  
              <SourceModifiedDate format="yyyy-MM-dd hh:mm:ss">2000-10-01 11:12:32</SourceModifiedDate>  
              <SourceModifiedBy>UnitTest</SourceModifiedBy> 
            </OrganizationRelation> 
          </Relations>  
          <ExtendedAttributes> 
            <ExtendedAttribute> 
              <SourceName>TestSystem</SourceName>  
              <SourceInstanceId>ExtendedAttribute:1427471513032</SourceInstanceId>  
              <Name>SampleExtendedAttribute</Name>  
              <Type>string</Type>  
              <Format/>  
              <Value>Sample Value</Value>  
              <SourceCreatedDate format="yyyy-MM-dd hh:mm:ss">2000-01-01 10:12:32</SourceCreatedDate>  
              <SourceCreatedBy>SourceCreatedBy</SourceCreatedBy>  
              <SourceModifiedDate format="yyyy-MM-dd">2013-01-01</SourceModifiedDate>  
              <SourceModifiedBy>SourceModifiedBy</SourceModifiedBy> 
            </ExtendedAttribute> 
          </ExtendedAttributes>  
          <SourceStatusCode sourceName="TestSystem" codeSet="SourceStatusCodes">A</SourceStatusCode>  
          <SourceCreatedDate format="yyyy-MM-dd hh:mm:ss">2000-01-01 10:12:32</SourceCreatedDate>  
          <SourceCreatedBy>UnitTest</SourceCreatedBy>  
          <SourceModifiedDate format="yyyy-MM-dd hh:mm:ss">2000-10-01 11:12:32</SourceModifiedDate>  
          <SourceModifiedBy>UnitTest</SourceModifiedBy> 
        </Organization> 
      </Institution>  
      <Specialization sourceCodeSet="SpecialityCodes" sourceCode="C">Cardiology</Specialization>  
      <Fee>120000</Fee>  
      <ClassRank>35th of 365</ClassRank>  
      <ClassCount>500</ClassCount>  
      <ClassPercentile>25</ClassPercentile>  
      <ExtendedAttributes> 
        <ExtendedAttribute> 
          <SourceName>TestSystem</SourceName>  
          <SourceInstanceId>ExtendedAttribute:1427471513037</SourceInstanceId>  
          <Name>SampleExtendedAttribute</Name>  
          <Type>string</Type>  
          <Format/>  
          <Value>Sample Value</Value>  
          <SourceCreatedDate format="yyyy-MM-dd hh:mm:ss">2000-01-01 10:12:32</SourceCreatedDate>  
          <SourceCreatedBy>SourceCreatedBy</SourceCreatedBy>  
          <SourceModifiedDate format="yyyy-MM-dd">2013-01-01</SourceModifiedDate>  
          <SourceModifiedBy>SourceModifiedBy</SourceModifiedBy> 
        </ExtendedAttribute> 
      </ExtendedAttributes>  
      <SourceStatusCode sourceName="TestSystem" codeSet="SourceStatusCodes">A</SourceStatusCode>  
      <SourceCreatedDate format="yyyy-MM-dd hh:mm:ss">2000-01-01 10:12:32</SourceCreatedDate>  
      <SourceCreatedBy>UnitTest</SourceCreatedBy>  
      <SourceModifiedDate format="yyyy-MM-dd hh:mm:ss">2000-10-01 11:12:32</SourceModifiedDate>  
      <SourceModifiedBy>UnitTest</SourceModifiedBy> 
    </ProviderEducation> 
  </Educations>  
  <Insurances> 
    <ProviderInsurance> 
      <OmniStatus>A</OmniStatus>  
      <OmniStatusReason>Active</OmniStatusReason>  
      <SourceName>TestSystem</SourceName>  
      <SourceInstanceId>ProviderInsurance:1427471513041</SourceInstanceId>  
      <SourceInstanceIdName>SID Name</SourceInstanceIdName>  
      <InsuranceType sourceCodeSet="InsuranceTypeCodes" sourceCode="Medical">Medical Insurance</InsuranceType>  
      <InsuranceClass sourceCodeSet="InsuranceClassCodes" sourceCode="Liability">Liability Insurance</InsuranceClass>  
      <CoverageStartDate format="yyyy-MM-dd">2000-01-01</CoverageStartDate>  
      <CoverageEndDate format="yyyy-MM-dd">2010-01-01</CoverageEndDate>  
      <RetroactiveDate format="yyyy-MM-dd">1999-01-01</RetroactiveDate>  
      <PolicyNumber>124-FGHT-9087654</PolicyNumber>  
      <PrimaryLimit>500000.00</PrimaryLimit>  
      <PrimaryLimitPerClaim>50000.00</PrimaryLimitPerClaim>  
      <ExcessLimit>10000000.00</ExcessLimit>  
      <ExcessLimitPerClaim>100000.00</ExcessLimitPerClaim>  
      <Contact> 
        <Person> 
          <SourceName>TestSystem</SourceName>  
          <SourceInstanceId>ProviderInsuranceContact</SourceInstanceId> 
        </Person> 
      </Contact>  
      <AgentName>Joe Insurance</AgentName>  
      <CarrierName>State Farm Insurance</CarrierName>  
      <Carrier> 
        <Organization> 
          <SourceName>TestSystem</SourceName>  
          <SourceInstanceId>InsuranceCarrier</SourceInstanceId> 
        </Organization> 
      </Carrier>  
      <ExtendedAttributes> 
        <ExtendedAttribute> 
          <SourceName>TestSystem</SourceName>  
          <SourceInstanceId>ExtendedAttribute:1427471513048</SourceInstanceId>  
          <Name>SampleExtendedAttribute</Name>  
          <Type>string</Type>  
          <Format/>  
          <Value>Sample Value</Value>  
          <SourceCreatedDate format="yyyy-MM-dd hh:mm:ss">2000-01-01 10:12:32</SourceCreatedDate>  
          <SourceCreatedBy>SourceCreatedBy</SourceCreatedBy>  
          <SourceModifiedDate format="yyyy-MM-dd">2013-01-01</SourceModifiedDate>  
          <SourceModifiedBy>SourceModifiedBy</SourceModifiedBy> 
        </ExtendedAttribute> 
      </ExtendedAttributes>  
      <SourceStatusCode sourceName="TestSystem" codeSet="SourceStatusCodes">A</SourceStatusCode>  
      <SourceCreatedDate format="yyyy-MM-dd hh:mm:ss">2000-01-01 10:12:32</SourceCreatedDate>  
      <SourceCreatedBy>UnitTest</SourceCreatedBy>  
      <SourceModifiedDate format="yyyy-MM-dd hh:mm:ss">2000-10-01 11:12:32</SourceModifiedDate>  
      <SourceModifiedBy>UnitTest</SourceModifiedBy> 
    </ProviderInsurance> 
  </Insurances>  
  <Languages> 
    <ProviderLanguage> 
      <OmniStatus>A</OmniStatus>  
      <OmniStatusReason>Active</OmniStatusReason>  
      <SourceName>TestSystem</SourceName>  
      <SourceInstanceId>ProviderLanguage:1427471513052</SourceInstanceId>  
      <SourceInstanceIdName>SID Name</SourceInstanceIdName>  
      <Language sourceCodeSet="LanguageCodes" sourceCode="ENG">English</Language>  
      <Ability sourceCodeSet="LanguageAbilityCodes" sourceCode="R">Read</Ability>  
      <Proficiency sourceCodeSet="LanguageProficienvyCodes" sourceCode="02">Good</Proficiency>  
      <InterpreterPrivileges> 
        <ProviderInterpreterPrivilege> 
          <OmniStatus>A</OmniStatus>  
          <OmniStatusReason>Active</OmniStatusReason>  
          <SourceName>TestSystem</SourceName>  
          <SourceInstanceId>ProviderInterpreterPrivilege:1427471513055</SourceInstanceId>  
          <SourceInstanceIdName>SID Name</SourceInstanceIdName>  
          <Location> 
            <Facility> 
              <SourceName>TestSystem</SourceName>  
              <SourceInstanceId>HospitalA</SourceInstanceId> 
            </Facility> 
          </Location>  
          <ExtendedAttributes> 
            <ExtendedAttribute> 
              <SourceName>TestSystem</SourceName>  
              <SourceInstanceId>ExtendedAttribute:1427471513057</SourceInstanceId>  
              <Name>SampleExtendedAttribute</Name>  
              <Type>string</Type>  
              <Format/>  
              <Value>Sample Value</Value>  
              <SourceCreatedDate format="yyyy-MM-dd hh:mm:ss">2000-01-01 10:12:32</SourceCreatedDate>  
              <SourceCreatedBy>SourceCreatedBy</SourceCreatedBy>  
              <SourceModifiedDate format="yyyy-MM-dd">2013-01-01</SourceModifiedDate>  
              <SourceModifiedBy>SourceModifiedBy</SourceModifiedBy> 
            </ExtendedAttribute> 
          </ExtendedAttributes>  
          <SourceStatusCode sourceName="TestSystem" codeSet="SourceStatusCodes">A</SourceStatusCode>  
          <SourceCreatedDate format="yyyy-MM-dd hh:mm:ss">2000-01-01 10:12:32</SourceCreatedDate>  
          <SourceCreatedBy>UnitTest</SourceCreatedBy>  
          <SourceModifiedDate format="yyyy-MM-dd hh:mm:ss">2000-10-01 11:12:32</SourceModifiedDate>  
          <SourceModifiedBy>UnitTest</SourceModifiedBy> 
        </ProviderInterpreterPrivilege> 
      </InterpreterPrivileges>  
      <ExtendedAttributes> 
        <ExtendedAttribute> 
          <SourceName>TestSystem</SourceName>  
          <SourceInstanceId>ExtendedAttribute:1427471513061</SourceInstanceId>  
          <Name>SampleExtendedAttribute</Name>  
          <Type>string</Type>  
          <Format/>  
          <Value>Sample Value</Value>  
          <SourceCreatedDate format="yyyy-MM-dd hh:mm:ss">2000-01-01 10:12:32</SourceCreatedDate>  
          <SourceCreatedBy>SourceCreatedBy</SourceCreatedBy>  
          <SourceModifiedDate format="yyyy-MM-dd">2013-01-01</SourceModifiedDate>  
          <SourceModifiedBy>SourceModifiedBy</SourceModifiedBy> 
        </ExtendedAttribute> 
      </ExtendedAttributes>  
      <SourceStatusCode sourceName="TestSystem" codeSet="SourceStatusCodes">A</SourceStatusCode>  
      <SourceCreatedDate format="yyyy-MM-dd hh:mm:ss">2000-01-01 10:12:32</SourceCreatedDate>  
      <SourceCreatedBy>UnitTest</SourceCreatedBy>  
      <SourceModifiedDate format="yyyy-MM-dd hh:mm:ss">2000-10-01 11:12:32</SourceModifiedDate>  
      <SourceModifiedBy>UnitTest</SourceModifiedBy> 
    </ProviderLanguage> 
  </Languages>  
  <Specialities> 
    <ProviderSpeciality> 
      <OmniStatus>A</OmniStatus>  
      <OmniStatusReason>Active</OmniStatusReason>  
      <SourceName>TestSystem</SourceName>  
      <SourceInstanceId>ProviderSpeciality:1427471513065</SourceInstanceId>  
      <SourceInstanceIdName>SID Name</SourceInstanceIdName>  
      <SpecialityType sourceCodeSet="ProviderSpecialityTypeCodes" sourceCode="Cardiology">Cardiology</SpecialityType>  
      <SpecialityClassification sourceCodeSet="HealthcareProviderClassificationCodes" sourceCode="Cardiology">Cardiology</SpecialityClassification>  
      <StartDate format="yyyy-MM-dd">2000-01-01</StartDate>  
      <EndDate format="yyyy-MM-dd">2000-01-01</EndDate>  
      <PracticingSpecialities> 
        <ProviderPracticeSpeciality> 
          <OmniStatus>A</OmniStatus>  
          <OmniStatusReason>Active</OmniStatusReason>  
          <SourceName>TestSystem</SourceName>  
          <SourceInstanceId>ProviderPracticeSpeciality:1427471513069</SourceInstanceId>  
          <SourceInstanceIdName>SID Name</SourceInstanceIdName>  
          <Specialization sourceCodeSet="ProviderSpecialityCodes" sourceCode="CV">Valve Replacement</Specialization>  
          <SpecializationDescription>Provider has very good outcomes for Heart Valve Replacements.</SpecializationDescription>  
          <StartDate format="yyyy-MM-dd">2000-01-01</StartDate>  
          <EndDate format="yyyy-MM-dd">2000-01-01</EndDate>  
          <Facility> 
            <Facility> 
              <SourceName>TestSystem</SourceName>  
              <SourceInstanceId>HospitalA</SourceInstanceId> 
            </Facility> 
          </Facility>  
          <EmploymentStatus sourceCodeSet="EmploymentStatusCodes" sourceCode="FT">Full Time</EmploymentStatus>  
          <OrganizationUnit sourceCodeSet="OrganizationUnitCodes" sourceCode="AC">Acute Care</OrganizationUnit>  
          <PrimaryOrganizationIndicator sourceCodeSet="YesNoCodes" sourceCode="N">No</PrimaryOrganizationIndicator>  
          <BoardApprovalIndicator sourceCodeSet="YesNoCodes" sourceCode="Y">Yes</BoardApprovalIndicator>  
          <PrimaryCareIndicator sourceCodeSet="YesNoCodes" sourceCode="Y">Yes</PrimaryCareIndicator>  
          <AcceptingNewPatients sourceCodeSet="YesNoCodes" sourceCode="Y">Yes</AcceptingNewPatients>  
          <AcceptingWalkIns sourceCodeSet="YesNoCodes" sourceCode="Y">Yes</AcceptingWalkIns>  
          <SupervisingProvider sourceCodeSet="YesNoCodes" sourceCode="Y">Yes</SupervisingProvider>  
          <SupervisionRequired sourceCodeSet="YesNoCodes" sourceCode="Y">Yes</SupervisionRequired>  
          <ExtendedAttributes> 
            <ExtendedAttribute> 
              <SourceName>TestSystem</SourceName>  
              <SourceInstanceId>ExtendedAttribute:1427471513073</SourceInstanceId>  
              <Name>SampleExtendedAttribute</Name>  
              <Type>string</Type>  
              <Format/>  
              <Value>Sample Value</Value>  
              <SourceCreatedDate format="yyyy-MM-dd hh:mm:ss">2000-01-01 10:12:32</SourceCreatedDate>  
              <SourceCreatedBy>SourceCreatedBy</SourceCreatedBy>  
              <SourceModifiedDate format="yyyy-MM-dd">2013-01-01</SourceModifiedDate>  
              <SourceModifiedBy>SourceModifiedBy</SourceModifiedBy> 
            </ExtendedAttribute> 
          </ExtendedAttributes>  
          <SourceStatusCode sourceName="TestSystem" codeSet="SourceStatusCodes">A</SourceStatusCode>  
          <SourceCreatedDate format="yyyy-MM-dd hh:mm:ss">2000-01-01 10:12:32</SourceCreatedDate>  
          <SourceCreatedBy>UnitTest</SourceCreatedBy>  
          <SourceModifiedDate format="yyyy-MM-dd hh:mm:ss">2000-10-01 11:12:32</SourceModifiedDate>  
          <SourceModifiedBy>UnitTest</SourceModifiedBy> 
        </ProviderPracticeSpeciality> 
      </PracticingSpecialities>  
      <ExtendedAttributes> 
        <ExtendedAttribute> 
          <SourceName>TestSystem</SourceName>  
          <SourceInstanceId>ExtendedAttribute:1427471513076</SourceInstanceId>  
          <Name>SampleExtendedAttribute</Name>  
          <Type>string</Type>  
          <Format/>  
          <Value>Sample Value</Value>  
          <SourceCreatedDate format="yyyy-MM-dd hh:mm:ss">2000-01-01 10:12:32</SourceCreatedDate>  
          <SourceCreatedBy>SourceCreatedBy</SourceCreatedBy>  
          <SourceModifiedDate format="yyyy-MM-dd">2013-01-01</SourceModifiedDate>  
          <SourceModifiedBy>SourceModifiedBy</SourceModifiedBy> 
        </ExtendedAttribute> 
      </ExtendedAttributes>  
      <SourceStatusCode sourceName="TestSystem" codeSet="SourceStatusCodes">A</SourceStatusCode>  
      <SourceCreatedDate format="yyyy-MM-dd hh:mm:ss">2000-01-01 10:12:32</SourceCreatedDate>  
      <SourceCreatedBy>UnitTest</SourceCreatedBy>  
      <SourceModifiedDate format="yyyy-MM-dd hh:mm:ss">2000-10-01 11:12:32</SourceModifiedDate>  
      <SourceModifiedBy>UnitTest</SourceModifiedBy> 
    </ProviderSpeciality> 
  </Specialities>  
  <Licenses> 
    <ProviderLicense> 
      <OmniStatus>A</OmniStatus>  
      <OmniStatusReason>Active</OmniStatusReason>  
      <SourceName>TestSystem</SourceName>  
      <SourceInstanceId>ProviderLicense:1427471513082</SourceInstanceId>  
      <SourceInstanceIdName>SID Name</SourceInstanceIdName>  
      <LicenseType sourceCodeSet="LicenseTypeCodes" sourceCode="MTIA">Medical Training License I(A)</LicenseType>  
      <LicenseNumber>AC30008</LicenseNumber>  
      <IssuedDate format="yyyy-MM-dd">2000-01-01</IssuedDate>  
      <ExpirationDate format="yyyy-MM-dd">2020-01-01</ExpirationDate>  
      <RenewalDate format="yyyy-MM-dd">2015-01-01</RenewalDate>  
      <LicensingAuthority> 
        <Organization> 
          <SourceName>TestSystem</SourceName>  
          <SourceInstanceId>LicensingOrganization</SourceInstanceId> 
        </Organization> 
      </LicensingAuthority>  
      <PracticingLicenses> 
        <ProviderPracticeLicense> 
          <OmniStatus>A</OmniStatus>  
          <OmniStatusReason>Active</OmniStatusReason>  
          <SourceName>TestSystem</SourceName>  
          <SourceInstanceId>ProviderPracticeLicense:1427471513087</SourceInstanceId>  
          <SourceInstanceIdName>SID Name</SourceInstanceIdName>  
          <LicenseType sourceCodeSet="LicenseTypeCodes" sourceCode="MTIA">Medical Training License I(A)</LicenseType>  
          <StartDate format="yyyy-MM-dd">2000-01-01</StartDate>  
          <EndDate format="yyyy-MM-dd">2020-01-01</EndDate>  
          <VerificationStatus sourceCodeSet="VerificationStatusCodes" sourceCode="V">Verified</VerificationStatus>  
          <VerificationMethod sourceCodeSet="VerificationMethodCodes" sourceCode="M">Manual Verification</VerificationMethod>  
          <VerifiedBy>HH1234567</VerifiedBy>  
          <VerifiedDate format="yyyy-MM-dd">2013-01-01</VerifiedDate>  
          <VerificationComment>Reviewed records and all appears to be in order.</VerificationComment>  
          <Facility> 
            <Facility> 
              <SourceName>TestSystem</SourceName>  
              <SourceInstanceId>HospitalA</SourceInstanceId> 
            </Facility> 
          </Facility>  
          <CredentialStatus sourceCodeSet="CredentialStatusCodes" sourceCode="A">Active</CredentialStatus>  
          <LicenseMonitoring> 
            <ProviderLicenseMonitor> 
              <OmniStatus>A</OmniStatus>  
              <OmniStatusReason>Active</OmniStatusReason>  
              <SourceName>TestSystem</SourceName>  
              <SourceInstanceId>ProviderLicenseMonitor:1427471513092</SourceInstanceId>  
              <SourceInstanceIdName>SID Name</SourceInstanceIdName>  
              <MonitoringDate format="yyyy-MM-dd hh:mm">2013-01-01 02:30</MonitoringDate>  
              <MonitoringOutcome sourceCodeSet="LicenseMonitoringOutcomeCodes" sourceCode="P">Passed</MonitoringOutcome>  
              <Severity sourceCodeSet="LicenseMonitoringSeverityCodes" sourceCode="L">Low</Severity>  
              <OutcomeDescription>Everything went fine.</OutcomeDescription>  
              <ExtendedAttributes> 
                <ExtendedAttribute> 
                  <SourceName>TestSystem</SourceName>  
                  <SourceInstanceId>ExtendedAttribute:1427471513095</SourceInstanceId>  
                  <Name>SampleExtendedAttribute</Name>  
                  <Type>string</Type>  
                  <Format/>  
                  <Value>Sample Value</Value>  
                  <SourceCreatedDate format="yyyy-MM-dd hh:mm:ss">2000-01-01 10:12:32</SourceCreatedDate>  
                  <SourceCreatedBy>SourceCreatedBy</SourceCreatedBy>  
                  <SourceModifiedDate format="yyyy-MM-dd">2013-01-01</SourceModifiedDate>  
                  <SourceModifiedBy>SourceModifiedBy</SourceModifiedBy> 
                </ExtendedAttribute> 
              </ExtendedAttributes>  
              <SourceStatusCode sourceName="TestSystem" codeSet="SourceStatusCodes">A</SourceStatusCode>  
              <SourceCreatedDate format="yyyy-MM-dd hh:mm:ss">2000-01-01 10:12:32</SourceCreatedDate>  
              <SourceCreatedBy>UnitTest</SourceCreatedBy>  
              <SourceModifiedDate format="yyyy-MM-dd hh:mm:ss">2000-10-01 11:12:32</SourceModifiedDate>  
              <SourceModifiedBy>UnitTest</SourceModifiedBy> 
            </ProviderLicenseMonitor> 
          </LicenseMonitoring>  
          <ExtendedAttributes> 
            <ExtendedAttribute> 
              <SourceName>TestSystem</SourceName>  
              <SourceInstanceId>ExtendedAttribute:1427471513099</SourceInstanceId>  
              <Name>SampleExtendedAttribute</Name>  
              <Type>string</Type>  
              <Format/>  
              <Value>Sample Value</Value>  
              <SourceCreatedDate format="yyyy-MM-dd hh:mm:ss">2000-01-01 10:12:32</SourceCreatedDate>  
              <SourceCreatedBy>SourceCreatedBy</SourceCreatedBy>  
              <SourceModifiedDate format="yyyy-MM-dd">2013-01-01</SourceModifiedDate>  
              <SourceModifiedBy>SourceModifiedBy</SourceModifiedBy> 
            </ExtendedAttribute> 
          </ExtendedAttributes>  
          <SourceStatusCode sourceName="TestSystem" codeSet="SourceStatusCodes">A</SourceStatusCode>  
          <SourceCreatedDate format="yyyy-MM-dd hh:mm:ss">2000-01-01 10:12:32</SourceCreatedDate>  
          <SourceCreatedBy>UnitTest</SourceCreatedBy>  
          <SourceModifiedDate format="yyyy-MM-dd hh:mm:ss">2000-10-01 11:12:32</SourceModifiedDate>  
          <SourceModifiedBy>UnitTest</SourceModifiedBy> 
        </ProviderPracticeLicense> 
      </PracticingLicenses>  
      <ExtendedAttributes> 
        <ExtendedAttribute> 
          <SourceName>TestSystem</SourceName>  
          <SourceInstanceId>ExtendedAttribute:1427471513103</SourceInstanceId>  
          <Name>SampleExtendedAttribute</Name>  
          <Type>string</Type>  
          <Format/>  
          <Value>Sample Value</Value>  
          <SourceCreatedDate format="yyyy-MM-dd hh:mm:ss">2000-01-01 10:12:32</SourceCreatedDate>  
          <SourceCreatedBy>SourceCreatedBy</SourceCreatedBy>  
          <SourceModifiedDate format="yyyy-MM-dd">2013-01-01</SourceModifiedDate>  
          <SourceModifiedBy>SourceModifiedBy</SourceModifiedBy> 
        </ExtendedAttribute> 
      </ExtendedAttributes>  
      <SourceStatusCode sourceName="TestSystem" codeSet="SourceStatusCodes">A</SourceStatusCode>  
      <SourceCreatedDate format="yyyy-MM-dd hh:mm:ss">2000-01-01 10:12:32</SourceCreatedDate>  
      <SourceCreatedBy>UnitTest</SourceCreatedBy>  
      <SourceModifiedDate format="yyyy-MM-dd hh:mm:ss">2000-10-01 11:12:32</SourceModifiedDate>  
      <SourceModifiedBy>UnitTest</SourceModifiedBy> 
    </ProviderLicense> 
  </Licenses>  
  <Certifications> 
    <ProviderCertification> 
      <OmniStatus>A</OmniStatus>  
      <OmniStatusReason>Active</OmniStatusReason>  
      <SourceName>TestSystem</SourceName>  
      <SourceInstanceId>ProviderCertification:1427471513108</SourceInstanceId>  
      <SourceInstanceIdName>SID Name</SourceInstanceIdName>  
      <CertificationType sourceCodeSet="CertificationTypeCodes" sourceCode="EMT">Emergency Medical Technician</CertificationType>  
      <Subject>Medical Certification for EMT</Subject>  
      <GrantingInformation> 
        <Authority> 
          <Organization> 
            <SourceName>TestSystem</SourceName>  
            <SourceInstanceId>GrantingAuthorityId</SourceInstanceId> 
          </Organization> 
        </Authority>  
        <Date format="yyyy-MM-dd">2000-01-01</Date>  
        <Country sourceCodeSet="CountryCodes" sourceCode="USA">United States</Country>  
        <StateProvince sourceCodeSet="StateCodes" sourceCode="NY">New York</StateProvince>  
        <CountyRegion sourceCodeSet="CountyCodes" sourceCode="LIV">Livingston County</CountyRegion> 
      </GrantingInformation>  
      <SerialNumber>123-YREF-8975678</SerialNumber>  
      <Jurisdiction> 
        <Country sourceCodeSet="CountryCodes" sourceCode="USA">United States</Country>  
        <StateProvince sourceCodeSet="StateCodes" sourceCode="NY">New York</StateProvince>  
        <CountyRegion sourceCodeSet="CountyCodes" sourceCode="LIV">Livingston County</CountyRegion>  
        <Breadth sourceCodeSet="JurisdictionBreadthCodes" sourceCode="S">State/Province</Breadth> 
      </Jurisdiction>  
      <ActiveDate format="yyyy-MM-dd">2000-01-01</ActiveDate>  
      <InactiveDate format="yyyy-MM-dd">2000-01-01</InactiveDate>  
      <ExpirationDate format="yyyy-MM-dd">2000-01-01</ExpirationDate>  
      <RenewalDate format="yyyy-MM-dd">2017-01-01</RenewalDate>  
      <RevocationDate format="yyyy-MM-dd">2010-01-01</RevocationDate>  
      <RevocationReason>Insurance Fraud</RevocationReason>  
      <ExtendedAttributes> 
        <ExtendedAttribute> 
          <SourceName>TestSystem</SourceName>  
          <SourceInstanceId>ExtendedAttribute:1427471513115</SourceInstanceId>  
          <Name>SampleExtendedAttribute</Name>  
          <Type>string</Type>  
          <Format/>  
          <Value>Sample Value</Value>  
          <SourceCreatedDate format="yyyy-MM-dd hh:mm:ss">2000-01-01 10:12:32</SourceCreatedDate>  
          <SourceCreatedBy>SourceCreatedBy</SourceCreatedBy>  
          <SourceModifiedDate format="yyyy-MM-dd">2013-01-01</SourceModifiedDate>  
          <SourceModifiedBy>SourceModifiedBy</SourceModifiedBy> 
        </ExtendedAttribute> 
      </ExtendedAttributes>  
      <SourceStatusCode sourceName="TestSystem" codeSet="SourceStatusCodes">A</SourceStatusCode>  
      <SourceCreatedDate format="yyyy-MM-dd hh:mm:ss">2000-01-01 10:12:32</SourceCreatedDate>  
      <SourceCreatedBy>UnitTest</SourceCreatedBy>  
      <SourceModifiedDate format="yyyy-MM-dd hh:mm:ss">2000-10-01 11:12:32</SourceModifiedDate>  
      <SourceModifiedBy>UnitTest</SourceModifiedBy> 
    </ProviderCertification> 
  </Certifications>  
  <Privileges> 
    <ProviderPrivilege> 
      <OmniStatus>A</OmniStatus>  
      <OmniStatusReason>Active</OmniStatusReason>  
      <SourceName>TestSystem</SourceName>  
      <SourceInstanceId>ProviderPrivilege:1427471513119</SourceInstanceId>  
      <SourceInstanceIdName>SID Name</SourceInstanceIdName>  
      <Privilege sourceCodeSet="PrivilegeCodes" sourceCode="A">Admitting</Privilege>  
      <OutpatientOrderingProvider sourceCodeSet="YesNoCodes" sourceCode="N">No</OutpatientOrderingProvider>  
      <StartDate format="yyyy-MM-dd">2000-01-01</StartDate>  
      <EndDate format="yyyy-MM-dd">2000-01-01</EndDate>  
      <RevokedDate format="yyyy-MM-dd">2013-01-01</RevokedDate>  
      <Comment>May want to review this.</Comment>  
      <Facility> 
        <Facility> 
          <SourceName>TestSystem</SourceName>  
          <SourceInstanceId>HospitalA</SourceInstanceId> 
        </Facility> 
      </Facility>  
      <Assignments> 
        <ProviderAssignment> 
          <OmniStatus>A</OmniStatus>  
          <OmniStatusReason>Active</OmniStatusReason>  
          <SourceName>TestSystem</SourceName>  
          <SourceInstanceId>ProviderAssignment:1427471513124</SourceInstanceId>  
          <SourceInstanceIdName>SID Name</SourceInstanceIdName>  
          <AssignmentType sourceCodeSet="AssignmentTypeCodes" sourceCode="ER">Emergency Triage</AssignmentType>  
          <StartDate format="yyyy-MM-dd">2000-01-01</StartDate>  
          <EndDate format="yyyy-MM-dd">2000-01-01</EndDate>  
          <AssignmentStatus sourceCodeSet="AssignmentStatusCodes" sourceCode="A">Active</AssignmentStatus>  
          <AssignmentStatusDate format="yyyy-MM-dd">2000-01-01</AssignmentStatusDate>  
          <MedicalGroup>MEDGRP1</MedicalGroup>  
          <PrimarySpeciality sourceCodeSet="ProviderSpecialityCodes" sourceCode="Cardiology">Cardiology</PrimarySpeciality>  
          <TerminationDate format="yyyy-MM-dd">2000-01-01</TerminationDate>  
          <TerminationReason sourceCodeSet="TerminationReasonCodes" sourceCode="Unrealiable">Unrealiable</TerminationReason>  
          <AllowedToSeePatients sourceCodeSet="YesNoCodes" sourceCode="Y">Yes</AllowedToSeePatients>  
          <WorkHours>M-F 8:00-5:00</WorkHours>  
          <AcceptingPatients sourceCodeSet="YesNoCodes" sourceCode="Y">Yes</AcceptingPatients>  
          <PointOfService> 
            <FacilityLocation> 
              <SourceName>TestSystem</SourceName>  
              <SourceInstanceId>HospitalLocationA</SourceInstanceId> 
            </FacilityLocation> 
          </PointOfService>  
          <ExtendedAttributes> 
            <ExtendedAttribute> 
              <SourceName>TestSystem</SourceName>  
              <SourceInstanceId>ExtendedAttribute:1427471513129</SourceInstanceId>  
              <Name>SampleExtendedAttribute</Name>  
              <Type>string</Type>  
              <Format/>  
              <Value>Sample Value</Value>  
              <SourceCreatedDate format="yyyy-MM-dd hh:mm:ss">2000-01-01 10:12:32</SourceCreatedDate>  
              <SourceCreatedBy>SourceCreatedBy</SourceCreatedBy>  
              <SourceModifiedDate format="yyyy-MM-dd">2013-01-01</SourceModifiedDate>  
              <SourceModifiedBy>SourceModifiedBy</SourceModifiedBy> 
            </ExtendedAttribute> 
          </ExtendedAttributes>  
          <SourceStatusCode sourceName="TestSystem" codeSet="SourceStatusCodes">A</SourceStatusCode>  
          <SourceCreatedDate format="yyyy-MM-dd hh:mm:ss">2000-01-01 10:12:32</SourceCreatedDate>  
          <SourceCreatedBy>UnitTest</SourceCreatedBy>  
          <SourceModifiedDate format="yyyy-MM-dd hh:mm:ss">2000-10-01 11:12:32</SourceModifiedDate>  
          <SourceModifiedBy>UnitTest</SourceModifiedBy> 
        </ProviderAssignment> 
      </Assignments>  
      <ExtendedAttributes> 
        <ExtendedAttribute> 
          <SourceName>TestSystem</SourceName>  
          <SourceInstanceId>ExtendedAttribute:1427471513224</SourceInstanceId>  
          <Name>SampleExtendedAttribute</Name>  
          <Type>string</Type>  
          <Format/>  
          <Value>Sample Value</Value>  
          <SourceCreatedDate format="yyyy-MM-dd hh:mm:ss">2000-01-01 10:12:32</SourceCreatedDate>  
          <SourceCreatedBy>SourceCreatedBy</SourceCreatedBy>  
          <SourceModifiedDate format="yyyy-MM-dd">2013-01-01</SourceModifiedDate>  
          <SourceModifiedBy>SourceModifiedBy</SourceModifiedBy> 
        </ExtendedAttribute> 
      </ExtendedAttributes>  
      <SourceStatusCode sourceName="TestSystem" codeSet="SourceStatusCodes">A</SourceStatusCode>  
      <SourceCreatedDate format="yyyy-MM-dd hh:mm:ss">2000-01-01 10:12:32</SourceCreatedDate>  
      <SourceCreatedBy>UnitTest</SourceCreatedBy>  
      <SourceModifiedDate format="yyyy-MM-dd hh:mm:ss">2000-10-01 11:12:32</SourceModifiedDate>  
      <SourceModifiedBy>UnitTest</SourceModifiedBy> 
    </ProviderPrivilege> 
  </Privileges>  
  <Credentials> 
    <ProviderCredential> 
      <OmniStatus>A</OmniStatus>  
      <OmniStatusReason>Active</OmniStatusReason>  
      <SourceName>TestSystem</SourceName>  
      <SourceInstanceId>ProviderCredential:1427471513230</SourceInstanceId>  
      <SourceInstanceIdName>SID Name</SourceInstanceIdName>  
      <Credential>CRED09876345-A</Credential>  
      <CredentialingAuthority> 
        <Organization version="1.1.7"> 
          <OmniStatus>A</OmniStatus>  
          <OmniStatusReason>Active</OmniStatusReason>  
          <SourceName>TestSystem</SourceName>  
          <SourceInstanceId>TestOrganization</SourceInstanceId>  
          <SourceInstanceIdName>SID Name</SourceInstanceIdName>  
          <PreMergeSurvivor> 
            <Organization> 
              <SourceName>TestSystem</SourceName>  
              <SourceInstanceId>TestSystem:OrganizationSurvivor</SourceInstanceId> 
            </Organization> 
          </PreMergeSurvivor>  
          <OrganizationType sourceCodeSet="OrganizationTypeCodes" sourceCode="Insurance">Insurance Company</OrganizationType>  
          <Names> 
            <OrganizationName> 
              <OmniStatus>A</OmniStatus>  
              <OmniStatusReason>Active</OmniStatusReason>  
              <SourceName>TestSystem</SourceName>  
              <SourceInstanceId>OrganizationName:1427471513235</SourceInstanceId>  
              <SourceInstanceIdName>SID Name</SourceInstanceIdName>  
              <Type sourceCodeSet="OrgNameTypeCodes" sourceCode="D">Display Name</Type>  
              <StartDate format="yyyy-MM-dd">1965-02-21</StartDate>  
              <EndDate format="yyyy-MM-dd">2050-01-01</EndDate>  
              <FullName>Medical Supply Company, Inc.</FullName>  
              <ExtendedAttributes> 
                <ExtendedAttribute> 
                  <SourceName>TestSystem</SourceName>  
                  <SourceInstanceId>ExtendedAttribute:1427471513236</SourceInstanceId>  
                  <Name>SampleExtendedAttribute</Name>  
                  <Type>string</Type>  
                  <Format/>  
                  <Value>Sample Value</Value>  
                  <SourceCreatedDate format="yyyy-MM-dd hh:mm:ss">2000-01-01 10:12:32</SourceCreatedDate>  
                  <SourceCreatedBy>SourceCreatedBy</SourceCreatedBy>  
                  <SourceModifiedDate format="yyyy-MM-dd">2013-01-01</SourceModifiedDate>  
                  <SourceModifiedBy>SourceModifiedBy</SourceModifiedBy> 
                </ExtendedAttribute> 
              </ExtendedAttributes>  
              <SourceStatusCode sourceName="TestSystem" codeSet="SourceStatusCodes">A</SourceStatusCode>  
              <SourceCreatedDate format="yyyy-MM-dd hh:mm:ss">2000-01-01 10:12:32</SourceCreatedDate>  
              <SourceCreatedBy>UnitTest</SourceCreatedBy>  
              <SourceModifiedDate format="yyyy-MM-dd hh:mm:ss">2000-10-01 11:12:32</SourceModifiedDate>  
              <SourceModifiedBy>UnitTest</SourceModifiedBy> 
            </OrganizationName> 
          </Names>  
          <Addresses> 
            <OrganizationAddress> 
              <OmniStatus>A</OmniStatus>  
              <OmniStatusReason>Active</OmniStatusReason>  
              <SourceName>TestSystem</SourceName>  
              <SourceInstanceId>OrganizationAddress:1427471513240</SourceInstanceId>  
              <SourceInstanceIdName>SID Name</SourceInstanceIdName>  
              <Type sourceCodeSet="AddressTypeCodes" sourceCode="B">Business Address</Type>  
              <StartDate format="yyyy-MM-dd">2000-01-01</StartDate>  
              <EndDate format="yyyy-MM-dd">2000-01-01</EndDate>  
              <AddressLine1>4000 East Ave</AddressLine1>  
              <AddressLine2>Suite 555</AddressLine2>  
              <AddressLine3>ATTN: Jane Smith</AddressLine3>  
              <AddressLine4>Fragile</AddressLine4>  
              <City>Livonia</City>  
              <StateProvince sourceCodeSet="StateCodes" sourceCode="NY">New York</StateProvince>  
              <PostalCode>14488</PostalCode>  
              <Country sourceCodeSet="CountryCodes" sourceCode="USA">United States</Country>  
              <CountyRegion sourceCodeSet="CountyRegionCodes" sourceCode="LIV">Livingston</CountyRegion>  
              <UsageComment>Do not ring bell</UsageComment>  
              <ExtendedAttributes> 
                <ExtendedAttribute> 
                  <SourceName>TestSystem</SourceName>  
                  <SourceInstanceId>ExtendedAttribute:1427471513243</SourceInstanceId>  
                  <Name>SampleExtendedAttribute</Name>  
                  <Type>string</Type>  
                  <Format/>  
                  <Value>Sample Value</Value>  
                  <SourceCreatedDate format="yyyy-MM-dd hh:mm:ss">2000-01-01 10:12:32</SourceCreatedDate>  
                  <SourceCreatedBy>SourceCreatedBy</SourceCreatedBy>  
                  <SourceModifiedDate format="yyyy-MM-dd">2013-01-01</SourceModifiedDate>  
                  <SourceModifiedBy>SourceModifiedBy</SourceModifiedBy> 
                </ExtendedAttribute> 
              </ExtendedAttributes>  
              <SourceStatusCode sourceName="TestSystem" codeSet="SourceStatusCodes">A</SourceStatusCode>  
              <SourceCreatedDate format="yyyy-MM-dd hh:mm:ss">2000-01-01 10:12:32</SourceCreatedDate>  
              <SourceCreatedBy>UnitTest</SourceCreatedBy>  
              <SourceModifiedDate format="yyyy-MM-dd hh:mm:ss">2000-10-01 11:12:32</SourceModifiedDate>  
              <SourceModifiedBy>UnitTest</SourceModifiedBy> 
            </OrganizationAddress> 
          </Addresses>  
          <Identifiers> 
            <OrganizationIdentifier> 
              <OmniStatus>A</OmniStatus>  
              <OmniStatusReason>Active</OmniStatusReason>  
              <SourceName>TestSystem</SourceName>  
              <SourceInstanceId>OrganizationIdentifier:1427471513246</SourceInstanceId>  
              <SourceInstanceIdName>SID Name</SourceInstanceIdName>  
              <Type sourceCodeSet="OrganizationIdentifierCodes" sourceCode="CC">Cost Center Number</Type>  
              <StartDate format="yyyy-MM-dd">2000-01-01</StartDate>  
              <EndDate format="yyyy-MM-dd">2000-01-01</EndDate>  
              <Value>12345678</Value>  
              <IssuingAuthority> 
                <Organization> 
                  <SourceName>TestSystem</SourceName>  
                  <SourceInstanceId>OrganizationA</SourceInstanceId> 
                </Organization> 
              </IssuingAuthority>  
              <Comment>Comment about identifier.</Comment>  
              <ExtendedAttributes> 
                <ExtendedAttribute> 
                  <SourceName>TestSystem</SourceName>  
                  <SourceInstanceId>ExtendedAttribute:1427471513250</SourceInstanceId>  
                  <Name>SampleExtendedAttribute</Name>  
                  <Type>string</Type>  
                  <Format/>  
                  <Value>Sample Value</Value>  
                  <SourceCreatedDate format="yyyy-MM-dd hh:mm:ss">2000-01-01 10:12:32</SourceCreatedDate>  
                  <SourceCreatedBy>SourceCreatedBy</SourceCreatedBy>  
                  <SourceModifiedDate format="yyyy-MM-dd">2013-01-01</SourceModifiedDate>  
                  <SourceModifiedBy>SourceModifiedBy</SourceModifiedBy> 
                </ExtendedAttribute> 
              </ExtendedAttributes>  
              <SourceStatusCode sourceName="TestSystem" codeSet="SourceStatusCodes">A</SourceStatusCode>  
              <SourceCreatedDate format="yyyy-MM-dd hh:mm:ss">2000-01-01 10:12:32</SourceCreatedDate>  
              <SourceCreatedBy>UnitTest</SourceCreatedBy>  
              <SourceModifiedDate format="yyyy-MM-dd hh:mm:ss">2000-10-01 11:12:32</SourceModifiedDate>  
              <SourceModifiedBy>UnitTest</SourceModifiedBy> 
            </OrganizationIdentifier> 
          </Identifiers>  
          <ContactMethods> 
            <OrganizationContactMethod> 
              <OmniStatus>A</OmniStatus>  
              <OmniStatusReason>Active</OmniStatusReason>  
              <SourceName>TestSystem</SourceName>  
              <SourceInstanceId>OrganizationContactMethod:1427471513253</SourceInstanceId>  
              <SourceInstanceIdName>SID Name</SourceInstanceIdName>  
              <Type sourceName="OMNI" sourceCodeSet="0185" sourceCode="F"/>  
              <StartDate format="yyyy-MM-dd">2000-01-01</StartDate>  
              <EndDate format="yyyy-MM-dd">2050-01-01</EndDate>  
              <Value>(222) 234-6879 x9808</Value>  
              <UsageComment>No calls after 5pm</UsageComment>  
              <ExtendedAttributes> 
                <ExtendedAttribute> 
                  <SourceName>TestSystem</SourceName>  
                  <SourceInstanceId>ExtendedAttribute:1427471513255</SourceInstanceId>  
                  <Name>SampleExtendedAttribute</Name>  
                  <Type>string</Type>  
                  <Format/>  
                  <Value>Sample Value</Value>  
                  <SourceCreatedDate format="yyyy-MM-dd hh:mm:ss">2000-01-01 10:12:32</SourceCreatedDate>  
                  <SourceCreatedBy>SourceCreatedBy</SourceCreatedBy>  
                  <SourceModifiedDate format="yyyy-MM-dd">2013-01-01</SourceModifiedDate>  
                  <SourceModifiedBy>SourceModifiedBy</SourceModifiedBy> 
                </ExtendedAttribute> 
              </ExtendedAttributes>  
              <SourceStatusCode sourceName="TestSystem" codeSet="SourceStatusCodes">A</SourceStatusCode>  
              <SourceCreatedDate format="yyyy-MM-dd hh:mm:ss">2000-01-01 10:12:32</SourceCreatedDate>  
              <SourceCreatedBy>UnitTest</SourceCreatedBy>  
              <SourceModifiedDate format="yyyy-MM-dd hh:mm:ss">2000-10-01 11:12:32</SourceModifiedDate>  
              <SourceModifiedBy>UnitTest</SourceModifiedBy> 
            </OrganizationContactMethod> 
          </ContactMethods>  
          <Relations> 
            <OrganizationRelation> 
              <OmniStatus>A</OmniStatus>  
              <OmniStatusReason>Active</OmniStatusReason>  
              <SourceName>TestSystem</SourceName>  
              <SourceInstanceId>OrganizationRelation:1427471513259</SourceInstanceId>  
              <SourceInstanceIdName>SID Name</SourceInstanceIdName>  
              <Type sourceCodeSet="OrganizationRelationCodes" sourceCode="Owner">Company Owner</Type>  
              <StartDate format="yyyy-MM-dd">2000-01-01</StartDate>  
              <EndDate format="yyyy-MM-dd">2000-01-01</EndDate>  
              <Relation> 
                <Person> 
                  <SourceName>UnitTest</SourceName>  
                  <SourceInstanceId>BusinessOwner</SourceInstanceId> 
                </Person> 
              </Relation>  
              <ExtendedAttributes> 
                <ExtendedAttribute> 
                  <SourceName>TestSystem</SourceName>  
                  <SourceInstanceId>ExtendedAttribute:1427471513262</SourceInstanceId>  
                  <Name>SampleExtendedAttribute</Name>  
                  <Type>string</Type>  
                  <Format/>  
                  <Value>Sample Value</Value>  
                  <SourceCreatedDate format="yyyy-MM-dd hh:mm:ss">2000-01-01 10:12:32</SourceCreatedDate>  
                  <SourceCreatedBy>SourceCreatedBy</SourceCreatedBy>  
                  <SourceModifiedDate format="yyyy-MM-dd">2013-01-01</SourceModifiedDate>  
                  <SourceModifiedBy>SourceModifiedBy</SourceModifiedBy> 
                </ExtendedAttribute> 
              </ExtendedAttributes>  
              <SourceStatusCode sourceName="TestSystem" codeSet="SourceStatusCodes">A</SourceStatusCode>  
              <SourceCreatedDate format="yyyy-MM-dd hh:mm:ss">2000-01-01 10:12:32</SourceCreatedDate>  
              <SourceCreatedBy>UnitTest</SourceCreatedBy>  
              <SourceModifiedDate format="yyyy-MM-dd hh:mm:ss">2000-10-01 11:12:32</SourceModifiedDate>  
              <SourceModifiedBy>UnitTest</SourceModifiedBy> 
            </OrganizationRelation> 
          </Relations>  
          <ExtendedAttributes> 
            <ExtendedAttribute> 
              <SourceName>TestSystem</SourceName>  
              <SourceInstanceId>ExtendedAttribute:1427471513265</SourceInstanceId>  
              <Name>SampleExtendedAttribute</Name>  
              <Type>string</Type>  
              <Format/>  
              <Value>Sample Value</Value>  
              <SourceCreatedDate format="yyyy-MM-dd hh:mm:ss">2000-01-01 10:12:32</SourceCreatedDate>  
              <SourceCreatedBy>SourceCreatedBy</SourceCreatedBy>  
              <SourceModifiedDate format="yyyy-MM-dd">2013-01-01</SourceModifiedDate>  
              <SourceModifiedBy>SourceModifiedBy</SourceModifiedBy> 
            </ExtendedAttribute> 
          </ExtendedAttributes>  
          <SourceStatusCode sourceName="TestSystem" codeSet="SourceStatusCodes">A</SourceStatusCode>  
          <SourceCreatedDate format="yyyy-MM-dd hh:mm:ss">2000-01-01 10:12:32</SourceCreatedDate>  
          <SourceCreatedBy>UnitTest</SourceCreatedBy>  
          <SourceModifiedDate format="yyyy-MM-dd hh:mm:ss">2000-10-01 11:12:32</SourceModifiedDate>  
          <SourceModifiedBy>UnitTest</SourceModifiedBy> 
        </Organization> 
      </CredentialingAuthority>  
      <Facility> 
        <Facility> 
          <SourceName>TestSystem</SourceName>  
          <SourceInstanceId>HospitalA</SourceInstanceId> 
        </Facility> 
      </Facility>  
      <ExtendedAttributes> 
        <ExtendedAttribute> 
          <SourceName>TestSystem</SourceName>  
          <SourceInstanceId>ExtendedAttribute:1427471513270</SourceInstanceId>  
          <Name>SampleExtendedAttribute</Name>  
          <Type>string</Type>  
          <Format/>  
          <Value>Sample Value</Value>  
          <SourceCreatedDate format="yyyy-MM-dd hh:mm:ss">2000-01-01 10:12:32</SourceCreatedDate>  
          <SourceCreatedBy>SourceCreatedBy</SourceCreatedBy>  
          <SourceModifiedDate format="yyyy-MM-dd">2013-01-01</SourceModifiedDate>  
          <SourceModifiedBy>SourceModifiedBy</SourceModifiedBy> 
        </ExtendedAttribute> 
      </ExtendedAttributes>  
      <SourceStatusCode sourceName="TestSystem" codeSet="SourceStatusCodes">A</SourceStatusCode>  
      <SourceCreatedDate format="yyyy-MM-dd hh:mm:ss">2000-01-01 10:12:32</SourceCreatedDate>  
      <SourceCreatedBy>UnitTest</SourceCreatedBy>  
      <SourceModifiedDate format="yyyy-MM-dd hh:mm:ss">2000-10-01 11:12:32</SourceModifiedDate>  
      <SourceModifiedBy>UnitTest</SourceModifiedBy> 
    </ProviderCredential> 
  </Credentials>  
  <Overrides> 
    <ProviderManualOverride> 
      <OmniStatus>A</OmniStatus>  
      <OmniStatusReason>Active</OmniStatusReason>  
      <SourceName>TestSystem</SourceName>  
      <SourceInstanceId>ProviderManualOverride:1427471513276</SourceInstanceId>  
      <SourceInstanceIdName>SID Name</SourceInstanceIdName>  
      <OverrideType sourceCodeSet="OverrideTypeCodes" sourceCode="LPR">Link Providers</OverrideType>  
      <OtherProvider> 
        <Provider> 
          <SourceName>TestSystem</SourceName>  
          <SourceInstanceId>NPI:1234567</SourceInstanceId> 
        </Provider> 
      </OtherProvider>  
      <ExtendedAttributes> 
        <ExtendedAttribute> 
          <SourceName>TestSystem</SourceName>  
          <SourceInstanceId>ExtendedAttribute:1427471513280</SourceInstanceId>  
          <Name>SampleExtendedAttribute</Name>  
          <Type>string</Type>  
          <Format/>  
          <Value>Sample Value</Value>  
          <SourceCreatedDate format="yyyy-MM-dd hh:mm:ss">2000-01-01 10:12:32</SourceCreatedDate>  
          <SourceCreatedBy>SourceCreatedBy</SourceCreatedBy>  
          <SourceModifiedDate format="yyyy-MM-dd">2013-01-01</SourceModifiedDate>  
          <SourceModifiedBy>SourceModifiedBy</SourceModifiedBy> 
        </ExtendedAttribute> 
      </ExtendedAttributes>  
      <SourceStatusCode sourceName="TestSystem" codeSet="SourceStatusCodes">A</SourceStatusCode>  
      <SourceCreatedDate format="yyyy-MM-dd hh:mm:ss">2000-01-01 10:12:32</SourceCreatedDate>  
      <SourceCreatedBy>UnitTest</SourceCreatedBy>  
      <SourceModifiedDate format="yyyy-MM-dd hh:mm:ss">2000-10-01 11:12:32</SourceModifiedDate>  
      <SourceModifiedBy>UnitTest</SourceModifiedBy> 
    </ProviderManualOverride> 
  </Overrides>  
  <ExtendedAttributes> 
    <ExtendedAttribute> 
      <SourceName>TestSystem</SourceName>  
      <SourceInstanceId>12345</SourceInstanceId>  
      <Name>PatientAgeFrom</Name>  
      <Type>int</Type>  
      <Value>18</Value>  
      <SourceModifiedDate format="yyyy-MM-dd hh:mm:ss">2000-01-01 10:12:32</SourceModifiedDate>  
      <SourceModifiedBy>JSMITH</SourceModifiedBy> 
    </ExtendedAttribute> 
  </ExtendedAttributes>  
  <SourceStatusCode sourceName="TestSystem" codeSet="SourceStatusCodes">A</SourceStatusCode>  
  <SourceCreatedDate format="yyyy-MM-dd hh:mm:ss">2000-01-01 10:12:32</SourceCreatedDate>  
  <SourceCreatedBy>UnitTest</SourceCreatedBy>  
  <SourceModifiedDate format="yyyy-MM-dd hh:mm:ss">2000-10-01 11:12:32</SourceModifiedDate>  
  <SourceModifiedBy>UnitTest</SourceModifiedBy> 
</Provider></OmniInterface>