<?xml version="1.0" encoding="UTF-8"?><OmniInterface><OrganizationMaster xmlns="http://www.ibi.com/2013/OP/Interface" version="1.1.8">  
  <MasterId>TestOrganizationMasterId</MasterId>  
  <MasterChildId>MasterChildId</MasterChildId>  
  <MasterStatus>ACTIVE</MasterStatus>  
  <MasterStatusReason>Record is active.</MasterStatusReason>  
  <MasterStatusCode omniSourceName="Mastering" omniCodeSet="MasterStatusCodes" omniCode="A">Active</MasterStatusCode>  
  <OrganizationType omniSourceName="OMNI" omniCodeSet="0531" omniCode="Insurance">Insurance Company</OrganizationType>  
  <Names> 
    <OrganizationNameMaster> 
      <MasterChildId>MasterChildId</MasterChildId>  
      <MasterStatus>A</MasterStatus>  
      <MasterStatusReason/>  
      <MasterStatusCode omniSourceName="Mastering" omniCodeSet="MasterStatusCodes" omniCode="A">Active</MasterStatusCode>  
      <Type omniSourceName="OMNI" omniCodeSet="0204" omniCode="D">Display Name</Type>  
      <StartDate format="yyyy-MM-dd">1965-02-21</StartDate>  
      <EndDate format="yyyy-MM-dd">2050-01-01</EndDate>  
      <FullName>Medical Supply Company, Inc.</FullName> 
    </OrganizationNameMaster> 
  </Names>  
  <Addresses> 
    <OrganizationAddressMaster> 
      <MasterChildId>MasterChildId</MasterChildId>  
      <MasterStatus>A</MasterStatus>  
      <MasterStatusReason/>  
      <MasterStatusCode omniSourceName="Mastering" omniCodeSet="MasterStatusCodes" omniCode="A">Active</MasterStatusCode>  
      <Type omniSourceName="OMNI" omniCodeSet="0190" omniCode="B">Business Address</Type>  
      <StartDate format="yyyy-MM-dd">2000-01-01</StartDate>  
      <EndDate format="yyyy-MM-dd">2000-01-01</EndDate>  
      <AddressLine1>4000 East Ave</AddressLine1>  
      <AddressLine2>Suite 555</AddressLine2>  
      <AddressLine3>ATTN: Jane Smith</AddressLine3>  
      <AddressLine4>Fragile</AddressLine4>  
      <City>Livonia</City>  
      <StateProvince omniSourceName="OMNI" omniCodeSet="0357" omniCode="NY">New York</StateProvince>  
      <PostalCode>14488</PostalCode>  
      <Country omniSourceName="OMNI" omniCodeSet="0399" omniCode="USA">United States</Country>  
      <CountyRegion omniSourceName="OMNI" omniCodeSet="CountyRegionCodes" omniCode="LIV">Livingston</CountyRegion>  
      <UsageComment>Do not ring bell</UsageComment> 
    </OrganizationAddressMaster> 
  </Addresses>  
  <Identifiers> 
    <OrganizationIdentifierMaster> 
      <MasterChildId>MasterChildId</MasterChildId>  
      <MasterStatus>A</MasterStatus>  
      <MasterStatusReason/>  
      <MasterStatusCode omniSourceName="Mastering" omniCodeSet="MasterStatusCodes" omniCode="A">Active</MasterStatusCode>  
      <Type omniSourceName="OMNI" omniCodeSet="0203" omniCode="CC">Cost Center Number</Type>  
      <StartDate format="yyyy-MM-dd">2000-01-01</StartDate>  
      <EndDate format="yyyy-MM-dd">2000-01-01</EndDate>  
      <Value>12345678</Value>  
      <IssuingAuthority> 
        <OrganizationMaster> 
          <MasterId>IssuingAuthority</MasterId> 
        </OrganizationMaster> 
      </IssuingAuthority>  
      <Comment>Comment about identifier.</Comment> 
    </OrganizationIdentifierMaster> 
  </Identifiers>  
  <ContactMethods> 
    <OrganizationContactMethodMaster> 
      <MasterChildId>MasterChildId</MasterChildId>  
      <MasterStatus>A</MasterStatus>  
      <MasterStatusReason/>  
      <MasterStatusCode omniSourceName="Mastering" omniCodeSet="MasterStatusCodes" omniCode="A">Active</MasterStatusCode>  
      <Type omniSourceName="OMNI" omniCodeSet="0185" omniCode="F"/>  
      <StartDate format="yyyy-MM-dd">2000-01-01</StartDate>  
      <EndDate format="yyyy-MM-dd">2050-01-01</EndDate>  
      <Value>(222) 234-6879 x9808</Value>  
      <UsageComment>No calls after 5pm</UsageComment> 
    </OrganizationContactMethodMaster> 
  </ContactMethods>  
  <Relations> 
    <OrganizationRelationMaster> 
      <MasterChildId>MasterChildId</MasterChildId>  
      <MasterStatus>A</MasterStatus>  
      <MasterStatusReason/>  
      <MasterStatusCode omniSourceName="Mastering" omniCodeSet="MasterStatusCodes" omniCode="A">Active</MasterStatusCode>  
      <Type omniSourceName="OMNI" omniCodeSet="0063" omniCode="Owner">Company Owner</Type>  
      <StartDate format="yyyy-MM-dd">2000-01-01</StartDate>  
      <EndDate format="yyyy-MM-dd">2000-01-01</EndDate>  
      <Relation> 
        <PersonMaster> 
          <MasterChildId>BusinessOwner</MasterChildId> 
        </PersonMaster> 
      </Relation> 
    </OrganizationRelationMaster> 
  </Relations> 
</OrganizationMaster></OmniInterface>