<?xml version="1.0" encoding="UTF-8"?><OmniInterface><OrganizationalUnitMaster xmlns="http://www.ibi.com/2013/OP/Interface" version="1.2.4">  
  <MasterId>MasterId</MasterId>  
  <MasterStatus>A</MasterStatus>  
  <MasterStatusReason/>  
  <MasterStatusCode omniSourceName="Mastering" omniCodeSet="MasterStatusCodes" omniCode="A">Active</MasterStatusCode>  
  <Organization> 
    <OrganizationMaster> 
      <MasterId>OrganizationMasterId</MasterId> 
    </OrganizationMaster> 
  </Organization>  
  <Type omniSourceName="OMNI" omniCodeSet="OrganizationalUnitTypeCodes" omniCode="div">Division</Type>  
  <Name>Cardiology</Name>  
  <ParentUnit> 
    <OrganizationalUnitMaster> 
      <MasterId>ParentOrganizationalUnitId</MasterId> 
    </OrganizationalUnitMaster> 
  </ParentUnit>  
  <Addresses> 
    <OrganizationalUnitAddressMaster> 
      <MasterChildId>MasterChildId</MasterChildId>  
      <MasterStatus>A</MasterStatus>  
      <MasterStatusReason/>  
      <MasterStatusCode omniSourceName="Mastering" omniCodeSet="MasterStatusCodes" omniCode="A">Active</MasterStatusCode>  
      <Type omniSourceName="OMNI" omniCodeSet="AddressTypeCodes" omniCode="P">Primary Address</Type>  
      <StartDate format="yyyy-MM-dd">2000-01-01</StartDate>  
      <EndDate format="yyyy-MM-dd">2000-01-01</EndDate>  
      <PreferenceOrder>1</PreferenceOrder>  
      <AddressLine1>4000 East Ave</AddressLine1>  
      <AddressLine2>Suite 555</AddressLine2>  
      <AddressLine3>ATTN: Jane Smith</AddressLine3>  
      <AddressLine4>Fragile</AddressLine4>  
      <City>Livonia</City>  
      <StateProvince omniSourceName="OMNI" omniCodeSet="0347" omniCode="US-NY">New York</StateProvince>  
      <PostalCode>14488</PostalCode>  
      <Country omniSourceName="OMNI" omniCodeSet="0399" omniCode="USA">United States</Country>  
      <CountyRegion omniSourceName="OMNI" omniCodeSet="0289" omniCode="39001">Adams</CountyRegion>  
      <UsageComment>Do not ring bell</UsageComment> 
    </OrganizationalUnitAddressMaster> 
  </Addresses>  
  <Identifiers> 
    <OrganizationalUnitIdentifierMaster> 
      <MasterChildId>MasterChildId</MasterChildId>  
      <MasterStatus>A</MasterStatus>  
      <MasterStatusReason/>  
      <MasterStatusCode omniSourceName="Mastering" omniCodeSet="MasterStatusCodes" omniCode="A">Active</MasterStatusCode>  
      <Type omniSourceName="OMNI" omniCodeSet="IdentifierCodes" omniCode="B">Block Number</Type>  
      <StartDate format="yyyy-MM-dd">2000-01-01</StartDate>  
      <EndDate format="yyyy-MM-dd">2000-01-01</EndDate>  
      <Value>12345678</Value>  
      <IssuingAuthority> 
        <OrganizationMaster> 
          <MasterId>IssuingAuthorityMasterId</MasterId> 
        </OrganizationMaster> 
      </IssuingAuthority>  
      <Comment>Comment about identifier.</Comment> 
    </OrganizationalUnitIdentifierMaster> 
  </Identifiers>  
  <ContactMethods> 
    <OrganizationalUnitContactMethodMaster> 
      <MasterChildId>MasterChildId</MasterChildId>  
      <MasterStatus>A</MasterStatus>  
      <MasterStatusReason/>  
      <MasterStatusCode omniSourceName="Mastering" omniCodeSet="MasterStatusCodes" omniCode="A">Active</MasterStatusCode>  
      <Type omniSourceName="OMNI" omniCodeSet="0185" omniCode="F"/>  
      <StartDate format="yyyy-MM-dd">2000-01-01</StartDate>  
      <EndDate format="yyyy-MM-dd">2050-01-01</EndDate>  
      <Value>(222) 234-6879</Value>  
      <UsageComment>No calls after 5pm</UsageComment> 
    </OrganizationalUnitContactMethodMaster> 
  </ContactMethods>  
  <Relations> 
    <OrganizationalUnitRelationMaster> 
      <MasterChildId>MasterChildId</MasterChildId>  
      <MasterStatus>A</MasterStatus>  
      <MasterStatusReason/>  
      <MasterStatusCode omniSourceName="Mastering" omniCodeSet="MasterStatusCodes" omniCode="A">Active</MasterStatusCode>  
      <Type omniSourceName="OMNI" omniCodeSet="FacilityRelationCodes" omniCode="O">Owner</Type>  
      <StartDate format="yyyy-MM-dd">2000-01-01</StartDate>  
      <EndDate format="yyyy-MM-dd">2000-01-01</EndDate>  
      <Relation> 
        <PersonMaster> 
          <MasterChildId>RelatedPersonMasterChildId</MasterChildId> 
        </PersonMaster> 
      </Relation> 
    </OrganizationalUnitRelationMaster> 
  </Relations> 
</OrganizationalUnitMaster></OmniInterface>