<?xml version="1.0" encoding="UTF-8"?><OmniInterface><PersonMaster xmlns="http://www.ibi.com/2013/OP/Interface" version="1.1.8">  
  <MasterChildId>MasterChildId</MasterChildId>  
  <MasterStatus>A</MasterStatus>  
  <MasterStatusReason/>  
  <MasterStatusCode omniSourceName="Mastering" omniCodeSet="MasterStatusCodes" omniCode="A">Active</MasterStatusCode>  
  <Publicity omniSourceName="OMNI" omniCodeSet="0215" omniCode="N">No Publicity</Publicity>  
  <Protection omniSourceName="OMNI" omniCodeSet="0618" omniCode="UL">Unlisted</Protection>  
  <Gender omniSourceName="OMNI" omniCodeSet="0001" omniCode="F">Female</Gender>  
  <MaritalStatus omniSourceName="OMNI" omniCodeSet="0002" omniCode="D">Divorced</MaritalStatus>  
  <Language omniSourceName="OMNI" omniCodeSet="0296" omniCode="ENG">English</Language>  
  <CareLanguage omniSourceName="OMNI" omniCodeSet="0296" omniCode="S">Spanish</CareLanguage>  
  <WrittenLanguage omniSourceName="OMNI" omniCodeSet="0296" omniCode="E">English</WrittenLanguage>  
  <EnglishFluency omniSourceName="OMNI" omniCodeSet="0136" omniCode="Y">Yes</EnglishFluency>  
  <InterpreterRequired omniSourceName="OMNI" omniCodeSet="0136" omniCode="Y">Yes</InterpreterRequired>  
  <Citizenship omniSourceName="OMNI" omniCodeSet="0399" omniCode="USA">United States of America</Citizenship>  
  <EthnicGroup omniSourceName="OMNI" omniCodeSet="0189" omniCode="H">Hispanic</EthnicGroup>  
  <Race omniSourceName="OMNI" omniCodeSet="0005" omniCode="WH">White</Race>  
  <Religion omniSourceName="OMNI" omniCodeSet="0006" omniCode="AB">American Baptist</Religion>  
  <PlaceOfWorship>United Church of Christ, Sunnyvale</PlaceOfWorship>  
  <MotherMaidenName>Steele</MotherMaidenName>  
  <DateOfBirth format="yyyy-MM-dd">1965-02-21</DateOfBirth>  
  <Deceased omniSourceName="OMNI" omniCodeSet="YesNoCodes" omniCode="N">No</Deceased>  
  <DateOfDeath format="yyyy-MM-dd">2050-02-21</DateOfDeath>  
  <CauseOfDeath>Currently alive and well.</CauseOfDeath>  
  <Handicap omniSourceName="OMNI" omniCodeSet="0295" omniCode="DV">Decreased Vision</Handicap>  
  <HearingImpaired omniSourceName="OMNI" omniCodeSet="0136" omniCode="N">No</HearingImpaired>  
  <VisuallyImpaired omniSourceName="OMNI" omniCodeSet="0136" omniCode="Y">Yes</VisuallyImpaired>  
  <Blind omniSourceName="OMNI" omniCodeSet="0136" omniCode="N">No</Blind>  
  <Deaf omniSourceName="OMNI" omniCodeSet="0136" omniCode="N">No</Deaf>  
  <AmbulatoryStatus omniSourceName="OMNI" omniCodeSet="0009" omniCode="A5">Vision Impaired</AmbulatoryStatus>  
  <Military> 
    <VeteranStatus omniSourceName="OMNI" omniCodeSet="0172" omniCode="Reserves">Reserves</VeteranStatus>  
    <Branch omniSourceName="OMNI" omniCodeSet="0140" omniCode="Army">United States Army</Branch>  
    <Category omniSourceName="OMNI" omniCodeSet="????" omniCode="A14">A14</Category>  
    <Component omniSourceName="OMNI" omniCodeSet="????" omniCode="AR">Army Reserve</Component>  
    <PayGrade>E-7</PayGrade>  
    <Rank omniSourceName="OMNI" omniCodeSet="0141" omniCode="E7">Enlisted Level 7</Rank>  
    <UnitId>platoon</UnitId> 
  </Military>  
  <Names> 
    <PersonNameMaster> 
      <MasterChildId>MasterChildId</MasterChildId>  
      <MasterStatus>A</MasterStatus>  
      <MasterStatusReason/>  
      <MasterStatusCode omniSourceName="Mastering" omniCodeSet="MasterStatusCodes" omniCode="A">Active</MasterStatusCode>  
      <Type omniSourceName="OMNI" omniCodeSet="0200" omniCode="L">Legal Name</Type>  
      <StartDate format="yyyy-MM-dd">1965-02-21</StartDate>  
      <EndDate format="yyyy-MM-dd">2050-01-01</EndDate>  
      <FullName>Jane E. Smith</FullName>  
      <Prefix>Ms</Prefix>  
      <FirstName>Jane</FirstName>  
      <LastName>Smith</LastName>  
      <MiddleName>E</MiddleName>  
      <Suffix>III</Suffix>  
      <Degree>Dr</Degree>  
      <Title>Senior Specialist</Title> 
    </PersonNameMaster> 
  </Names>  
  <Addresses> 
    <PersonAddressMaster> 
      <MasterChildId>MasterChildId</MasterChildId>  
      <MasterStatus>A</MasterStatus>  
      <MasterStatusReason/>  
      <MasterStatusCode omniSourceName="Mastering" omniCodeSet="MasterStatusCodes" omniCode="A">Active</MasterStatusCode>  
      <Type omniSourceName="OMNI" omniCodeSet="0190" omniCode="H">Home Address</Type>  
      <StartDate format="yyyy-MM-dd">2000-01-01</StartDate>  
      <EndDate format="yyyy-MM-dd">2000-01-01</EndDate>  
      <PreferenceOrder>1</PreferenceOrder>  
      <AddressLine1>4000 East Ave</AddressLine1>  
      <AddressLine2>Suite 555</AddressLine2>  
      <AddressLine3>ATTN: Jane Smith</AddressLine3>  
      <AddressLine4>Fragile</AddressLine4>  
      <City>Livonia</City>  
      <StateProvince omniSourceName="OMNI" omniCodeSet="0347" omniCode="NY">New York</StateProvince>  
      <PostalCode>14488</PostalCode>  
      <Country omniSourceName="OMNI" omniCodeSet="0399" omniCode="USA">United States</Country>  
      <CountyRegion omniSourceName="OMNI" omniCodeSet="0289" omniCode="LIV">Livingston</CountyRegion>  
      <UsageComment>Do not ring bell</UsageComment> 
    </PersonAddressMaster> 
  </Addresses>  
  <Identifiers> 
    <PersonIdentifierMaster> 
      <MasterChildId>MasterChildId</MasterChildId>  
      <MasterStatus>A</MasterStatus>  
      <MasterStatusReason/>  
      <MasterStatusCode omniSourceName="Mastering" omniCodeSet="MasterStatusCodes" omniCode="A">Active</MasterStatusCode>  
      <Type omniSourceName="OMNI" omniCodeSet="0203" omniCode="MRN">Medical Record Number</Type>  
      <StartDate format="yyyy-MM-dd">2000-01-01</StartDate>  
      <EndDate format="yyyy-MM-dd">2000-01-01</EndDate>  
      <Value>12345678</Value>  
      <IssuingAuthority> 
        <OrganizationMaster> 
          <MasterChildId>IssuingAuthorityMasterId</MasterChildId> 
        </OrganizationMaster> 
      </IssuingAuthority>  
      <Comment>Comment about identifier.</Comment> 
    </PersonIdentifierMaster> 
  </Identifiers>  
  <ContactMethods> 
    <PersonContactMethodMaster> 
      <MasterChildId>MasterChildId</MasterChildId>  
      <MasterStatus>A</MasterStatus>  
      <MasterStatusReason/>  
      <MasterStatusCode omniSourceName="Mastering" omniCodeSet="MasterStatusCodes" omniCode="A">Active</MasterStatusCode>  
      <Type omniSourceName="OMNI" omniCodeSet="0185" omniCode="H">Home Phone Number</Type>  
      <StartDate format="yyyy-MM-dd">2000-01-01</StartDate>  
      <EndDate format="yyyy-MM-dd">2050-01-01</EndDate>  
      <PreferenceOrder>1</PreferenceOrder>  
      <Protection omniSourceName="OMNI" omniCodeSet="0618" omniCode="UP">Unpublished</Protection>  
      <Value>(222) 234-6879 x9808</Value>  
      <UsageComment>No calls after 5pm</UsageComment> 
    </PersonContactMethodMaster> 
  </ContactMethods>  
  <Relations> 
    <PersonRelationMaster> 
      <MasterChildId>MasterChildId</MasterChildId>  
      <MasterStatus>A</MasterStatus>  
      <MasterStatusReason/>  
      <MasterStatusCode omniSourceName="Mastering" omniCodeSet="MasterStatusCodes" omniCode="A">Active</MasterStatusCode>  
      <Type omniSourceName="OMNI" omniCodeSet="0063" omniCode="SPO">Spouse</Type>  
      <StartDate format="yyyy-MM-dd">2000-01-01</StartDate>  
      <EndDate format="yyyy-MM-dd">2000-01-01</EndDate>  
      <Relation> 
        <PersonMaster> 
          <MasterChildId>RelatedSpouseMasterId</MasterChildId> 
        </PersonMaster> 
      </Relation> 
    </PersonRelationMaster> 
  </Relations> 
</PersonMaster></OmniInterface>